graph_id,label
0,"414.58667,132.44652,523.0295,-1,-1,-1,-1"
1,"515.4265,593.9282,1849.7628,-1,-1,-1,-1"
2,"229.97511,430.65665,706.48816,-1,-1,-1,-1"
3,"429.52533,293.2024,3340.236,-1,-1,-1,-1"
4,"279.46613,279.59323,216.98906,-1,-1,-1,-1"
5,"779.7082,405.55734,156.31187,-1,-1,-1,-1"
6,"230.77795,886.3135,273.04895,-1,-1,-1,-1"
7,"447.5608,674.48883,350.94153,-1,-1,-1,-1"
8,"811.4056,291.63162,601.6056,-1,-1,-1,-1"
9,"1357.6449,566.485,478.75992,-1,-1,-1,-1"
10,"304.13275,241.04163,3529.957,-1,-1,-1,-1"
11,"140.55025,359.11746,367.49185,-1,-1,-1,-1"
12,"686.13745,11372.319,518.3971,-1,-1,-1,-1"
13,"222.8708,363.16287,145.64476,-1,-1,-1,-1"
14,"232.53363,1442.9946,147.53497,-1,-1,-1,-1"
15,"1981.643,416.87213,527.867,-1,-1,-1,-1"
16,"184.95937,166.8375,108.151115,-1,-1,-1,-1"
17,"1964.5902,680.57385,748.14154,-1,-1,-1,-1"
18,"1862.7118,3825.712,256.9862,-1,-1,-1,-1"
19,"349.1106,793.4714,1251.9031,-1,-1,-1,-1"
20,"2988.0256,152.64494,797.3949,-1,-1,-1,-1"
21,"884.69556,539.3243,541.7889,-1,-1,-1,-1"
22,"1256.9438,666.5601,1566.376,-1,-1,-1,-1"
23,"1353.6517,1823.7012,287.18784,-1,-1,-1,-1"
24,"2529.9937,259.78632,424.01816,-1,-1,-1,-1"
25,"198.60408,1606.9999,419.01923,-1,-1,-1,-1"
26,"812.2248,818.60974,182.55104,-1,-1,-1,-1"
27,"508.82013,3595.581,66.649574,-1,-1,-1,-1"
28,"952.82263,1545.1993,360.96173,-1,-1,-1,-1"
29,"2892.0444,1151.8165,1197.9745,-1,-1,-1,-1"
30,"141.5528,811.6677,300.34042,-1,-1,-1,-1"
31,"1092.7482,130.78545,1397.18,-1,-1,-1,-1"
32,"118.50198,602.0324,246.66225,-1,-1,-1,-1"
33,"239.04272,3163.2092,447.8798,-1,-1,-1,-1"
34,"362.13336,821.03723,229.18097,-1,-1,-1,-1"
35,"321.6178,227.53638,156.45021,-1,-1,-1,-1"
36,"1184.4983,699.1174,195.58707,-1,-1,-1,-1"
37,"5338.6885,292.4229,1334.6406,-1,-1,-1,-1"
38,"289.45172,2561.403,381.08362,-1,-1,-1,-1"
39,"127-1.0846,4252.5415,177.83624,-1,-1,-1,-1"
40,"771.49115,792.1525,1739.358,-1,-1,-1,-1"
41,"1911.9152,534.52216,542.2931,-1,-1,-1,-1"
42,"1558.6696,242.91267,728.2872,-1,-1,-1,-1"
43,"200.29822,424.02145,456.44943,-1,-1,-1,-1"
44,"118.22606,486.9993,285.59042,-1,-1,-1,-1"
45,"861.85815,753.8528,1173.0018,-1,-1,-1,-1"
46,"7203.7656,803.1446,2797.6523,-1,-1,-1,-1"
47,"429.18008,933.5921,73.08929,-1,-1,-1,-1"
48,"625.13586,165.14772,174.19044,-1,-1,-1,-1"
49,"1615.6063,222.28885,188.16356,-1,-1,-1,-1"
50,"219.34564,400.83752,6452.0728,-1,-1,-1,-1"
51,"4361.3506,298.2286,4444.1816,-1,-1,-1,-1"
52,"194.71983,1152.5238,253.72108,-1,-1,-1,-1"
53,"1081.1547,236.55588,872.04144,-1,-1,-1,-1"
54,"2255.3186,1333.3604,1177.847,-1,-1,-1,-1"
55,"701.8003,122.7272,212.09085,-1,-1,-1,-1"
56,"1568.6873,59.696114,448.95276,-1,-1,-1,-1"
57,"276.1656,659.7386,961.8885,-1,-1,-1,-1"
58,"346.64346,443.43475,425.20526,-1,-1,-1,-1"
59,"1560.4169,351.4382,116.45951,-1,-1,-1,-1"
60,"117.08853,1808.1808,1640.9332,-1,-1,-1,-1"
61,"1652.6157,149.13298,507.1614,-1,-1,-1,-1"
62,"831.1671,717.9566,505.0825,-1,-1,-1,-1"
63,"1158.1626,421.8851,157.56888,-1,-1,-1,-1"
64,"318.9611,152.77426,320.54315,-1,-1,-1,-1"
65,"521.079,481.35553,635.4229,-1,-1,-1,-1"
66,"473.2519,94.37461,1195.231,-1,-1,-1,-1"
67,"2186.657,431.33105,87.61555,-1,-1,-1,-1"
68,"1566.1948,1019.1284,200.33907,-1,-1,-1,-1"
69,"64.93459,258.40982,674.65875,-1,-1,-1,-1"
70,"671.6557,710.7981,507.10425,-1,-1,-1,-1"
71,"1608.2324,399.4193,385.00012,-1,-1,-1,-1"
72,"423.30817,500.87503,445.58563,-1,-1,-1,-1"
73,"726.55896,310.19614,1140.4692,-1,-1,-1,-1"
74,"4563.3906,568.0348,292.36346,-1,-1,-1,-1"
75,"1497.394,839.60846,532.7939,-1,-1,-1,-1"
76,"1032.9077,307.72897,280.96555,-1,-1,-1,-1"
77,"2063.832,429.55515,685.1686,-1,-1,-1,-1"
78,"33-1.00116,480.70636,442.5171,-1,-1,-1,-1"
79,"132.66965,2843.09,383.04486,-1,-1,-1,-1"
80,"1080.3131,325.1235,123.38321,-1,-1,-1,-1"
81,"91.05808,849.5026,178.59618,-1,-1,-1,-1"
82,"1035.6035,703.39777,106.39935,-1,-1,-1,-1"
83,"1475.8113,782.6958,790.1045,-1,-1,-1,-1"
84,"1101.044,134.50777,1199.8159,-1,-1,-1,-1"
85,"715.8671,299.68814,1021.52924,-1,-1,-1,-1"
86,"770.69574,417.70193,561.1404,-1,-1,-1,-1"
87,"1446.4879,435.7586,460.99002,-1,-1,-1,-1"
88,"4397.3877,312.1854,240.915,-1,-1,-1,-1"
89,"410.30014,796.9212,354.09296,-1,-1,-1,-1"
90,"119.86477,3131.4058,508.1036,-1,-1,-1,-1"
91,"1516.6987,622.70435,490.93,-1,-1,-1,-1"
92,"274.5407,896.1828,383.2345,-1,-1,-1,-1"
93,"1388.1578,779.6633,63.544716,-1,-1,-1,-1"
94,"462.61316,1217.0955,761.0569,-1,-1,-1,-1"
95,"1335.8911,658.4583,162.58432,-1,-1,-1,-1"
96,"2159.1284,408.63297,602.869,-1,-1,-1,-1"
97,"392.5319,238.3068,1643.6661,-1,-1,-1,-1"
98,"1917.3319,234.88661,235.79979,-1,-1,-1,-1"
99,"3758.3203,454.25235,629.71515,-1,-1,-1,-1"
100,"165.75229,304.57373,327.567,402.64886,-1,-1,-1"
101,"585.9732,379.99142,344.05008,1418.4711,-1,-1,-1"
102,"1873.6656,884.6089,609.68097,218.82191,-1,-1,-1"
103,"366.06308,661.68396,390.50604,282.6334,-1,-1,-1"
104,"1819.9838,126.07531,82.63576,227.59245,-1,-1,-1"
105,"609.9458,651.97284,575.89124,517.8198,-1,-1,-1"
106,"832.3526,763.3024,494.44345,192.29305,-1,-1,-1"
107,"733.17535,192.4146,112.796646,761.19073,-1,-1,-1"
108,"807.5791,923.2777,3619.9465,539.4287,-1,-1,-1"
109,"2057.414,60.253674,543.8665,728.94476,-1,-1,-1"
110,"934.10535,1895.4756,2179.1274,418.69437,-1,-1,-1"
111,"1035.0256,317.8076,378.8097,248.11858,-1,-1,-1"
112,"1219.5106,381.35168,145.20424,290.37912,-1,-1,-1"
113,"115.70613,693.9438,2848.5454,1567.5732,-1,-1,-1"
114,"10584.612,357.2454,58.248703,638.2686,-1,-1,-1"
115,"914.09827,864.1234,328.54532,364.28598,-1,-1,-1"
116,"261.67148,341.73923,861.40533,331.05344,-1,-1,-1"
117,"2231.295,443.22226,318.5848,100.13367,-1,-1,-1"
118,"86.420364,158.16142,762.54767,181.8299,-1,-1,-1"
119,"214.82118,233.92506,6048.4897,391.41635,-1,-1,-1"
120,"186.84615,284.4272,1695.9513,711.4175,-1,-1,-1"
121,"1217.5371,2185.4912,2876.3516,597.4497,-1,-1,-1"
122,"754.8829,274.30307,432.8036,167.83269,-1,-1,-1"
123,"365.94485,992.21484,119.403984,432.2601,-1,-1,-1"
124,"1931.3369,607.8641,672.1994,262.13925,-1,-1,-1"
125,"174.88617,3601.3823,469.866,637.41815,-1,-1,-1"
126,"455.86072,119.32235,785.7313,2232.4612,-1,-1,-1"
127,"959.87994,1216.8997,55.638264,407.3824,-1,-1,-1"
128,"1093.6881,496.69778,528.3698,140.68599,-1,-1,-1"
129,"5496.9097,439.23135,320.4102,1008.12714,-1,-1,-1"
130,"1807.739,777.24896,415.02817,458.14133,-1,-1,-1"
131,"3579.5708,2127.437,734.30194,329.27457,-1,-1,-1"
132,"1735.9148,334.50632,1317.8293,2655.7634,-1,-1,-1"
133,"1960.9443,5017.7095,325.76498,2081.2556,-1,-1,-1"
134,"1510.7192,104.465744,362.70822,364.28882,-1,-1,-1"
135,"92.76632,282.256,368.5258,376.4938,-1,-1,-1"
136,"11041.094,713.16046,272.76398,251.36018,-1,-1,-1"
137,"1178.8899,1062.2855,330.81656,4434.666,-1,-1,-1"
138,"439.7593,1944.5223,244.53276,1538.5098,-1,-1,-1"
139,"680.20795,954.7151,404.11768,107.266655,-1,-1,-1"
140,"1148.9664,545.1795,1160.878,2645.1025,-1,-1,-1"
141,"378.36856,1375.3677,994.30884,4911.9067,-1,-1,-1"
142,"217.41405,4392.7876,217.61053,911.0177,-1,-1,-1"
143,"374.93686,90.4928,724.68976,164.46916,-1,-1,-1"
144,"325.6421,299.35004,448.36716,375.03653,-1,-1,-1"
145,"1175.8584,175.00984,2689.8706,798.5482,-1,-1,-1"
146,"727.68427,574.9471,592.5806,133.43074,-1,-1,-1"
147,"1065.8904,572.82605,742.3023,194.93086,-1,-1,-1"
148,"2356.155,844.52563,65.05353,498.89005,-1,-1,-1"
149,"626.53925,560.3991,552.40814,414.20895,-1,-1,-1"
150,"228.0692,1296.889,87.35464,360.55984,-1,-1,-1"
151,"411.08774,1454.5824,285.3309,1397.8456,-1,-1,-1"
152,"3743.9082,316.5875,117.421005,554.8072,-1,-1,-1"
153,"2339.2737,287.17572,262.57047,330.67813,-1,-1,-1"
154,"474.083,278.43552,122.71862,3641.4492,-1,-1,-1"
155,"242.80869,270.4861,2789.7373,1688.7069,-1,-1,-1"
156,"1238.2347,4741.2505,715.93225,489.8023,-1,-1,-1"
157,"619.09454,395.28,315.14236,991.9743,-1,-1,-1"
158,"3591.825,537.6158,270.3315,2916.3936,-1,-1,-1"
159,"510.334,894.39154,975.33606,704.7299,-1,-1,-1"
160,"1617.7328,446.93155,157.86156,372.17322,-1,-1,-1"
161,"781.5529,346.27292,752.4836,332.97562,-1,-1,-1"
162,"3368.6733,613.64514,81.85673,107.072296,-1,-1,-1"
163,"1137.2885,458.31735,234.55983,281.68497,-1,-1,-1"
164,"1132.639,73.94266,784.2941,1474.3634,-1,-1,-1"
165,"2394.191,249.1007,845.36835,570.41595,-1,-1,-1"
166,"741.52136,543.53125,836.5638,507.05753,-1,-1,-1"
167,"653.5772,184.65477,382.31927,108.71376,-1,-1,-1"
168,"594.35474,588.68243,874.3446,3027.31,-1,-1,-1"
169,"1199.1237,2035.6765,1147.576,246.3562,-1,-1,-1"
170,"710.42413,95.54587,332.6048,234.63937,-1,-1,-1"
171,"328.04532,435.26328,1766.9221,1194.013,-1,-1,-1"
172,"750.52515,454.3363,507.1185,1524.7858,-1,-1,-1"
173,"422.4474,1581.923,564.4058,788.40436,-1,-1,-1"
174,"951.2093,617.572,1141.9288,368.63486,-1,-1,-1"
175,"99.271736,293.89774,469.5593,371.05984,-1,-1,-1"
176,"497.43228,583.81976,1494.5583,467.5336,-1,-1,-1"
177,"774.50397,949.039,154.76817,235-1.0854,-1,-1,-1"
178,"105-1.0206,1888.8717,903.668,627.89154,-1,-1,-1"
179,"356.1567,467.40717,162.41237,2839.5583,-1,-1,-1"
180,"407.52798,192.55746,300.6529,413.5137,-1,-1,-1"
181,"1420.2118,157.91095,128.6877,1162.7036,-1,-1,-1"
182,"796.0949,3284.814,324.9736,723.8085,-1,-1,-1"
183,"275.0651,891.184,1965.9484,330.8937,-1,-1,-1"
184,"2836.6436,1919.6671,407.15836,421.7634,-1,-1,-1"
185,"471.72507,2793.1572,207.90283,425.62198,-1,-1,-1"
186,"976.8859,250.89159,1105.4999,1901.8241,-1,-1,-1"
187,"434.9326,1846.3514,413.56564,539.15265,-1,-1,-1"
188,"264.1719,599.21356,191.54204,164.03398,-1,-1,-1"
189,"1065.851,61.19886,80.897484,380.91898,-1,-1,-1"
190,"570.1912,688.00397,1668.6345,45-1.03445,-1,-1,-1"
191,"362.4458,65.66844,574.17377,121.25295,-1,-1,-1"
192,"187.66844,2779.0444,291.5383,543.8852,-1,-1,-1"
193,"103.32546,839.10706,2424.4348,606.3529,-1,-1,-1"
194,"342.49323,273.16226,687.6009,323.179,-1,-1,-1"
195,"1098.9491,267.84567,348.7227,593.68414,-1,-1,-1"
196,"734.4319,1317.7296,2223.5996,321.7362,-1,-1,-1"
197,"1455.712,1119.3492,189.18523,203.52184,-1,-1,-1"
198,"1008.23694,234.90353,365.68896,1962.1667,-1,-1,-1"
199,"4350.435,186.93398,245.18199,684.0494,-1,-1,-1"
200,"5698.235,1452.7128,284.28268,259.76016,230.68034,-1,-1"
201,"1323.7122,155.68324,1352.7223,482.05258,488.68353,-1,-1"
202,"412.90283,277.0647,93.679756,62.259777,185.04515,-1,-1"
203,"3555.4556,460.24133,1480.8925,112.37535,365.55435,-1,-1"
204,"4570.518,160.87303,1436.5695,718.2659,69.66847,-1,-1"
205,"1829.9668,169.50056,94.5108,382.94757,600.7427,-1,-1"
206,"1131.027,108.29997,1230.6578,268.34244,383.3424,-1,-1"
207,"417.541,387.4341,640.6547,485.09915,435.59955,-1,-1"
208,"586.25275,204.17793,379.21313,524.0367,637.63043,-1,-1"
209,"779.98615,334.834,1158.7164,6-1.09934,101.02959,-1,-1"
210,"7340.857,212.37361,249.07542,297.36813,110.952385,-1,-1"
211,"1097.4253,549.26245,1469.6746,207.25253,25-1.05531,-1,-1"
212,"5753.5073,250.34874,448.1819,374.1488,175.33167,-1,-1"
213,"542.4754,1210.8478,273.56866,375.7202,496.58322,-1,-1"
214,"161.23643,88.27501,76.948074,547.1816,590.6547,-1,-1"
215,"3131.168,237.69931,389.00684,368.18777,505.8907,-1,-1"
216,"337.0898,442.7336,7201.5747,1107.8553,230.2301,-1,-1"
217,"453.06076,1325.3507,487.9369,716.49585,490.5253,-1,-1"
218,"356.1035,2238.5356,650.95917,59.71214,159.8375,-1,-1"
219,"639.7563,771.9556,530.367,394.4249,438.77853,-1,-1"
220,"701.8694,282.44528,519.1571,1165.161,1525.9132,-1,-1"
221,"3406.785,491.69562,664.07434,2183.521,1187.0427,-1,-1"
222,"583.6147,591.9732,201.69853,194.81047,59-1.0773,-1,-1"
223,"139.79805,1297.8466,207.40796,5575.822,81.03767,-1,-1"
224,"231.0641,523.3271,493.35614,2565.01,589.7542,-1,-1"
225,"314.8738,667.88824,118.81351,312.90073,855.9673,-1,-1"
226,"832.8818,187.34306,182.25504,1126.9966,33-1.00107,-1,-1"
227,"967.13165,949.3234,158.86537,4472.2925,377.2076,-1,-1"
228,"2543.9482,385.26373,1190.7146,1831.1619,73.77535,-1,-1"
229,"425.37485,743.3693,953.0684,80.17784,397.26862,-1,-1"
230,"2988.3486,284.2,2005.9694,201.0309,938.45,-1,-1"
231,"178.48734,452.55005,2053.6714,182.39108,273.27118,-1,-1"
232,"667.88666,637.28937,266.40405,154.14885,614.38153,-1,-1"
233,"1266.6727,582.50934,100.66238,227.77293,65-1.01105,-1,-1"
234,"552.518,398.09637,4141.345,384.79742,588.7186,-1,-1"
235,"1137.5334,364.91385,484.10947,402.22617,2111.9797,-1,-1"
236,"22-1.05965,622.63995,950.9934,641.54584,372.508,-1,-1"
237,"1739.6992,523.6877,4501.4688,346.69348,176.65445,-1,-1"
238,"608.07794,730.85114,2836.7507,353.58353,524.28735,-1,-1"
239,"125.51924,1751.504,423.23892,101.73819,455.04916,-1,-1"
240,"288.88315,224.81209,807.9301,793.2293,2037.6248,-1,-1"
241,"1127.7758,138.20871,314.5519,1033.5804,3368.4387,-1,-1"
242,"752.9691,1029.671,1111.3226,1426.0342,4354.994,-1,-1"
243,"381.5174,487.13257,1687.1339,440.49585,570.6712,-1,-1"
244,"2058.975,1001.5652,1530.9686,891.8414,207.91986,-1,-1"
245,"1516.4515,2236.9568,99.949036,215.99944,434.68558,-1,-1"
246,"235.65427,1494.8136,603.36816,219.16751,754.4183,-1,-1"
247,"389.70755,102.7506,471.17154,646.98676,153.94595,-1,-1"
248,"3038.913,580.4082,571.8414,368.4174,149.7228,-1,-1"
249,"699.3339,117.43056,184.58498,2258.4155,3371.8884,-1,-1"
250,"5601.327,305.8475,510.29483,590.5483,275.7459,-1,-1"
251,"288.84097,191.98787,338.31073,570.27386,232.50005,-1,-1"
252,"69.898254,604.9854,552.17523,211.51027,1553.6292,-1,-1"
253,"1263.6649,111.969894,5193.2056,838.236,686.84937,-1,-1"
254,"2142.3594,871.3263,706.90753,2910.1567,338.1954,-1,-1"
255,"266.63367,2156.4111,438.78183,738.8077,914.84216,-1,-1"
256,"107.19968,342.0663,192.70027,2462.4473,285.30267,-1,-1"
257,"373.507,1895.8359,2500.2031,1486.5621,999.3131,-1,-1"
258,"611.99945,499.3263,335.88565,209-1.0093,1454.3096,-1,-1"
259,"1061.5527,2027.8857,1090.5953,360.40924,396.5284,-1,-1"
260,"454.7427,997.5046,132.71953,521.46844,186.6565,-1,-1"
261,"478.0091,606.21643,101.73482,211.5806,148.34364,-1,-1"
262,"401.89493,624.97784,446.67358,129.10002,335.57245,-1,-1"
263,"1408.3868,850.3869,2170.229,126.24674,309.88928,-1,-1"
264,"756.12775,1724.2446,1155.3695,1173.426,83.543045,-1,-1"
265,"2734.1252,718.6187,679.6625,837.0992,157.47809,-1,-1"
266,"4373.5,224.80057,89.71782,115.11064,207.04001,-1,-1"
267,"201.74232,1043.4694,602.9932,1030.1476,382.205,-1,-1"
268,"350.60654,9015.59,501.1036,5744.024,264.00467,-1,-1"
269,"338.3751,298.44614,1799.7848,160.20734,287.49625,-1,-1"
270,"375.7391,948.02216,56.07493,1474.0822,368.00308,-1,-1"
271,"767.1509,1509.5046,491.8635,95.07368,647.9191,-1,-1"
272,"302.56467,326.9081,1088.7787,379.88766,998.5962,-1,-1"
273,"342.4847,326.25592,4814.72,313.11508,307.28735,-1,-1"
274,"233.07489,247.98712,627.8095,236.33986,928.5914,-1,-1"
275,"983.9906,1065.028,1063.7277,263.9496,260.67947,-1,-1"
276,"279.74167,971.4827,379.26016,527.83496,567.3766,-1,-1"
277,"798.3436,1085.7179,391.89822,451.71994,303.43222,-1,-1"
278,"596.8753,6134.3687,875.9398,730.15436,405.003,-1,-1"
279,"346.8745,1058.899,4568.439,128.36998,588.963,-1,-1"
280,"893.0977,123.595894,120.32998,542.46106,187.27975,-1,-1"
281,"483.69623,266.4746,656.10126,815.3099,440.75885,-1,-1"
282,"2336.401,1266.0688,60.720234,2369.9062,1159.2429,-1,-1"
283,"752.5576,1685.6697,483.98007,170.1197,317.53818,-1,-1"
284,"1469.9532,296.78287,1788.1266,1121.233,199.27861,-1,-1"
285,"1506.0969,163.70198,327.96896,4626.0356,160.12192,-1,-1"
286,"1291.7096,296.83005,82.75516,563.2065,198.78397,-1,-1"
287,"1275.3868,262.90106,163.58348,339.57687,72.02157,-1,-1"
288,"514.6344,62.102962,530.40283,121.909164,258.90915,-1,-1"
289,"688.6448,1543.1561,628.8193,287.5648,540.50433,-1,-1"
290,"1406.8424,80.16266,3837.8489,615.74976,270.7282,-1,-1"
291,"353.7738,143.342,118.304855,1894.6432,980.43066,-1,-1"
292,"825.33466,270.22208,108.36647,343.2518,436.1374,-1,-1"
293,"866.56134,902.0468,127.75282,141.27878,585.2163,-1,-1"
294,"539.6567,3907.8054,572.2259,205.83759,1657.6823,-1,-1"
295,"5003.846,390.6076,225.25993,503.6719,311.5659,-1,-1"
296,"225.55382,7343.162,4773.434,846.767,184.3315,-1,-1"
297,"311.82053,225.92966,379.50302,197.68382,2331.547,-1,-1"
298,"287.22443,310.7855,450.1922,612.0203,653.06946,-1,-1"
299,"185.60863,1009.07794,665.62885,2351.8865,400.27618,-1,-1"
300,"775.2309,650.5589,2977.77,474.8507,239.99481,900.6299,-1"
301,"635.20593,446.66003,480.9445,288.09006,1022.8399,918.97205,-1"
302,"613.5611,502.49625,815.1313,98.10908,429.51227,102.05022,-1"
303,"477.3011,782.83966,428.04007,1208.3761,308.86877,327.5762,-1"
304,"297.0897,2334.8481,105.62398,1906.6283,259.9082,497.8856,-1"
305,"1680.968,478.81192,214.49995,165.18869,655.5251,662.3066,-1"
306,"333.9736,981.75726,1944.0696,188.23036,76.18435,102.86297,-1"
307,"130.38965,3217.0156,746.5629,184.77063,861.14514,437.3089,-1"
308,"947.59735,178.37071,335.71878,496.60385,110.980995,132.32968,-1"
309,"499.13254,326.829,1387.9012,157.01192,213.72766,270.63858,-1"
310,"629.85693,239.70137,408.60867,193.66493,2071.5327,793.0141,-1"
311,"45-1.09958,149.93901,494.40723,436.70892,1553.0667,837.0709,-1"
312,"251.03372,66.065186,539.3153,362.8686,503.72903,483.1511,-1"
313,"681.8941,675.72974,66.82036,609.1678,131.80602,586.9414,-1"
314,"1923.1744,2276.7432,740.5751,508.53885,156.82951,671.989,-1"
315,"194.52736,819.16376,360.77567,566.92346,350.7627,245.834,-1"
316,"3024.6265,908.59436,2138.1787,152.41388,553.26263,283.44427,-1"
317,"5732.9556,724.40405,160.73012,118.405045,1519.5537,349.34143,-1"
318,"931.123,284.36676,231.40652,141.99693,134.34244,439.91898,-1"
319,"481.40848,1908.9741,385.71072,727.84283,2898.5718,621.6947,-1"
320,"41-1.08234,1435.1273,2362.5166,625.2729,278.20312,1236.4254,-1"
321,"608.799,390.3212,231.1255,401.8483,1081.7825,162.07707,-1"
322,"136.48189,1767.146,296.97546,235.84973,146.20158,741.7254,-1"
323,"2854.174,192.04454,668.73663,942.62305,62.223366,130.40103,-1"
324,"3688.8484,1093.5913,327.7085,117.73773,56.182705,213.46146,-1"
325,"1724.9906,170.85059,241.22818,923.63995,648.20996,681.80084,-1"
326,"283.80743,1323.2279,415.54642,203.06972,617.80145,771.50256,-1"
327,"260.63992,194.89278,5056.8574,458.9408,350.2893,814.63367,-1"
328,"282.1666,54.513664,859.13275,1566.6578,195.16466,302.43304,-1"
329,"151.21182,1900.3092,357.77982,2970.4707,470.7567,179.50974,-1"
330,"554.28033,1356.7047,5300.2515,1214.9823,387.2471,662.7768,-1"
331,"789.2542,470.50967,375.66113,1240.6544,1282.081,322.43814,-1"
332,"769.4233,187.50783,852.2892,291.84622,181.01636,394.83646,-1"
333,"2082.1382,362.09378,1304.705,894.8559,208.80565,675.99634,-1"
334,"853.34204,125.8006,1936.4832,427.54062,122.48422,160.24686,-1"
335,"1246.4379,221.99629,108.72479,294.88885,324.22345,534.91064,-1"
336,"275.8049,428.23825,1102.9066,443.75992,507.7402,1142.9894,-1"
337,"3097.4133,131.71468,11-1.06177,821.92865,183.82994,251.87398,-1"
338,"234.76747,715.7615,300.72903,164.3713,492.51422,75.342926,-1"
339,"113.37468,830.96674,2795.563,8119.6626,57.880573,510.37448,-1"
340,"143.9599,79.36992,230.46495,1564.8864,127.9316,502.1534,-1"
341,"1497.7875,534.9025,91.96161,392.63187,915.33734,75.54408,-1"
342,"409.79642,1873.7958,1384.0847,4220.8696,183.41669,765.88635,-1"
343,"2521.1746,355.1168,988.1939,183.04619,600.9756,403.55914,-1"
344,"234.5468,216.32448,913.0697,238.29066,442.27377,57.25225,-1"
345,"561.8043,293.5508,366.28683,207.33444,5994.8716,302.2719,-1"
346,"170-1.0916,571.47675,508.05707,450.87918,72.72959,475.05103,-1"
347,"879.0555,58.05383,511.6678,754.9936,108.7895,1846.8491,-1"
348,"3472.5474,530.7082,168.46092,994.6049,232.4321,40-1.06262,-1"
349,"346.79727,3697.5288,62.51929,1175.3789,533.5947,123.58029,-1"
350,"6120.2676,388.27493,238.59389,1129.7743,1048.9792,590.3495,-1"
351,"405.73566,576.7784,210.11496,72-1.0734,271.3036,272.41342,-1"
352,"209.48006,1040.3575,457.26935,487.0045,409.62436,132.1293,-1"
353,"686.0915,198.64546,69.82503,491.0143,391.92645,141.37016,-1"
354,"931.203,809.7192,397.83618,241.70879,288.52228,3380.2288,-1"
355,"502.6795,298.9653,745.97125,580.93134,319.86447,57.298943,-1"
356,"307.70035,156.28104,1071.0453,366.10965,525.46625,212.18307,-1"
357,"271.5164,179.30998,988.64105,1317.068,88.786674,445.16302,-1"
358,"457.49728,1792.9087,464.89816,1986.2955,217.42244,111.89297,-1"
359,"159.7924,466.99265,315.7124,122.3155,1528.9187,695.4239,-1"
360,"477.0648,681.653,117.558975,1278.5104,180.41728,528.5744,-1"
361,"415.77127,572.034,277.57822,344.57764,2279.383,784.10834,-1"
362,"113.27023,604.6978,446.7719,265.46793,1133.394,303.70187,-1"
363,"284.3776,710.14844,748.80585,676.87726,95.092316,456.33408,-1"
364,"144.81873,765.4805,332.23715,67.02406,391.98807,1574.619,-1"
365,"285.81808,331.8306,377.52585,344.66428,848.14215,522.4795,-1"
366,"916.454,256.97205,1244.2921,3297.6128,465.75674,304.76172,-1"
367,"1517.2426,1216.7645,112-1.0358,1279.6688,217.5694,207.6958,-1"
368,"185.65495,1274.1017,536.99426,1202.2069,203.40076,481.77557,-1"
369,"105.35986,378.80634,1162.841,1007.48114,80.39044,350.72244,-1"
370,"119.955986,427.79086,557.6516,2565.5405,318.2355,338.96628,-1"
371,"2154.9204,679.46716,305.38638,2780.7627,306.37863,174.05089,-1"
372,"2636.9688,1821.8988,667.86945,364.1308,789.78546,646.7569,-1"
373,"2828.1602,314.1036,1027.5428,370.6357,1210.5238,115.328964,-1"
374,"629.33795,406.61777,1050.3229,424.46127,113.05333,804.46216,-1"
375,"665.832,267.76608,7442.3267,791.5607,727.2137,315.11523,-1"
376,"544.0595,1294.3851,385.98346,786.3918,879.43713,246.52818,-1"
377,"1550.1385,1072.3794,57.40453,208.82924,356.64352,247.09988,-1"
378,"309.30002,320.5549,399.33884,267.69424,417.72342,294.75385,-1"
379,"1009.30194,1295.1069,745.9621,204.64595,2651.8145,373.48538,-1"
380,"1241.373,838.2723,244.90976,1076.9764,6847.268,151.58736,-1"
381,"3956.0288,360.11273,215.98119,583.9559,228.63962,65.01047,-1"
382,"765.9197,1094.8215,277.0422,222.69893,179.44337,159.0941,-1"
383,"199.70512,1298.5677,84.55446,826.7796,3274.4102,1479.0317,-1"
384,"10-1.09372,345.97763,807.40485,254.01688,323.17282,4319.137,-1"
385,"196.90248,932.5964,826.0046,168.15697,5783.1157,197.78761,-1"
386,"252.87653,1358.753,925.44867,172.85863,682.09814,140.92863,-1"
387,"117.85503,353.91428,5907.564,133.32744,98.370766,224.48012,-1"
388,"806.75604,1339.8379,145.52931,68.709305,336.37207,163.90143,-1"
389,"378.85086,218.2598,1900.472,1696.7295,65.93809,65.76731,-1"
390,"1178.6256,1599.2601,280.27853,163.13289,1653.25,114.12597,-1"
391,"533.0824,3089.292,96.49664,299.78055,413.07318,234.43668,-1"
392,"324.95682,335.44672,307.65244,223.77914,1317.8558,385.9183,-1"
393,"3081.796,1116.2054,244.41415,378.55753,1478.1161,739.0694,-1"
394,"302.8961,226.80003,809.08203,672.68243,456.359,517.5455,-1"
395,"257.62704,318.75488,105-1.0132,573.1079,768.3104,403.01718,-1"
396,"436.00992,297.19864,150.75221,522.7109,4053.77,312.6066,-1"
397,"256.4949,590.76434,4622.0923,1044.1769,866.3909,400.8505,-1"
398,"1510.9319,1261.0665,366.90393,341.366,263.60303,379.8986,-1"
399,"565.6752,802.35706,359.66605,1560.1925,581.9452,214.0734,-1"
400,"253.82504,248.93184,304.1017,1043.7921,197.12619,2450.824,660.6934"
401,"1218.1489,4747.1753,153.16878,492.3748,109.67442,414.83255,243.67113"
402,"183.78152,4788.2383,264.98654,626.76874,456.6969,207.90083,64.6908"
403,"782.54645,659.314,289.08115,801.53015,395.07556,588.3912,358.19562"
404,"779.46075,183.20839,442.2293,879.11005,223.28241,714.0859,253.66972"
405,"323.8221,356.10153,310.6627,181.76517,629.3059,777.70105,186.3435"
406,"600.1563,213.10352,1178.2465,697.1324,63.562706,556.0288,276.53973"
407,"260.58774,522.2064,159.98769,736.81464,171.96626,63.802845,675.2124"
408,"731.7455,601.8629,1341.2448,353.00354,216.1856,137.45624,443.9863"
409,"65.30687,4521.6294,459.86487,448.5836,790.546,3327.2231,336.66998"
410,"310.2825,199.03917,189.41858,267.71518,985.9302,681.722,766.4869"
411,"68.42651,569.8875,928.9674,234.2519,60.94234,1177.3755,240.9547"
412,"1764.9291,1529.8367,562.12897,838.99506,386.83368,187.67531,61.16456"
413,"136.70316,561.0815,271.6666,133.70604,249.38293,118.99422,77.882195"
414,"3146.349,692.6009,798.79553,215.17107,953.3,472.44803,287.6726"
415,"290.87524,637.3918,198.51942,230.93279,122.75257,249.2569,308.12152"
416,"478.3343,62.95908,3126.5735,384.79123,291.8114,229.47522,122.29178"
417,"557.1664,175.87093,611.6844,225.57831,931.426,217.90082,358.52304"
418,"180.22542,315.47537,357.74075,310.65213,144.29495,121.13415,98.69148"
419,"851.62726,649.60016,500.45648,564.1814,477.08044,992.5321,124.37414"
420,"281.56857,498.62216,518.9856,624.4744,163.73793,217.18651,938.87976"
421,"594.7555,2391.7852,962.143,657.67645,790.3596,2481.1929,1681.6619"
422,"187.02802,1926.4617,5890.484,425.0393,179.95949,457.9228,105.892365"
423,"467.06543,1954.3647,316.28253,391.85068,880.70325,271.2022,1009.33136"
424,"2751.27,536.5446,566.2654,432.73697,61.743977,243.58488,215.89958"
425,"243.00429,5970.489,169.19846,1089.9342,398.37778,252.9882,65.466805"
426,"311.6364,226.79453,436.15775,203.18123,2960.128,65.308914,755.4958"
427,"293.4009,827.9626,354.7638,289.17984,145.63495,108.21243,315.05563"
428,"560.29755,978.27423,262.13382,759.77295,477.82343,1219.1183,63.34001"
429,"374.77744,346.06442,187.69917,316.93994,534.2925,650.1946,2266.1206"
430,"2919.7153,1896.5687,2002.4504,159.59628,713.01544,79.61752,301.85095"
431,"756.5616,76.317444,1190.5952,296.57175,529.2578,309.64438,360.45206"
432,"732.66327,113.71181,271.12418,2533.4688,163.18427,753.31,1209.7439"
433,"1478.4369,146.11986,811.4566,503.03046,291.36884,886.7189,65.22813"
434,"2006.9628,944.2822,2289.1147,174.98814,63.49896,83.0855,755.0653"
435,"513.4089,241.41026,217.19054,1465.8739,119.565216,372.475,249.69539"
436,"264.25754,1386.0645,205.00162,120.41409,419.3649,425.6197,387.61203"
437,"172.57166,748.83124,345.57675,97.65726,395.10892,164.57138,581.5302"
438,"1515.7928,240.21062,557.39197,244.07475,686.9631,503.62112,485.0732"
439,"411.56808,1207.0299,486.57318,261.1033,131.63968,110.73179,736.199"
440,"686.85913,2033.8429,2550.3115,580.79626,220.13817,1777.8121,97.48383"
441,"372.1971,13-1.08112,144.0446,994.23016,400.63205,374.67776,113.49803"
442,"917.2282,754.31506,497.49274,1700.4042,687.7639,711.1459,445.9214"
443,"858.62463,4616.195,728.28613,302.3911,800.21576,356.58035,1210.4456"
444,"1093.8081,631.8704,534.02216,411.08102,818.154,323.57797,84.394035"
445,"753.72845,245.77632,1551.3412,166.81508,381.0289,874.7332,406.76434"
446,"451.19223,55.83848,255.84596,509.83517,1209.6777,66.20281,394.41208"
447,"278.10385,2119.481,1258.7781,3010.8025,84.23357,413.48907,121.56322"
448,"835.8153,166.07655,1494.9205,502.64243,1113.1132,316.816,326.9847"
449,"266.13333,2662.6382,1255.819,822.16644,544.6693,1453.2079,196.2383"
450,"1828.0116,250.49397,116-1.012,1248.4862,962.0359,124.67017,192.46109"
451,"376.98697,472.44556,368.98587,2918.4238,8055.301,1263.5203,436.24225"
452,"1047.7776,272.28903,359.25473,2697.1934,668.0751,342.37976,447.26822"
453,"1200.6652,197.79933,743.7972,194.10536,118.41054,1864.6648,138.59604"
454,"1142.8953,335.10373,368.7936,1322.1473,683.9465,4814.298,721.39465"
455,"551.8728,727.9082,156.51894,315.56323,1428.7844,409.90723,282.86588"
456,"1284.4833,232.56273,236.22888,407.12708,783.6902,451.9359,2912.4873"
457,"164-1.0443,226.54597,67.89278,624.4252,6761.9575,101.180176,739.1966"
458,"1615.5194,378.88693,1924.9291,883.9216,224.72409,154.11864,391.2474"
459,"4593.7944,318.6482,761.7666,671.91473,329.94736,162.91644,1498.6493"
460,"300.81973,172.69066,931.48236,7428.9043,63.9041,881.25696,3300.1396"
461,"428.97443,170.15147,794.9403,155.93178,1924.3152,483.80243,730.1998"
462,"7301.1978,159.87912,5119.973,506.0577,426.31323,993.3492,462.54773"
463,"117.00389,369.35138,146.99744,594.61273,690.27075,525.1632,1402.114"
464,"2961.5637,848.12335,593.6502,229.447,365.82672,588.23376,205.45973"
465,"1006.68085,89.04735,363.52835,404.27493,118.07147,165.81543,469.28543"
466,"832.25464,276.16647,235.26009,308.61258,131.63351,439.5536,285.4441"
467,"124.467445,190.58253,130.62599,1374.886,329.47342,826.86676,213.23688"
468,"664.50714,1307.0692,207.37764,213.79308,556.5762,350.25238,184.45764"
469,"442.15567,731.55524,155.58151,1983.2335,93.04985,195.7696,1489.7842"
470,"61.335426,124.08165,690.962,404.03702,468.9535,318.46494,1783.7373"
471,"70.915215,2041.9866,1201.4722,911.4615,3055.0579,353.78555,716.7097"
472,"350.72574,306.75397,1101.9369,2248.6677,65.228836,452.01303,1785.826"
473,"413.12973,2036.5382,211.19563,942.72815,1359.004,247.56921,375.18906"
474,"306.0934,345.09262,563.0527,561.26776,125.035255,348.9828,334.8541"
475,"162.36794,583.52277,419.9948,372.50217,1414.1356,96.28223,160.78186"
476,"441.2875,173.16002,287.11288,734.55707,67.93621,2935.8545,1964.812"
477,"475.10776,204.1804,561.0624,537.3033,298.8556,140.59596,496.77377"
478,"347.6628,3149.195,973.1071,70.11023,79.06895,242.20491,419.74063"
479,"850.1106,1519.347,475.73633,344.94357,1123.0588,2535.976,304.52603"
480,"2172.7935,435.4763,131.57318,448.38547,102.18981,713.2959,888.5681"
481,"184.06926,1662.1588,376.5564,73.337845,81.39115,408.5443,3661.6548"
482,"1326.0221,105.32823,436.26767,243.48973,519.3711,535.428,355.17664"
483,"721.04376,362.62704,225.28607,550.1788,531.5934,491.47458,718.374"
484,"1337.4083,1954.8058,1565.4565,611.88165,293.39526,483.8355,509.45996"
485,"339.28708,340.67746,1271.4794,807.7581,1200.767,195.65796,2614.4631"
486,"2389.287,124.754265,426.2786,341.43448,551.8576,465.05096,583.1773"
487,"453.8478,309.0036,953.6286,320.15216,1170.6025,250.19643,392.78354"
488,"116.78555,139.6516,272.51273,4241.0024,485.53342,838.6432,365.89825"
489,"2976.271,321.76083,1639.2928,276.25497,266.10074,482.53235,72.10306"
490,"581.8637,100.9614,796.3797,131.48015,537.6202,81.0887,386.62103"
491,"300.78134,810.2074,253.86086,443.5446,360.33557,284.59753,364.1508"
492,"401.74142,608.1773,794.52484,61.21871,660.32733,1754.652,885.7341"
493,"1367.5306,192.0763,549.8234,225.57399,275.43884,612.9002,381.8252"
494,"193.71068,1524.4296,226.26733,60.478264,1054.8668,132.87816,80.31965"
495,"455.42975,76.66512,2216.491,329.91333,65.20334,159.50714,390.2593"
496,"276.41946,1457.1483,641.34644,54.53468,355.57736,423.9704,629.2387"
497,"380.14407,681.74146,84-1.0876,262.8873,498.37036,149.32213,105.58408"
498,"551.65826,362.85922,2935.8037,224.09744,762.068,609.4446,491.55573"
499,"434.66605,315.68634,261.79575,73.43516,1464.1168,654.9106,249.69667"
500,"341.70496,188.96686,403.8936,-1,-1,-1,-1"
501,"4444.825,340.62335,2276.3625,-1,-1,-1,-1"
502,"5735.712,633.20197,380.50958,-1,-1,-1,-1"
503,"613.53864,119.11222,238.51268,-1,-1,-1,-1"
504,"1278.6904,2608.5334,337.3152,-1,-1,-1,-1"
505,"3205.585,404.92624,5930.934,-1,-1,-1,-1"
506,"922.61755,169.20705,283.06662,-1,-1,-1,-1"
507,"3626.462,724.621,231.12805,-1,-1,-1,-1"
508,"389.39206,1737.0651,328.74377,-1,-1,-1,-1"
509,"258.35736,208.60107,299.05658,-1,-1,-1,-1"
510,"2121.9602,142.54051,403.9107,-1,-1,-1,-1"
511,"165.14607,1750.2036,118.934975,-1,-1,-1,-1"
512,"2274.764,108.074425,458.22287,-1,-1,-1,-1"
513,"9822.558,170.49179,114.92013,-1,-1,-1,-1"
514,"4022.7678,461.33902,1575.1627,-1,-1,-1,-1"
515,"510.27182,1132.3497,292.52902,-1,-1,-1,-1"
516,"4369.654,1007.549,278.3422,-1,-1,-1,-1"
517,"229.35043,1225.485,890.6662,-1,-1,-1,-1"
518,"499.08847,406.2108,263.46335,-1,-1,-1,-1"
519,"5809.4053,1090.8024,166.32321,-1,-1,-1,-1"
520,"415.78265,197.39816,487.7992,-1,-1,-1,-1"
521,"1424.4241,714.3612,818.29333,-1,-1,-1,-1"
522,"188.11699,6022.164,707.87744,-1,-1,-1,-1"
523,"1157.2709,173.28073,395.4391,-1,-1,-1,-1"
524,"1099.8462,1485.773,322.12067,-1,-1,-1,-1"
525,"493.73386,216.46832,425.76495,-1,-1,-1,-1"
526,"7526.339,235.05983,741.37823,-1,-1,-1,-1"
527,"1397.6223,4052.7285,288.91788,-1,-1,-1,-1"
528,"320.37555,341.47162,406.94806,-1,-1,-1,-1"
529,"973.07526,257.5111,2471.741,-1,-1,-1,-1"
530,"720.89795,509.22464,984.00775,-1,-1,-1,-1"
531,"800.77765,1002.56866,157.38585,-1,-1,-1,-1"
532,"232.00348,120.548325,479.185,-1,-1,-1,-1"
533,"274.18176,628.8374,56.987,-1,-1,-1,-1"
534,"5887.326,165.89883,484.8961,-1,-1,-1,-1"
535,"377.5959,2663.6863,280.2926,-1,-1,-1,-1"
536,"539.55457,312.95828,332.53082,-1,-1,-1,-1"
537,"466.9017,2716.32,198.86162,-1,-1,-1,-1"
538,"1941.8898,805.5334,405.057,-1,-1,-1,-1"
539,"1182.9414,596.9407,197.76746,-1,-1,-1,-1"
540,"3045.458,420.33463,233.0197,-1,-1,-1,-1"
541,"74.79302,274.34818,150.51727,-1,-1,-1,-1"
542,"1089.7644,801.48254,253.27559,-1,-1,-1,-1"
543,"3724.1523,3957.0503,5099.024,-1,-1,-1,-1"
544,"1627.6737,706.5885,627.0894,-1,-1,-1,-1"
545,"611.8699,553.58093,378.68527,-1,-1,-1,-1"
546,"643.2803,294.44366,451.6768,-1,-1,-1,-1"
547,"61-1.0394,2145.2275,5241.7886,-1,-1,-1,-1"
548,"2861.3577,456.68835,1207.0967,-1,-1,-1,-1"
549,"1554.6296,312.75015,384.1916,-1,-1,-1,-1"
550,"55.902473,315.77588,639.74835,-1,-1,-1,-1"
551,"3840.6504,1457.1831,92.45087,-1,-1,-1,-1"
552,"4394.258,839.87213,405.30017,-1,-1,-1,-1"
553,"181.11299,1189.2255,3683.7842,-1,-1,-1,-1"
554,"1037.8108,459.161,122.46146,-1,-1,-1,-1"
555,"204.47272,773.0835,283.4352,-1,-1,-1,-1"
556,"390.82846,3784.8093,492.18433,-1,-1,-1,-1"
557,"545.4208,533.0722,2072.1028,-1,-1,-1,-1"
558,"249.30328,206.93411,941.48346,-1,-1,-1,-1"
559,"10227.72,109.69116,1188.7332,-1,-1,-1,-1"
560,"971.9493,3619.0293,111.17797,-1,-1,-1,-1"
561,"159.37123,5582.577,551.763,-1,-1,-1,-1"
562,"366.7367,149.76808,859.30835,-1,-1,-1,-1"
563,"695.1624,10923.139,1957.3049,-1,-1,-1,-1"
564,"1449.0065,1908.6516,271.0461,-1,-1,-1,-1"
565,"848.35376,1520.6646,816.0781,-1,-1,-1,-1"
566,"658.86633,5719.6006,988.0568,-1,-1,-1,-1"
567,"2978.0676,1181.8304,103.18199,-1,-1,-1,-1"
568,"449.7954,379.7383,458.36044,-1,-1,-1,-1"
569,"238.43848,845.10516,796.1177,-1,-1,-1,-1"
570,"473.73303,282.9207,429.22354,-1,-1,-1,-1"
571,"127.64136,2929.0596,1184.8143,-1,-1,-1,-1"
572,"231.56184,155.16144,331.31662,-1,-1,-1,-1"
573,"264.31583,813.85034,86.76962,-1,-1,-1,-1"
574,"970.8229,2781.5808,1902.6857,-1,-1,-1,-1"
575,"305.70102,3676.1616,76.57924,-1,-1,-1,-1"
576,"718.50085,1435.6189,236.56389,-1,-1,-1,-1"
577,"871.7077,1882.7278,836.88934,-1,-1,-1,-1"
578,"2705.2283,290.51096,849.3719,-1,-1,-1,-1"
579,"245.52632,627.8957,933.8857,-1,-1,-1,-1"
580,"1846.2308,987.2381,230.9457,-1,-1,-1,-1"
581,"271.5278,430.1212,270.8597,-1,-1,-1,-1"
582,"314.0045,724.5583,732.50934,-1,-1,-1,-1"
583,"932.88586,399.31277,456.9275,-1,-1,-1,-1"
584,"1076.421,5320.794,3631.2498,-1,-1,-1,-1"
585,"628.13116,781.36914,360.51096,-1,-1,-1,-1"
586,"245.82933,648.45575,217.40752,-1,-1,-1,-1"
587,"242.53845,434.31247,1417.8921,-1,-1,-1,-1"
588,"500.99805,542.63336,220.1779,-1,-1,-1,-1"
589,"1222.0155,726.7024,3370.2744,-1,-1,-1,-1"
590,"1157.4131,303.9551,707.04803,-1,-1,-1,-1"
591,"130.39488,700.72266,320.97284,-1,-1,-1,-1"
592,"4680.428,81.82808,442.35745,-1,-1,-1,-1"
593,"458.89252,665.90015,191.96489,-1,-1,-1,-1"
594,"405.0614,1495.7521,1223.653,-1,-1,-1,-1"
595,"938.9005,131.89597,608.6938,-1,-1,-1,-1"
596,"1580.3572,419.81747,1326.0048,-1,-1,-1,-1"
597,"1868.248,198.91437,513.5834,-1,-1,-1,-1"
598,"553.0475,786.60345,2035.2372,-1,-1,-1,-1"
599,"1132.128,427.48563,221.46333,-1,-1,-1,-1"
600,"964.1715,550.12274,463.07834,556.99744,-1,-1,-1"
601,"223.15936,241.56474,907.6317,2174.6685,-1,-1,-1"
602,"539.8234,133.6827,161.5364,373.86447,-1,-1,-1"
603,"133.42133,2049.466,928.0281,106.07736,-1,-1,-1"
604,"712.7297,98.20476,482.39218,1300.8822,-1,-1,-1"
605,"365.47702,218.12589,569.7935,3418.0369,-1,-1,-1"
606,"906.88965,385.4166,183.21481,240.52965,-1,-1,-1"
607,"931.802,92.085434,313.3085,158.48311,-1,-1,-1"
608,"551.122,309.19412,1594.0741,500.17133,-1,-1,-1"
609,"438.99603,378.43716,2043.0907,279.6324,-1,-1,-1"
610,"2024.4645,490.97266,1059.3885,131.05972,-1,-1,-1"
611,"156.74315,518.5597,40-1.05798,207.02617,-1,-1,-1"
612,"1002.64056,133.72939,139.38635,169.63646,-1,-1,-1"
613,"519.24786,399.50815,432.13113,785.2778,-1,-1,-1"
614,"2970.1472,955.6938,651.32794,1505.0834,-1,-1,-1"
615,"154.90678,5334.458,5420.823,1994.1598,-1,-1,-1"
616,"203.54787,1134.9204,210.39748,1384.923,-1,-1,-1"
617,"1543.4551,4617.5073,1194.371,2510.7075,-1,-1,-1"
618,"4676.6836,1301.8689,62.65452,202.47392,-1,-1,-1"
619,"625.4859,2137.2065,142.696,215.30199,-1,-1,-1"
620,"1247.0757,344.8148,670.43256,333.5745,-1,-1,-1"
621,"403.29977,69.468475,2132.368,174.78383,-1,-1,-1"
622,"1876.8173,733.3347,1174.5936,1234.958,-1,-1,-1"
623,"316.38275,3539.729,138.28798,117.9234,-1,-1,-1"
624,"94.04502,624.3089,498.2759,1546.788,-1,-1,-1"
625,"1579.7018,99.86147,447.88577,277.51486,-1,-1,-1"
626,"2136.2317,451.42087,61.085716,4359.6333,-1,-1,-1"
627,"178.05147,899.2288,1494.545,270.53098,-1,-1,-1"
628,"91-1.07104,707.17255,275.4028,617.7946,-1,-1,-1"
629,"603.3577,1575.4779,1934.517,266.3481,-1,-1,-1"
630,"601.77045,2631.6582,1249.0702,493.1148,-1,-1,-1"
631,"2348.9653,3133.8894,631.517,123.4715,-1,-1,-1"
632,"7091.71,288.3545,828.7432,1561.3455,-1,-1,-1"
633,"468.23135,764.0857,380.57083,451.12302,-1,-1,-1"
634,"1661.4712,572.1384,302.75638,68.28883,-1,-1,-1"
635,"1726.0742,275.86456,92.369,173.27211,-1,-1,-1"
636,"780.48895,558.3549,578.5942,101.81005,-1,-1,-1"
637,"1036.9393,5370.685,4079.3145,250.70589,-1,-1,-1"
638,"69.248634,396.33844,632.2517,1381.2086,-1,-1,-1"
639,"1506.9738,3221.1567,1173.4099,152.48763,-1,-1,-1"
640,"646.2759,659.305,1640.6207,251.38652,-1,-1,-1"
641,"215.59444,140.53172,569.3801,582.32324,-1,-1,-1"
642,"765.65015,1108.5258,366.56552,270.15045,-1,-1,-1"
643,"114-1.094,282-1.002,971.8,335.1352,-1,-1,-1"
644,"414.71094,1088.1932,714.5463,1128.8966,-1,-1,-1"
645,"4318.869,116.48854,1099.6952,294.3418,-1,-1,-1"
646,"656.6611,207.46254,588.87463,287.49503,-1,-1,-1"
647,"237.93855,201.04576,953.92883,466.86743,-1,-1,-1"
648,"253.5557,265.86774,472.0249,981.65466,-1,-1,-1"
649,"418.08414,640.4572,507.3476,450.6924,-1,-1,-1"
650,"975.1334,4016.7913,672.309,2515.2666,-1,-1,-1"
651,"767.0816,1004.4457,149.57072,801.4312,-1,-1,-1"
652,"2704.2842,360.5768,188.98225,256.98987,-1,-1,-1"
653,"361.62875,182.43492,467.73495,513.8951,-1,-1,-1"
654,"721.3608,493.7581,1333.4928,4543.9966,-1,-1,-1"
655,"223.83092,167.14674,602.8015,227.38602,-1,-1,-1"
656,"552.52106,4563.59,1140.9393,221.20567,-1,-1,-1"
657,"369.45123,132.5449,698.993,95.72281,-1,-1,-1"
658,"1358.5555,158.55042,897.75824,778.7637,-1,-1,-1"
659,"257.47418,698.8973,443.24728,115.46652,-1,-1,-1"
660,"297.65445,1174.2035,1028.5819,426.75012,-1,-1,-1"
661,"105.34915,1109.8563,291.2654,135.36034,-1,-1,-1"
662,"1268.7058,337.68057,5667.261,2597.539,-1,-1,-1"
663,"622.8759,413.80258,985.0765,288.83774,-1,-1,-1"
664,"544.9743,429.42346,275.73538,138.13994,-1,-1,-1"
665,"1271.5626,4003.434,1861.5524,454.2172,-1,-1,-1"
666,"884.84406,161.57292,892.0993,397.12442,-1,-1,-1"
667,"1907.4058,77.91907,1368.7113,408.6862,-1,-1,-1"
668,"152.29094,100.91289,312.29346,3002.063,-1,-1,-1"
669,"212.99562,497.0599,3033.585,308.5038,-1,-1,-1"
670,"1139.3002,1873.4315,77.67879,72.26814,-1,-1,-1"
671,"967.8138,238.60686,65.62573,553.4108,-1,-1,-1"
672,"263.66653,799.8197,295.4791,5494.7246,-1,-1,-1"
673,"3082.7874,206.72574,1014.7457,949.9536,-1,-1,-1"
674,"955.77045,152.66231,418.83047,700.76337,-1,-1,-1"
675,"80.51534,616.8202,392.25012,125.041565,-1,-1,-1"
676,"410.11203,894.8658,533.9134,366.8328,-1,-1,-1"
677,"1912.0228,345.2733,508.35178,142.79,-1,-1,-1"
678,"807.69324,198.14163,529.67914,634.3149,-1,-1,-1"
679,"2406.7344,534.0057,557.25287,79.40875,-1,-1,-1"
680,"1960.3407,4974.7827,8757.307,1118.5646,-1,-1,-1"
681,"1160.8223,5792.773,263.2559,90.8195,-1,-1,-1"
682,"1762.3809,354.06058,2043.358,983.02203,-1,-1,-1"
683,"1658.5216,137.37495,579.9726,1644.8539,-1,-1,-1"
684,"322.72842,440.9733,856.5504,1225.7241,-1,-1,-1"
685,"2221.3547,246.28973,483.4763,387.45627,-1,-1,-1"
686,"518.2996,261.39413,1812.455,207.38283,-1,-1,-1"
687,"53.105892,816.5569,2794.052,302.0604,-1,-1,-1"
688,"145.82307,527.0769,401.2041,798.6353,-1,-1,-1"
689,"297.69446,1215.1124,3141.9858,126.15409,-1,-1,-1"
690,"486.5141,81.30151,570.72925,1207.567,-1,-1,-1"
691,"1578.2821,1554.3419,843.57245,384.67706,-1,-1,-1"
692,"2866.476,1185.7983,228.71619,482.59225,-1,-1,-1"
693,"932.6673,152.86725,896.5358,360.60208,-1,-1,-1"
694,"1523.7346,255.47383,278.89093,335.17703,-1,-1,-1"
695,"1107.2551,355.8738,446.41788,121.20935,-1,-1,-1"
696,"1775.3507,2487.7664,215.11052,151.27617,-1,-1,-1"
697,"2101.4824,353.11484,4167.9097,173.35057,-1,-1,-1"
698,"546.58844,399.04416,2832.8025,310.44772,-1,-1,-1"
699,"2066.3086,463.91476,797.3648,436.74533,-1,-1,-1"
700,"511.92474,1072.0338,94-1.0267,684.19104,336.46564,-1,-1"
701,"1065.1799,774.65784,2545.191,600.69305,390.88135,-1,-1"
702,"1513.3792,122.02496,954.77203,289.23288,2496.0574,-1,-1"
703,"781.8795,1087.714,1066.2906,100.14891,423.253,-1,-1"
704,"357.20435,916.5093,406.94113,385.1395,718.0553,-1,-1"
705,"1061.208,993.63464,789.1739,610.15424,392.38138,-1,-1"
706,"2830.9646,849.2083,1157.9779,701.92035,455.6581,-1,-1"
707,"1745.3215,308.90045,746.998,667.57294,374.92358,-1,-1"
708,"3027.6375,315.0555,1688.3351,1810.2174,1169.9366,-1,-1"
709,"261.2408,22-1.07362,617.6972,706.0796,428.66867,-1,-1"
710,"526.1402,198.14809,615.50323,651.1934,314.43695,-1,-1"
711,"337.32132,1029.4198,3093.8645,85.129776,377.86035,-1,-1"
712,"553.23914,255.44963,614.4981,1439.5575,534.4946,-1,-1"
713,"140.92566,870.5119,429.8572,591.67096,1527.0876,-1,-1"
714,"1081.8883,824.8857,266.19626,70.42675,650.25,-1,-1"
715,"170.83759,803.7381,1112.4927,164.85374,482.8201,-1,-1"
716,"1149.5824,475.1573,214.25206,174.68114,513.209,-1,-1"
717,"1795.4658,1317.2506,439.2258,3814.0112,705.28174,-1,-1"
718,"254.67612,2853.7812,287.91714,761.38965,2234.5518,-1,-1"
719,"955.5965,1592.1249,56.73377,55.515656,196.18341,-1,-1"
720,"1419.3519,144.22272,322.29074,2974.2783,665.0772,-1,-1"
721,"696.2607,215.0696,376.49063,5151.7397,215.54417,-1,-1"
722,"1171.4574,240.69191,695.81537,887.1648,4572.736,-1,-1"
723,"3276.0667,302.99106,356.92014,2293.7769,698.39746,-1,-1"
724,"710.5187,549.8383,104.041504,794.9315,2426.113,-1,-1"
725,"221.96478,134.79695,1530.7682,1072.5038,3740.938,-1,-1"
726,"1759.7377,838.60297,325.6701,288.01868,493.3155,-1,-1"
727,"855.46606,1889.0631,414.92368,2544.8433,222.27394,-1,-1"
728,"506.62186,1865.4569,1434.3584,182.65135,2040.5035,-1,-1"
729,"1562.047,555.80237,4064.0251,682.9778,62.87973,-1,-1"
730,"214.7526,110.41435,148.68085,1155.9291,1426.3635,-1,-1"
731,"3226.6396,1692.2992,717.4508,253.04001,282.4091,-1,-1"
732,"2514.0945,849.5694,121.71409,884.3459,788.12976,-1,-1"
733,"444.38766,219.72597,202.4293,416.18466,2192.2893,-1,-1"
734,"627.27185,1339.4889,1105.9425,954.74347,345.3127,-1,-1"
735,"866.2609,201.17688,503.77197,1817.0028,451.0364,-1,-1"
736,"1101.8582,58.510357,1102.6014,422.8691,474.0177,-1,-1"
737,"169.72188,2061.3135,279.39163,628.45544,777.0694,-1,-1"
738,"6248.858,570.4645,223.25093,548.22473,67.909386,-1,-1"
739,"450.1488,161.19453,397.88205,47-1.00394,144.30814,-1,-1"
740,"340.52353,747.91473,457.68005,599.14215,2606.1626,-1,-1"
741,"579.1505,225.73055,87.70094,1152.2335,157.99811,-1,-1"
742,"3453.8442,182.83714,243.91447,901.0587,235.20863,-1,-1"
743,"1252.848,282.95267,574.3639,152.53932,7-1.06131,-1,-1"
744,"69.48042,746.2324,253.75142,232.2765,493.4972,-1,-1"
745,"257.78015,624.2629,425.17267,429.84647,160.42746,-1,-1"
746,"262.29843,943.392,979.8399,713.42694,120.93771,-1,-1"
747,"838.5325,1588.7098,607.61554,136.29912,348.67206,-1,-1"
748,"1898.471,557.9511,265.67252,126.14389,262.93314,-1,-1"
749,"956.48627,627.3344,141.28214,2301.2256,278.74985,-1,-1"
750,"133.58502,267.90454,226.77608,269.91867,544.436,-1,-1"
751,"3328.1802,373.65213,432.8635,1224.8331,688.2162,-1,-1"
752,"2504.2334,259.53156,165.08083,433.9372,515.89795,-1,-1"
753,"292.81863,252.78062,954.1589,6665.6226,216.82536,-1,-1"
754,"975.69196,1322.4186,554.30194,2991.6438,1053.2828,-1,-1"
755,"3541.9426,586.9992,99.382935,143.33217,1018.1517,-1,-1"
756,"95.203735,677.222,700.2668,1102.3717,1905.3346,-1,-1"
757,"1444.0311,518.6362,241.43358,350.42914,113-1.0012,-1,-1"
758,"286.0552,487.2523,361.12265,96.647934,1436.5557,-1,-1"
759,"697.156,1090.918,4038.9504,37-1.09976,596.5515,-1,-1"
760,"61.29366,776.70197,3881.4792,2736.0698,370.25098,-1,-1"
761,"1557.7533,166.6606,456.43283,647.5013,599.39276,-1,-1"
762,"1119.1696,1100.3221,195.23256,1721.8986,304.87732,-1,-1"
763,"535.53265,685.8046,2202.1125,123-1.0348,140.68648,-1,-1"
764,"628.2482,301.38766,2508.6628,1971.2068,5456.6504,-1,-1"
765,"217.30559,64.847855,1361.3195,829.2168,371.61545,-1,-1"
766,"303.35892,534.1016,345.6967,588.0683,819.1716,-1,-1"
767,"683.3262,573.46405,338.68784,527.6904,1099.9258,-1,-1"
768,"3150.1196,628.1941,125.753716,492.35165,912.4934,-1,-1"
769,"469.15128,299.7998,927.029,2831.6838,256.88492,-1,-1"
770,"1217.8585,226.59157,751.1944,1833.7565,616.4786,-1,-1"
771,"856.3609,493.8293,298.699,9-1.02226,1917.045,-1,-1"
772,"733.0108,2081.4014,60.846313,503.42453,1909.98,-1,-1"
773,"201.22636,651.90625,256.9519,111.4161,480.5149,-1,-1"
774,"852.606,1537.0399,778.3215,293.50824,141.35364,-1,-1"
775,"646.5478,765.6514,2944.8467,464.3925,292.42554,-1,-1"
776,"1107.9227,2399.4082,371.06747,411.3894,190.87558,-1,-1"
777,"851.62506,715.60065,1007.5319,1956.9878,246.16559,-1,-1"
778,"978.2386,258.41806,92.40849,914.83215,718.4248,-1,-1"
779,"343.2391,673.1589,1016.943,182.78581,148.884,-1,-1"
780,"998.92035,289.98782,1367.7233,471.70258,434.25284,-1,-1"
781,"424.7289,454.1168,580.9942,504.38297,2020.822,-1,-1"
782,"1727.9126,193.37383,180.66698,290.7124,116.854744,-1,-1"
783,"3309.135,451.06943,403.03485,1079.6073,1461.6604,-1,-1"
784,"569.8376,2142.0955,452.4464,485.12436,1224.4402,-1,-1"
785,"164.20071,182.05078,1932.923,640.5028,635.14026,-1,-1"
786,"1897.3575,906.0155,629.66846,202.92711,163.8848,-1,-1"
787,"1233.2343,510.41635,540.14984,147.65056,422.42728,-1,-1"
788,"327.29858,5002.9736,683.2238,394.58493,928.0471,-1,-1"
789,"183.84972,3948.7002,882.56165,294.02216,718.43024,-1,-1"
790,"548.2269,2303.9827,323.72025,162.17241,496.16183,-1,-1"
791,"762.21515,932.7027,204.27504,1633.6034,1394.7822,-1,-1"
792,"319.35794,785.9692,329.88675,1744.1127,58.967083,-1,-1"
793,"5112.079,1085.2134,1024.3162,1973.2675,583.2356,-1,-1"
794,"1370.5746,1559.1613,383.32547,1228.081,788.2422,-1,-1"
795,"1041.0233,1026.6567,428.19778,531.47125,455.1281,-1,-1"
796,"3923.4006,185.26208,673.32965,244.65605,1134.4705,-1,-1"
797,"531.6319,71.26375,920.226,59.51189,741.5685,-1,-1"
798,"603.8384,976.4376,1494.1769,527.6053,520.7751,-1,-1"
799,"1492.7994,2998.5461,618.74976,184.10619,80.48642,-1,-1"
800,"1016.6269,101.58919,3762.7031,402.2613,473.90973,162.44014,-1"
801,"545.4522,2742.2456,162.38039,2213.2466,415.6876,449.68427,-1"
802,"3536.2356,3715.262,375.34207,727.8327,380.91144,331.18707,-1"
803,"576.28754,105.37282,590.2238,151.76204,147.25728,730.4853,-1"
804,"2741.502,624.8831,525.1761,919.6833,831.88007,559.05835,-1"
805,"388.9229,3690.6755,795.69965,357.24103,328.78198,1512.5891,-1"
806,"52.963673,272.73288,2657.8984,513.7291,273.5392,247.45259,-1"
807,"1443.0507,227.4669,707.127,397.4711,2399.1067,568.91174,-1"
808,"496.64154,438.2682,185.28795,300.83743,103.44887,4532.286,-1"
809,"969.3221,303.3514,681.2453,534.99695,1010.6341,428.04855,-1"
810,"462.62613,1088.7025,1374.6881,251.53304,225.65584,129.64586,-1"
811,"403.46942,1056.3351,365.2951,515.8309,578.1624,156.2484,-1"
812,"495.04547,555.7511,224.67343,98.01248,741.93195,5482.2085,-1"
813,"284.9079,898.6604,276.0628,1599.1737,104.91897,693.5294,-1"
814,"1474.7084,169.15706,1553.5311,74.92558,299.3095,475.16635,-1"
815,"369.12918,970.68884,529.30597,253.57083,916.18365,144.0663,-1"
816,"2295.2112,904.8188,2003.5457,64.16787,511.27106,1732.5912,-1"
817,"1976.3341,192.70052,1738.3728,742.2919,464.0846,485.09238,-1"
818,"152.40434,512.98694,1403.3368,1552.8322,953.50494,522.21075,-1"
819,"4006.783,553.5328,348.47482,6842.2397,2049.9114,889.3816,-1"
820,"212.58037,253.8126,166.02657,3498.85,1658.3309,145.58104,-1"
821,"990.71326,8692.791,557.2182,181.852,383.834,344.55713,-1"
822,"243.57391,64.73598,2270.1982,86.14644,5835.855,123.97821,-1"
823,"304.7951,4623.1636,1530.5118,1324.7129,574.30615,356.96582,-1"
824,"771.8002,1197.5616,293.1217,193.98807,369.31064,3013.935,-1"
825,"1604.6915,467.54984,4375.722,244.36351,134.59407,700.26544,-1"
826,"14-1.05199,231.28038,104.43581,995.86884,1089.227,544.6862,-1"
827,"845.34247,389.15973,708.81525,201.88875,1072.5874,516.1376,-1"
828,"1186.1056,318.92532,448.466,227.69427,357.15018,2169.8572,-1"
829,"416.73236,214.42873,6852.143,258.35013,811.05536,618.7073,-1"
830,"1177.2039,4811.233,164.6364,2039.6825,454.45352,498.3259,-1"
831,"244.85577,2968.0542,176.47383,99.973885,228.56625,1640.5914,-1"
832,"708.90326,712.1449,951.382,206.23642,932.295,841.1002,-1"
833,"5396.795,579.6422,117.46295,548.3035,1547.769,370.30447,-1"
834,"200.81691,1577.2397,351.47305,1441.8256,452.12198,944.74207,-1"
835,"112.212265,252.12204,180.52176,275.4413,722.59845,575.0239,-1"
836,"5276.7886,75.98559,1495.8042,195.9351,1392.1438,770.20874,-1"
837,"245.7656,502.87625,403.209,424.80453,1134.8936,358.29706,-1"
838,"2907.1694,109.559944,1299.5848,484.58133,291.5922,206.39542,-1"
839,"2868.8403,502.71222,1536.4257,463.8016,288.37784,368.43036,-1"
840,"296.2471,2579.2046,97.08806,606.7624,351.41986,1531.2377,-1"
841,"1727.2253,400.67154,149.976,220.79744,197.15164,204.32211,-1"
842,"422.11398,302.17902,556.09625,845.8193,732.856,327.7,-1"
843,"743.74603,251.244,855.1391,2596.8918,295.89307,305.85025,-1"
844,"10639.141,426.87296,886.4268,591.5876,351.6791,311.39008,-1"
845,"131.28505,521.9783,2735.5361,126.66568,2400.6353,123.59336,-1"
846,"2756.7698,737.009,769.6613,402.61874,344.28214,116.40951,-1"
847,"938.5537,89.39195,293.83768,273.67282,2157.138,968.7948,-1"
848,"603.7188,779.06866,263.6754,367.0513,351.68887,2122.928,-1"
849,"1230.9542,3996.8953,494.71457,128.06787,623.606,105.536705,-1"
850,"175.25792,503.89764,90.392044,271.7622,175.45456,339.4454,-1"
851,"1329.896,402.85257,270.26306,7014.48,943.8589,62.414566,-1"
852,"279.8959,878.8338,1209.406,702.1471,268.36707,182.26932,-1"
853,"216.35841,905.9323,682.62616,209.13594,131.72815,223.63731,-1"
854,"4421.8774,4474.796,356.8228,1088.8439,171.98358,1216.8817,-1"
855,"231.44266,1957.8741,169.0501,263.5784,721.4463,307.10272,-1"
856,"472.48663,458.33023,723.64166,641.74536,464.5984,936.6035,-1"
857,"421.1276,1069.8937,159.35506,216.41003,86.0729,2140.7588,-1"
858,"812.2326,5915.0444,2131.428,269.05728,893.1342,562.8179,-1"
859,"576.4679,719.46857,63.642025,242.279,835.7865,646.1765,-1"
860,"222.54001,1069.1863,129.4069,187.2418,1120.187,121.36095,-1"
861,"361.0629,700.7269,826.4904,210.68443,739.33923,1747.5648,-1"
862,"1859.9902,546.9357,308.00397,502.1345,418.2392,130.37955,-1"
863,"676.96027,476.54117,2626.9678,134.86488,205.3622,719.7887,-1"
864,"712.14935,253.0212,80.74091,1040.1696,867.6521,182.84369,-1"
865,"695.222,2035.4896,111.5818,815.1144,128.40631,891.6319,-1"
866,"2391.1082,384.0812,453.30753,140.18344,227.63443,629.2404,-1"
867,"836.07135,1479.2482,536.7399,568.26355,1483.0039,333.66846,-1"
868,"91.622894,609.0294,117.57802,688.83514,259.90952,206.3794,-1"
869,"4837.3013,96-1.0018,272.84494,157.301,61.85784,614.07904,-1"
870,"5239.419,3339.8076,124.143654,326.3607,900.1889,260.39343,-1"
871,"88.34752,7177.211,2944.2139,72-1.0015,389.71564,228.04332,-1"
872,"1732.2399,363.9229,662.9829,1520.9427,89-1.0819,1146.218,-1"
873,"324.53677,357.62833,1336.3405,140.65892,1962.132,611.93585,-1"
874,"679.1769,548.81,1133.5983,1410.6962,647.84863,181.9946,-1"
875,"675.10425,266.64386,1288,157.1983,497.726,881.38965,-1"
876,"3208.9043,70.26318,182.57367,359.61707,96.241035,398.90372,-1"
877,"1291.5387,167.42534,3031.2905,2703.2837,146.19553,279.3685,-1"
878,"528.6414,279.17505,2644.0378,579.07294,163.68031,298.8637,-1"
879,"854.19543,2040.9575,606.93024,526.13495,169.1968,249.71912,-1"
880,"2374.414,612.30524,57.47552,185.9455,529.72534,162.84352,-1"
881,"1173.0472,1843.4357,171.96852,697.0813,732.20776,3869.0425,-1"
882,"871.45135,1138.8745,210.77957,320.95712,2401.977,1125.5583,-1"
883,"197.1599,2447.8867,690.5619,166.94801,1282.9011,152.34158,-1"
884,"343.98526,305.48114,2483.7837,1005.9482,730.7517,435.35635,-1"
885,"1599.998,1321.0468,311.97293,518.40063,121.80051,573.1014,-1"
886,"588.3509,553.84467,561.397,297.24976,2874.0488,379.85565,-1"
887,"287.50272,415.4738,1041.5104,3007.5693,475.42404,283.92102,-1"
888,"1136.2423,224.64009,194.24945,449.9388,325.00986,395.02945,-1"
889,"1130.5231,3199.8987,1351.8778,97.08617,252.07484,263.3231,-1"
890,"394.0444,510.4128,148.0508,360.5865,503.17963,265.88184,-1"
891,"669.9377,397.60455,2893.907,3869.88,147.3066,235.18251,-1"
892,"5282.2573,986.4574,537.8765,303.64572,396.9239,256.49164,-1"
893,"524.47296,798.3297,1037.2681,294.91135,88.48605,252.08728,-1"
894,"709.13794,3722.8132,1695.0632,547.6479,125.65249,83.19055,-1"
895,"298.4642,564.6912,213.79994,1158.6547,2447.9124,150.65701,-1"
896,"556.2031,1638.0638,160.20442,277.92947,107.382164,484.03284,-1"
897,"856.66705,293.10135,196.79309,953.6612,1028.4153,151.07117,-1"
898,"1205.1912,365.0242,421.28348,625.41736,5629.4287,141.88026,-1"
899,"1843.9996,3989.2358,274.76053,721.6208,55.347588,285.50284,-1"
900,"472.41263,349.14322,165.58614,890.99426,227.34569,106.762146,1743.9148"
901,"1191.3032,435.7903,344.62924,1194.2631,756.224,103.55248,127.293434"
902,"90.52658,177.98283,1088.0791,56.682465,187.41423,315.699,3828.3965"
903,"184.37679,62.733402,1451.0831,706.56866,683.492,363.5676,125.14674"
904,"1045.92,477.83704,330.35245,205.6852,1129.1371,312.72382,149.83566"
905,"349.39755,188.62668,349.86282,668.0131,587.14606,123.10537,427.64008"
906,"850.6464,343.444,1278.1884,316.8591,106.109245,129.09886,184.19653"
907,"864.1261,650.325,657.65704,200.62173,5327.9062,344.24908,4365.777"
908,"1906.3881,1206.4156,473.51776,199.21019,380.36713,364.12067,229.6262"
909,"1150.39,1163.8322,57.544094,1107.5117,335.33023,894.3408,2991.0337"
910,"1685.8796,596.79114,130.55876,563.132,748.0086,177.2017,1148.4808"
911,"819.4433,158.62953,489.02817,254-1.0063,1382.2042,743.27783,174.8864"
912,"1237.2635,928.9257,1014.3161,2287.7312,58.858406,337.35367,225.04211"
913,"783.61975,270.6802,606.1998,63.88676,1629.4526,690.82526,292.51904"
914,"925.9514,712.2123,435.7109,920.5729,257.9559,451.86908,535.3129"
915,"713.57245,2598.2207,518.50775,295.77127,843.71924,724.2254,1397.6383"
916,"380.84454,611.93335,383.43027,1743.5782,1131.5408,763.6289,2886.5217"
917,"1121.8146,192.16995,109.46544,278.4577,514.7648,359.39014,231.92517"
918,"94.4495,645.368,4658.4727,1004.79767,649.1026,334.28973,357.7159"
919,"246.0329,58.52741,159.33507,534.20325,126.07954,360.7043,58.366142"
920,"817.55365,3379.6726,951.81744,300.3799,191.67467,373.20132,1544.4169"
921,"286.42502,213.70247,193.73361,2381.526,347.78064,2054.9421,420.64578"
922,"1020.5447,909.04736,777.4538,2202.9824,73.909775,718.4363,1065.2584"
923,"744.72064,5153.5454,2753.2866,1986.439,560.42126,324.88007,336.05817"
924,"999.39386,709.3425,3113.4546,3979.123,457.34686,1393.0262,285.88644"
925,"74.46373,66.98862,1738.2313,161.6285,2579.3577,80.219635,270.17972"
926,"1244.6984,453.4212,79.39427,717.69714,105.92093,342.35715,329.16425"
927,"444.80112,750.6064,367.96756,708.60394,124.97307,56.69422,1275.2152"
928,"492.15042,1289.0728,335.52457,79.78046,415.06107,387.40143,2537.6206"
929,"335.429,153.66301,299.6326,497.3989,262.3914,354.19632,2811.349"
930,"577.5946,190.96257,696.3116,326.2547,1306.8701,388.41132,731.7172"
931,"945.0406,1175.6033,166.22514,174.73195,845.54504,444.3939,513.2802"
932,"856.6569,94.99659,966.3545,414.0441,1842.09,323.80258,307.27206"
933,"721.8736,59.813747,1057.3529,74.987144,407.17624,1015.6992,1872.4138"
934,"1312.9081,678.85065,2844.1113,145.66602,1476.2051,168.65926,1835.2106"
935,"589.55994,252.83183,920.3362,285.06854,274.93616,1489.4648,278.48856"
936,"1064.9825,582.20483,317.4006,277.13766,45-1.0265,367.8414,505.44992"
937,"1390.1571,388.03882,225.74347,1341.1195,602.74115,248.74196,406.82346"
938,"555.841,1312.058,370.30563,248.56956,61.140266,672.8269,119.503136"
939,"3394.8535,1808.3853,989.0394,652.4472,390.21936,182.88635,374.02786"
940,"201.57182,191.90347,631.7986,405.88803,1556.958,1026.6542,236.21072"
941,"109.255264,2792.8555,75-1.07697,2113.0864,438.27792,970.7697,74.70324"
942,"82.69557,108.32063,378.74048,606.47003,721.4877,1028.6046,95.6329"
943,"1656.4695,294.31516,94.205956,103.23619,701.527,2696.5693,284.1862"
944,"2513.4177,253.20424,660.64935,295.99844,2852.967,1149.2284,356.1549"
945,"585.46796,169.57991,122.11163,306.27295,1178.9204,182.88948,165.95341"
946,"968.82635,501.56342,641.376,1004.49567,286.2399,966.31433,144.03905"
947,"2227.1162,935.34406,246.30606,909.19684,454.12564,215.06096,292.5541"
948,"875.5649,202.77606,563.0616,276.22144,301.3587,380.32538,284.82385"
949,"298.11087,504.3948,2830.8916,1069.4744,355.8371,637.9506,604.6851"
950,"4017.1233,185.92867,785.24445,857.2945,689.24384,1249.9441,139.57878"
951,"1132.475,77.60994,1484.284,37-1.07004,503.49466,155.96796,111.29175"
952,"327.2819,1685.4431,1221.2225,81.31139,645.26636,385.3406,303.61392"
953,"298.7289,127.8497,173.36432,1718.967,222.45009,1811.087,429.44247"
954,"154.62933,2191.6028,454.45456,617.3249,325.8641,705.38776,210.88481"
955,"2562.3354,536.75665,324.7082,281.96243,151.2902,389.02747,226.09052"
956,"339.20828,3601.7595,411.80426,450.82315,767.4062,250.3554,340.25888"
957,"349.0335,1483.8527,4445.107,364.5903,295.87692,225.30782,545.84357"
958,"442.68765,379.42462,378.5132,591.7161,378.24173,758.8564,402.20358"
959,"717.47437,277.44736,1155.1349,8006.464,229.59161,309.49866,356.0096"
960,"259.05386,339.1918,539.0832,157.83986,649.42645,398.0449,480.62955"
961,"828.16327,3633.2231,291.73727,632.7762,4224.0356,259.9496,377.32"
962,"760.3692,59.826252,613.9284,798.21967,408.64734,682.02924,443.53778"
963,"1485.5814,970.8018,548.00024,473.48914,512.2518,197.95673,2405.4807"
964,"8025.104,461.88614,894.45776,405.96286,58.149254,728.454,935.28064"
965,"199.07593,92.30356,1295.9208,345.37228,139.69063,1098.286,200.5499"
966,"1093.9708,354.9384,244.52818,397.78128,4665.692,95.8857,74.235535"
967,"346.22906,120.17976,838.04755,336.58286,213.05319,162.12701,1269.7059"
968,"2080.3896,271.70718,111.12127,254.53903,689.8162,3099.884,844.9111"
969,"1941.4343,488.8126,320.9623,333.79886,243.51938,357.57074,291.1314"
970,"337.40195,177.36427,595.15173,1620.778,225-1.09,134.32207,410.69012"
971,"1030.5846,1288.061,133.899,847.27924,191.37993,1463.0294,75.94694"
972,"278.02292,776.18414,2705.546,1461.0975,434.02875,889.1391,278.37524"
973,"601.6684,2562.8762,558.51984,807.6468,1083.1915,88.83187,161.72057"
974,"228.75153,3614.326,1031.5223,322.02975,931.4507,72.942764,4478.3667"
975,"828.00775,183.92722,270.65952,654.6025,156.22307,678.5158,1215.9059"
976,"610.3134,882.5749,1054.6082,1373.4564,881.31323,337.99896,1537.9261"
977,"552.5925,394.33804,829.4051,113.53883,139.62166,346.4776,2939.629"
978,"439.76736,454.90268,4093.5781,728.62213,275.07397,179.62103,404.14725"
979,"750.5919,1049.259,1386.0813,68.56299,258.6445,146.44344,78.185074"
980,"431.34576,266.32306,559.4051,1515.1586,255.86414,79.91745,392.74127"
981,"1179.2148,3055.3574,263.45377,1739.8566,168-1.0262,295.81076,745.23016"
982,"2796.4097,258.55804,2377.4766,63.545536,488.49368,4204.921,183.59158"
983,"867.6374,527.82404,1710.9954,738.37317,1102.4569,1484.143,675.75073"
984,"315.97757,1740.89,1748.1627,97.48907,162.13277,135.19077,496.2889"
985,"576.5102,205.30663,630.71185,681.0602,280.8782,1060.8601,71.99142"
986,"231.05666,406.28375,170.16487,538.3403,2952.951,497.1076,191.99539"
987,"5120.2935,683.7321,1425.3583,1426.8297,432.14337,905.70233,284.85086"
988,"1436.391,218.57788,253.81721,435.882,1528.1748,238.67668,109.60915"
989,"383.58392,394.6039,945.28815,349.80875,7173.27,241.16533,249.68903"
990,"6946.45,158.95473,276.79004,528.96106,404.72903,195.90099,393.25394"
991,"6091.47,247.90953,763.23694,175.28963,1358.5322,64.39424,245.35364"
992,"195.55583,213.92426,453.1428,220.81514,336.57645,1028.9678,344.1536"
993,"2013.1796,3306.0918,301.9602,628.11957,78.866486,610.70667,828.9468"
994,"550.2609,265.07797,223.75589,1214.8995,301.33084,181.89726,389.07077"
995,"973.5898,5396.2266,580.1121,342.8646,440.29324,117.9732,94.0373"
996,"2365.7266,724.10077,294.36588,159.23259,882.34296,2313.1895,1100.4415"
997,"982.6271,139.58376,567.6816,1267.4949,974.26605,327.0316,565.2848"
998,"1376.5363,2291.4395,1277.2267,3802.3452,398.1937,186.87964,680.9376"
999,"212.37064,461.34518,744.2314,3005.1448,969.49854,376.71466,310.46066"
1000,"1155.053,761.93787,471.3734,-1,-1,-1,-1"
1001,"197.28897,669.75446,171.03073,-1,-1,-1,-1"
1002,"907.4228,428.32654,201.21254,-1,-1,-1,-1"
1003,"869.12524,399.12363,3296.5298,-1,-1,-1,-1"
1004,"2226.859,291.90857,2773.561,-1,-1,-1,-1"
1005,"2200.883,253.29326,374.07166,-1,-1,-1,-1"
1006,"3383.3665,704.1298,272.09625,-1,-1,-1,-1"
1007,"863.5896,1018.1408,76.302536,-1,-1,-1,-1"
1008,"514.5606,2117.191,1470.8064,-1,-1,-1,-1"
1009,"530.5671,2222.239,1053.252,-1,-1,-1,-1"
1010,"503.63458,177.18697,1905.6178,-1,-1,-1,-1"
1011,"832.18744,1313.424,974.1007,-1,-1,-1,-1"
1012,"311.45535,131.16534,764.4643,-1,-1,-1,-1"
1013,"1459.6604,87.01063,148.12172,-1,-1,-1,-1"
1014,"187.96483,744.9651,625.6549,-1,-1,-1,-1"
1015,"1474.6654,543.99866,646.1199,-1,-1,-1,-1"
1016,"4235.251,141.76431,587.5346,-1,-1,-1,-1"
1017,"891.42163,305.89868,276.54962,-1,-1,-1,-1"
1018,"1496.8844,3538.5435,336.4457,-1,-1,-1,-1"
1019,"202.71446,563.97046,197.00465,-1,-1,-1,-1"
1020,"440.6564,2403.942,3016.5005,-1,-1,-1,-1"
1021,"1496.6469,61.8442,5797.54,-1,-1,-1,-1"
1022,"160.84576,102.11575,1203.3197,-1,-1,-1,-1"
1023,"1183.0261,4128.407,477.7328,-1,-1,-1,-1"
1024,"95.375305,158.08215,185.16376,-1,-1,-1,-1"
1025,"782.6901,558.9066,282.34515,-1,-1,-1,-1"
1026,"1318.53,1483.5486,2913.7903,-1,-1,-1,-1"
1027,"288.2534,461.26483,890.65295,-1,-1,-1,-1"
1028,"813.4386,570.4904,775.2583,-1,-1,-1,-1"
1029,"643.2321,1443.0951,980.752,-1,-1,-1,-1"
1030,"779.8822,653.8958,1297.5249,-1,-1,-1,-1"
1031,"1153.7158,864.4938,196.27225,-1,-1,-1,-1"
1032,"683.6157,942.19806,3526.7896,-1,-1,-1,-1"
1033,"2104.5623,195.50856,6487.409,-1,-1,-1,-1"
1034,"985.6457,2666.2278,328.87433,-1,-1,-1,-1"
1035,"673.4646,370.86606,318.11884,-1,-1,-1,-1"
1036,"2409.3298,196.95622,474.44574,-1,-1,-1,-1"
1037,"1251.0177,1526.7631,358.5807,-1,-1,-1,-1"
1038,"792.2941,1493.5322,938.78937,-1,-1,-1,-1"
1039,"187.6243,1534.603,286.03247,-1,-1,-1,-1"
1040,"1213.2943,1020.86,2906.7144,-1,-1,-1,-1"
1041,"303.15433,177.45193,158.92749,-1,-1,-1,-1"
1042,"806.6238,267.83054,3051.3276,-1,-1,-1,-1"
1043,"569.5895,3924.5347,214.38719,-1,-1,-1,-1"
1044,"233.95183,527.4795,2080.8628,-1,-1,-1,-1"
1045,"1349.3585,701.4952,305.99896,-1,-1,-1,-1"
1046,"539.3627,471.65744,264.12708,-1,-1,-1,-1"
1047,"2425.4219,2417.6367,624.3393,-1,-1,-1,-1"
1048,"129.77795,232.2789,5468.9263,-1,-1,-1,-1"
1049,"722.69104,246.36836,1279.6434,-1,-1,-1,-1"
1050,"10390.774,154.282,163.57733,-1,-1,-1,-1"
1051,"1292.1318,154.3594,344.63132,-1,-1,-1,-1"
1052,"732.52576,1642.963,129.0113,-1,-1,-1,-1"
1053,"6832.986,2275.1606,226.63695,-1,-1,-1,-1"
1054,"761.4851,432.42316,106.70834,-1,-1,-1,-1"
1055,"212-1.0984,909.54926,147.36295,-1,-1,-1,-1"
1056,"419.2875,469.53867,691.736,-1,-1,-1,-1"
1057,"1274.1423,85.32193,312.40262,-1,-1,-1,-1"
1058,"533.5636,6552.186,325.54514,-1,-1,-1,-1"
1059,"474.05304,147.37184,733.7096,-1,-1,-1,-1"
1060,"957.95667,141.89816,868.73816,-1,-1,-1,-1"
1061,"779.51117,1591.5853,402.74332,-1,-1,-1,-1"
1062,"2897.84,292.8667,383.5761,-1,-1,-1,-1"
1063,"1088.4993,402.90042,358.26285,-1,-1,-1,-1"
1064,"522.2141,370.817,517.5205,-1,-1,-1,-1"
1065,"399.7796,378.10858,245.9045,-1,-1,-1,-1"
1066,"1152.4777,1835.6023,460.7329,-1,-1,-1,-1"
1067,"896.8058,1082.6185,189.66293,-1,-1,-1,-1"
1068,"481.49585,366.2379,1070.2887,-1,-1,-1,-1"
1069,"829.7532,1703.3077,814.6831,-1,-1,-1,-1"
1070,"219.21434,488.36765,540.2188,-1,-1,-1,-1"
1071,"41-1.06165,644.25464,531.30536,-1,-1,-1,-1"
1072,"117.944855,432.72098,521.6515,-1,-1,-1,-1"
1073,"1252.1321,545.46484,166.10516,-1,-1,-1,-1"
1074,"163.64638,656.7404,756.858,-1,-1,-1,-1"
1075,"433.79654,95.8604,824.63654,-1,-1,-1,-1"
1076,"2049.6943,379.08594,256-1.04,-1,-1,-1,-1"
1077,"794.88214,588.61005,355.95193,-1,-1,-1,-1"
1078,"3180.971,977.0306,123.58118,-1,-1,-1,-1"
1079,"630.85187,732.18494,1079.9603,-1,-1,-1,-1"
1080,"61.097305,5915.0176,1011.454,-1,-1,-1,-1"
1081,"1838.3204,2130.285,415.62396,-1,-1,-1,-1"
1082,"170.26065,448.5216,100.39946,-1,-1,-1,-1"
1083,"4996.214,86.87204,611.8913,-1,-1,-1,-1"
1084,"539.70996,2487.5881,2945.4136,-1,-1,-1,-1"
1085,"176.01198,395.23935,4977.1616,-1,-1,-1,-1"
1086,"3449.0166,629.04236,563.3244,-1,-1,-1,-1"
1087,"986.8147,1754.0537,292.56448,-1,-1,-1,-1"
1088,"3805.295,1117.2125,400.96713,-1,-1,-1,-1"
1089,"720.26013,882.61707,937.53656,-1,-1,-1,-1"
1090,"4646.1685,263.51385,130.113,-1,-1,-1,-1"
1091,"4425.3433,299.88147,508.8483,-1,-1,-1,-1"
1092,"353.1082,302.4515,919.2206,-1,-1,-1,-1"
1093,"229.17711,183.56674,352.7338,-1,-1,-1,-1"
1094,"402.95306,320.3882,184.63799,-1,-1,-1,-1"
1095,"1817.439,402.13846,417.2,-1,-1,-1,-1"
1096,"201.43628,1453.2358,122.73909,-1,-1,-1,-1"
1097,"255.68239,594.22894,653.05505,-1,-1,-1,-1"
1098,"472.97775,574.3205,106.14456,-1,-1,-1,-1"
1099,"741.15283,137.65735,537.3721,-1,-1,-1,-1"
1100,"1900.1951,1233.6469,224.09853,727.88416,-1,-1,-1"
1101,"1911.8837,1369.1119,368.55182,149.51295,-1,-1,-1"
1102,"325.8655,664.0575,1407.7906,1166.1687,-1,-1,-1"
1103,"1524.9581,467.00446,1036.3856,621.4681,-1,-1,-1"
1104,"254.70125,512.6329,84.800064,2534.8171,-1,-1,-1"
1105,"257.2665,2991.7092,3487.2234,1269.0133,-1,-1,-1"
1106,"266.4523,618.59686,346.46628,794.8338,-1,-1,-1"
1107,"313.05832,544.11,776.8938,722.8846,-1,-1,-1"
1108,"1901.285,6960.975,427.79065,941.18896,-1,-1,-1"
1109,"8254.349,507.97995,116.24816,401.92703,-1,-1,-1"
1110,"1703.787,436.77164,840.9071,239.63257,-1,-1,-1"
1111,"3103.8508,102.2032,617.7326,289.9401,-1,-1,-1"
1112,"2349.194,101.7784,1666.2275,690.86456,-1,-1,-1"
1113,"799.0789,2614.941,354.40915,375.5026,-1,-1,-1"
1114,"863.97064,338.3821,850.2424,566.28064,-1,-1,-1"
1115,"7739.933,1117.0385,1234.9879,875.87305,-1,-1,-1"
1116,"111.645294,248.15146,1020.5335,163.09546,-1,-1,-1"
1117,"2288.905,1787.6222,210.21626,489.7858,-1,-1,-1"
1118,"3066.1074,186.91571,191.56271,101.360886,-1,-1,-1"
1119,"809.2714,190.15999,1105.178,145.16985,-1,-1,-1"
1120,"169.86473,1112.6329,4099.8906,713.8038,-1,-1,-1"
1121,"2978.0542,1753.6113,303.23734,946.273,-1,-1,-1"
1122,"970.45013,406.63608,310.4372,472.08902,-1,-1,-1"
1123,"4359.4185,1015.8382,1222.0055,140.94981,-1,-1,-1"
1124,"350.17148,592.3459,3086.4482,3539.5994,-1,-1,-1"
1125,"2790.6602,1209.9681,1477.2493,592.1678,-1,-1,-1"
1126,"7048.5513,379.4896,1620.5443,881.90295,-1,-1,-1"
1127,"4861.31,448.07516,379.6137,221.07523,-1,-1,-1"
1128,"1317.223,1052.8759,1048.5931,1286.4308,-1,-1,-1"
1129,"2929.4202,142.11763,781.234,1032.0475,-1,-1,-1"
1130,"5571.693,533.7354,2299.6711,419.37527,-1,-1,-1"
1131,"285.72717,1306.1558,1020.12555,849.475,-1,-1,-1"
1132,"759.0887,438.14725,849.0588,574.1303,-1,-1,-1"
1133,"213.84148,163.26097,5545.0215,378.35254,-1,-1,-1"
1134,"298.42758,116.379715,372.17062,9022.458,-1,-1,-1"
1135,"260.4316,847.04486,122.218994,341.14624,-1,-1,-1"
1136,"482.88162,1784.5122,1218.1156,387.78833,-1,-1,-1"
1137,"3855.151,60.806988,474.96008,1484.629,-1,-1,-1"
1138,"95.15567,438.42203,819.07825,437.2119,-1,-1,-1"
1139,"349.01407,270.5094,573.55176,379.88223,-1,-1,-1"
1140,"813.64435,529.6922,3114.8643,216.50464,-1,-1,-1"
1141,"815.56024,118.68378,282.9387,935.60034,-1,-1,-1"
1142,"904.9161,1991.4869,184.82036,1343.1173,-1,-1,-1"
1143,"1618.3988,152.34514,402.77133,1693.5596,-1,-1,-1"
1144,"295.8951,792.7391,137.16621,824.9143,-1,-1,-1"
1145,"254.62764,1342.9382,688.7103,1711.4531,-1,-1,-1"
1146,"88.92198,1038.566,1893.9122,266.7681,-1,-1,-1"
1147,"2617.7769,326.6852,1174.3768,647.7447,-1,-1,-1"
1148,"924.9311,976.07263,852.72894,1107.3295,-1,-1,-1"
1149,"1062.7897,3876.6035,239.76517,247.5283,-1,-1,-1"
1150,"143.34654,241.41927,978.8438,911.6868,-1,-1,-1"
1151,"941.77686,144.98134,397.09647,103.40117,-1,-1,-1"
1152,"329.4636,1612.0177,801.316,407.51764,-1,-1,-1"
1153,"354.9312,1298.347,6163.476,63.044743,-1,-1,-1"
1154,"2419.6885,179.12807,119.83337,750.4344,-1,-1,-1"
1155,"3385.5317,3061.8623,216.37502,1066.3954,-1,-1,-1"
1156,"519.0424,177.23552,364.3853,405.1946,-1,-1,-1"
1157,"349.84885,266.77707,663.98505,900.78754,-1,-1,-1"
1158,"1356.1145,882.3714,380.5798,322.98126,-1,-1,-1"
1159,"6192.18,1969.8668,200.33896,301.966,-1,-1,-1"
1160,"592.01556,1306.298,140.15869,642.28186,-1,-1,-1"
1161,"704.7515,4293.232,575.4528,147.10667,-1,-1,-1"
1162,"976.51715,736.7824,123.7359,890.8608,-1,-1,-1"
1163,"1403.2776,386.1056,441.84598,737.04755,-1,-1,-1"
1164,"1679.3121,223.35657,756.5595,1312.4686,-1,-1,-1"
1165,"8891.264,845.42535,173.5708,1237.0452,-1,-1,-1"
1166,"200.30089,1462.8506,2213.8066,417.79306,-1,-1,-1"
1167,"10197.113,227.32982,442.59488,344.58838,-1,-1,-1"
1168,"1563.3835,2308.724,472.13367,213.7903,-1,-1,-1"
1169,"761.62964,403.31607,159.70311,256.827,-1,-1,-1"
1170,"1163.6376,572.80853,367.52045,1007.3192,-1,-1,-1"
1171,"474.36182,1318.9862,488.81833,1705.6437,-1,-1,-1"
1172,"518.36414,434.85654,1248.3978,2434.931,-1,-1,-1"
1173,"1384.5223,714.8661,658.3658,1372.9105,-1,-1,-1"
1174,"2230.309,432.2276,99.638,1444.8706,-1,-1,-1"
1175,"1051.4276,178.5904,4236.766,124.06478,-1,-1,-1"
1176,"4727.777,529.96075,69.25834,649.96466,-1,-1,-1"
1177,"922.96625,830.11804,1137.7391,100.564186,-1,-1,-1"
1178,"1542.213,634.0088,357.78345,66.19727,-1,-1,-1"
1179,"1499.0872,166.76048,1333.4496,160.64085,-1,-1,-1"
1180,"1737.4962,1134.2521,3855.5977,1069.1903,-1,-1,-1"
1181,"386.08786,981.939,1954.4406,147.98396,-1,-1,-1"
1182,"290.24576,6104.315,1606.8391,2685.0127,-1,-1,-1"
1183,"103.70616,3277.204,158.58524,478.09146,-1,-1,-1"
1184,"824.694,268.08926,2935.552,1185.3319,-1,-1,-1"
1185,"3375.171,125.708244,1094.8656,80.38759,-1,-1,-1"
1186,"273.26028,206-1.0615,1001.77655,307.02908,-1,-1,-1"
1187,"135.93433,1398.0851,419.73636,696.1704,-1,-1,-1"
1188,"419.70068,867.7076,739.0615,4411.7183,-1,-1,-1"
1189,"3903.8132,709.69904,292.2501,1066.3632,-1,-1,-1"
1190,"8864.772,230.68636,428.19016,655.8243,-1,-1,-1"
1191,"1033.2062,127.29973,1043.6796,370.93277,-1,-1,-1"
1192,"2362.6294,1892.8707,1509.5009,874.4177,-1,-1,-1"
1193,"897.4389,63.15119,739.00104,1141.0211,-1,-1,-1"
1194,"565.6806,2250.255,812.1306,194.66814,-1,-1,-1"
1195,"249.69286,75.585434,1293.8304,1052.7203,-1,-1,-1"
1196,"4152.563,523.3883,1441.3319,1641.1125,-1,-1,-1"
1197,"254.94347,475.10037,351.63605,472.02,-1,-1,-1"
1198,"5094.73,1190.59,751.28986,662.21747,-1,-1,-1"
1199,"4299.2905,5081.7446,86.97325,835.83154,-1,-1,-1"
1200,"1458.2046,575.1912,608.5035,135.1591,394.24457,-1,-1"
1201,"5548.0894,1183.5155,2605.0698,306.41064,63.18771,-1,-1"
1202,"2884.416,205.97023,106.26971,257.26797,7594.8745,-1,-1"
1203,"3673.3938,711.34717,472.12204,724.5505,1115.6521,-1,-1"
1204,"851.78265,377.36172,113.34448,1729.2552,5616.375,-1,-1"
1205,"611.8079,311.45013,288.88898,278.3103,109.12847,-1,-1"
1206,"212.48126,417.679,755.12823,1868.2411,482.31418,-1,-1"
1207,"790.20715,2113.18,3440.805,237.00963,117.65446,-1,-1"
1208,"2862.111,875.4993,333.11258,783.5574,2757.7732,-1,-1"
1209,"701.7956,497.87238,354.21082,1239.7257,379.07803,-1,-1"
1210,"1252.341,217.18336,2449.238,1521.8761,257.14676,-1,-1"
1211,"199.58429,787.9725,287.6861,677.0244,661.9911,-1,-1"
1212,"548.8064,722.2045,306.93222,622.5104,791.939,-1,-1"
1213,"1921.1862,166.767,3509.6194,249.25421,546.82495,-1,-1"
1214,"1607.5074,205.78792,418.30164,724.7513,1020.16046,-1,-1"
1215,"1672.5331,426.22055,1662.4252,409.51038,1853.2406,-1,-1"
1216,"339.10867,348.88498,123.35269,396.25632,256.675,-1,-1"
1217,"883.3261,155.40828,350.16965,1533.104,1185.2319,-1,-1"
1218,"231.46931,639.81744,510.21204,336.35583,313.51767,-1,-1"
1219,"611.14355,629.1421,1072.0972,1050.597,268.6265,-1,-1"
1220,"326.70407,9335.748,2072.9688,454.8423,181.22263,-1,-1"
1221,"286.95804,1272.183,399.34357,367.81534,1257.1891,-1,-1"
1222,"1059.7672,684.5179,327.38132,2200.2505,164.92186,-1,-1"
1223,"529.77106,9188.757,2735.8247,297.0062,232.00804,-1,-1"
1224,"8781.784,519.5674,341.126,350.2648,288.6413,-1,-1"
1225,"149.05382,450.2239,547.93744,262.40506,2029.8298,-1,-1"
1226,"1724.4385,156.44984,86.70027,248.20367,353.8585,-1,-1"
1227,"1177.317,785.2741,773.15533,384.41043,263.53082,-1,-1"
1228,"7687.517,2267.8318,711.5675,344.00714,626.51447,-1,-1"
1229,"2878.2222,1501.4916,1261.8265,524.5159,1256.1652,-1,-1"
1230,"742.8026,737.6324,1375.3706,196.53609,644.77734,-1,-1"
1231,"1486.4261,450.75497,417.46072,1569.6218,601.25366,-1,-1"
1232,"626.07623,1467.0441,807.7967,339.1775,747.20386,-1,-1"
1233,"2889.4053,2160.5706,400.7916,199.53035,133.06984,-1,-1"
1234,"348.89566,976.71893,1052.1282,2060.24,486.49527,-1,-1"
1235,"1157.7372,1599.4042,535.70416,1308.7013,66.03135,-1,-1"
1236,"124.145996,1249.4192,122.02402,567.38995,774.5143,-1,-1"
1237,"882.8003,511.35815,6466.372,657.0283,1066.0148,-1,-1"
1238,"704.84125,691.99506,1608.2391,456.3685,187.26836,-1,-1"
1239,"1311.3416,250.62604,854.54156,361.60837,913.14343,-1,-1"
1240,"788.24506,721.0147,415.59076,1106.3492,757.00226,-1,-1"
1241,"1584.7479,573.59796,1527.1838,623.6965,332.93817,-1,-1"
1242,"140.23698,674.5009,1338.2208,480.4428,908.43634,-1,-1"
1243,"417.53433,749.5787,515.0205,488.50534,354.66605,-1,-1"
1244,"533.9992,754.3699,1275.8864,308.13632,144.97699,-1,-1"
1245,"798.82,485.4625,1616.4764,298.85507,124.64489,-1,-1"
1246,"1634.4281,5534.814,180.13763,138.3127,440.2374,-1,-1"
1247,"3556.9126,889.8212,1785.2393,483.7648,386.0119,-1,-1"
1248,"598.19055,2230.74,244.34975,527.7524,972.6728,-1,-1"
1249,"4137.81,296.25833,215.07263,412.03284,1112.2275,-1,-1"
1250,"1274.203,2889.8887,684.3538,2291.3765,1427.9641,-1,-1"
1251,"341.48837,256.0139,209.61743,436.3402,359.19055,-1,-1"
1252,"803.77765,384.68246,1094.7635,1307.3322,898.9344,-1,-1"
1253,"1532.0438,456.91544,557.04083,1174.0493,837.9735,-1,-1"
1254,"960.6958,286.99442,79.53885,365.87607,318.8323,-1,-1"
1255,"1161.857,181.13077,1909.6622,1065.6959,140.36255,-1,-1"
1256,"445.8196,381.80197,251.15956,239.45361,367.69144,-1,-1"
1257,"1692.4023,435.652,431.53897,160.97195,421.3443,-1,-1"
1258,"1333.9716,447.60974,833.6927,4396.007,816.1454,-1,-1"
1259,"680.1258,799.44037,994.02515,2821.8892,84.59919,-1,-1"
1260,"1274.4077,64.41941,2530.8638,555.019,150.40729,-1,-1"
1261,"1332.2583,524.21375,1268.7501,334.76266,487.87125,-1,-1"
1262,"432.17697,431.59592,167.89389,419.02454,483.10333,-1,-1"
1263,"114.46711,1197.2684,1815.7755,314.88016,80.46855,-1,-1"
1264,"584.99,2516.0332,993.5664,554.53046,315.17395,-1,-1"
1265,"2951.3086,437.28192,2234.2615,895.00323,219-1.042,-1,-1"
1266,"235.99734,137.51369,626.3708,342.71622,1100.2573,-1,-1"
1267,"874.39874,1433.6176,641.93994,857.469,74.28452,-1,-1"
1268,"671.5627,1271.3015,420.49936,960.3074,236.29594,-1,-1"
1269,"141.6952,1670.5359,361.61203,531.1589,324.24088,-1,-1"
1270,"11442.125,85.5787,111.678375,1676.8613,358.4525,-1,-1"
1271,"212.07939,64.96585,1030.8405,359.71716,583.00464,-1,-1"
1272,"259.17355,277.73938,90.99797,5819.238,612.71674,-1,-1"
1273,"462.46515,6621.4287,148.13643,249.09811,335.00992,-1,-1"
1274,"822.5362,171.29308,266.2746,1010.90967,960.6368,-1,-1"
1275,"1871.2753,1527.2344,5349.3853,923.96924,158.84477,-1,-1"
1276,"212.66716,771.0529,1735.041,687.5478,2005.157,-1,-1"
1277,"417.59976,3930.1433,4311.362,773.9351,623.72736,-1,-1"
1278,"1878.7797,147.68436,382.65756,90.36336,336.1173,-1,-1"
1279,"6154.505,1532.2982,915.57294,335.27502,257.69128,-1,-1"
1280,"326.61523,340.3907,98.514206,699.6761,489.98126,-1,-1"
1281,"412.1897,361.17075,1778.0797,450.9248,1707.9247,-1,-1"
1282,"729.8655,1726.7308,230.28136,1725.7167,1678.3473,-1,-1"
1283,"911.4411,449.1379,1544.4469,4666.247,280.9853,-1,-1"
1284,"226.59196,598.3831,997.6855,289.2289,757.8243,-1,-1"
1285,"1561.2262,212.37697,66.92259,333.49655,153.91342,-1,-1"
1286,"574.9991,1420.8593,346.67184,879.59125,933.86475,-1,-1"
1287,"3449.3726,149.2542,2339.8088,2083.5894,171.77641,-1,-1"
1288,"259.53043,350.38272,949.31036,526.632,2344.954,-1,-1"
1289,"299.64624,296.85806,1833.5941,167.38503,742.0541,-1,-1"
1290,"623.19916,5878.355,339.18564,252.60143,200.95776,-1,-1"
1291,"1675.0819,485.6058,906.8035,760.54694,2302.1206,-1,-1"
1292,"2252.9692,151.40402,607.58527,753.68256,3196.3735,-1,-1"
1293,"1518.4501,230.972,544.2388,295.6059,209.13753,-1,-1"
1294,"441.84372,1729.9274,213.29005,4940.415,1225.2427,-1,-1"
1295,"895.6233,712.8711,241.37537,679.264,329.2844,-1,-1"
1296,"1570.3337,376.1307,400.56323,1564.8544,331.55762,-1,-1"
1297,"705.8024,290.8802,399.79843,307.4435,3878.8813,-1,-1"
1298,"555.2361,1179.2128,966.3108,76.46147,405.8685,-1,-1"
1299,"670.28467,1364.6334,272.8727,405.332,213.14284,-1,-1"
1300,"1244.6183,301.34048,557.0602,874.2569,269.07837,602.7546,-1"
1301,"540.9226,620.7727,299.6157,2968.7954,841.6213,220.77786,-1"
1302,"3212.4536,3471.3418,1160.3392,415.98917,551.188,76.575905,-1"
1303,"1832.2025,1712.775,586.34454,188.7743,265.041,300.12177,-1"
1304,"272.6042,1847.7587,966.35504,1634.6957,220.825,183.83043,-1"
1305,"1138.2338,509.91638,910.7709,7999.0317,626.8404,379.01138,-1"
1306,"30-1.02383,716.3366,606.3576,2244.1538,1059.4388,330.35062,-1"
1307,"174.6876,313.07788,156.60661,1920.8148,457.633,336.8535,-1"
1308,"2359.8896,177.03105,526.69635,425.4032,2395.6572,244.32635,-1"
1309,"1099.7373,424.10178,7465.208,800.74615,345.41394,290.52533,-1"
1310,"1505.4911,339.22916,843.163,992.3215,93.90888,302.54175,-1"
1311,"233.0338,634.15424,266.80093,337.67374,157.7992,228.82574,-1"
1312,"1780.5211,595.2259,407.75677,338.28824,114.947784,1363.5441,-1"
1313,"698.4772,1030.377,5648.756,243.82759,352.67212,1095.7357,-1"
1314,"198.10225,988.7247,485.88895,365.8588,319.1322,5524.66,-1"
1315,"11527.339,164.27501,504.85233,195.7822,735.9483,266.48022,-1"
1316,"959.49634,2864.173,3103.6714,487.70993,233.03764,942.5369,-1"
1317,"1924.0963,769.90173,251.04324,2877.9287,2303.8015,675.0515,-1"
1318,"429.90173,1522.1271,1126.4229,411.21164,74.13235,485.51962,-1"
1319,"358.86893,319.15042,10398.783,139.06087,300.4562,1937.5812,-1"
1320,"1381.7651,1811.9446,1209.3737,1197.4247,157.92854,186.56299,-1"
1321,"1169.7405,88.55708,1759.9393,879.36865,211.12848,116.08716,-1"
1322,"466.8028,316.1841,877.2695,5048.7026,685.59076,170.11906,-1"
1323,"139.73,4871.0327,369.17758,269.56387,679.0228,267.6864,-1"
1324,"513.7525,240.2263,420.1139,522.35565,1554.4475,898.9563,-1"
1325,"758.46936,804.07135,1039.3253,109.91833,251.9545,488.8785,-1"
1326,"481.33847,309.22836,175.81262,803.1195,1153.7537,90.88978,-1"
1327,"340.66318,357.33798,5234.965,807.16736,1253.0232,147.09969,-1"
1328,"396.86368,458.11627,914.003,402.78848,1013.505,357.69785,-1"
1329,"1800.4417,380.94565,284.13333,560.82117,166.90822,485.28873,-1"
1330,"138.63579,3082.7366,2079.873,1203.6034,1729.628,327.52933,-1"
1331,"281.82584,1063.3086,57.195816,341.11838,1555.1887,217.40784,-1"
1332,"676.1097,60.45725,87.92224,407.64725,124.489174,396.37448,-1"
1333,"2892.3738,701.6309,60.515316,1829.248,283.71774,568.60425,-1"
1334,"822.44037,647.8946,185.34059,35-1.0669,131.81519,396.5269,-1"
1335,"357.18347,269.30704,713.2682,710.9728,271.34143,2918.5342,-1"
1336,"779.7684,1095.5636,179-1.0873,447.09616,1006.45294,275.09863,-1"
1337,"764.3483,434.66824,553.7316,458.69827,222.61285,436.6426,-1"
1338,"654.5567,99.14169,635.0252,1892.466,354.2953,1411.5515,-1"
1339,"885.99927,1155.4141,491.93137,2090.6494,598.1444,886.90283,-1"
1340,"546.9235,231.62132,3592.1216,1878.6996,592.57,32-1.08197,-1"
1341,"972.7331,791.8774,656.02997,3765.461,438.83868,462.75693,-1"
1342,"433.16138,554.2176,605.5917,81.77498,1222.4655,681.25696,-1"
1343,"1788.9528,114.68843,632.9816,77.25922,102.37537,600.27594,-1"
1344,"1466.6383,289.90305,1516.805,2538.271,348.81787,125.25068,-1"
1345,"2046.9521,218.6368,33-1.02322,150.86308,358.2851,174.81326,-1"
1346,"627.92487,2382.107,1017.0803,153.14946,295.0045,229.54749,-1"
1347,"3056.1702,372.98505,347.4305,168.83661,452.15408,474.4185,-1"
1348,"2988.6694,1041.0397,341.43182,46-1.0317,327.91595,819.1464,-1"
1349,"520.7692,781.6944,1089.152,195.68706,1115.6945,3971.5017,-1"
1350,"535.23944,631.62964,718.49445,294.8983,127.548035,68.99399,-1"
1351,"2111.639,324.69052,764.5013,1076.0709,269.59503,3456.0461,-1"
1352,"1142.4462,3857.855,2137.1724,339.55478,2832.5393,256.59567,-1"
1353,"5703.7734,404.29242,1299.2513,626.35443,832.0223,808.31476,-1"
1354,"312.77853,352.8151,375.17972,99.65718,151.74757,2700.1238,-1"
1355,"184.96031,864.97943,748.19635,241.7659,406.23645,285.68307,-1"
1356,"389.48016,859.68427,120.910934,1515.3756,1912.0902,332.44604,-1"
1357,"146.44722,5613.0615,305.66464,183.54897,350.69162,203.39792,-1"
1358,"132.07233,1065.811,832.2473,255.8009,1053.2416,327.5456,-1"
1359,"2108.0503,1009.4385,491.71933,2117.6611,215.33583,314.6599,-1"
1360,"1501.0238,2633.83,919.1716,329.80142,73-1.04047,362.63046,-1"
1361,"383.44565,878.5525,159.25276,619.0512,210.49883,448.75732,-1"
1362,"2790.3884,194.93626,209.00447,376.27734,3317.109,819.52045,-1"
1363,"213.43611,1379.2372,267.9145,2243.3835,713.25824,284.01364,-1"
1364,"367.4206,543.8308,348.51007,307.66858,409.32935,319.07553,-1"
1365,"305.63562,509.87912,2178.376,4460.928,1244.1775,85.51282,-1"
1366,"3796.7468,535.394,1323.4076,655.17413,317.40533,507.62634,-1"
1367,"1906.7206,181.04323,369.32968,186.80223,492.61478,203.24585,-1"
1368,"82.04483,151.08064,1491.5035,949.8814,281.90143,416.8929,-1"
1369,"1276.9219,721.89496,420.1623,1148.0148,119.55423,1257.4453,-1"
1370,"726.15765,1671.5455,2268.5635,474.616,20-1.03233,416.35202,-1"
1371,"745.1259,498.22287,302.76834,3466.3735,75.23271,1005.4303,-1"
1372,"686.5684,747.1597,2105.743,462.22485,237.66405,2208.4368,-1"
1373,"226.05983,205.7709,10413.715,142.61514,294.47574,1879.6825,-1"
1374,"453.63538,727.91656,188.52162,182.72028,72-1.0265,339.382,-1"
1375,"2175.141,691.1439,251.48521,1835.3922,311.5634,1646.7963,-1"
1376,"730.46185,708.07745,1013.85455,252.53575,590.5702,463.46722,-1"
1377,"179.8229,664.51776,206.16985,564.7716,8111.9297,2957.349,-1"
1378,"942.6054,429.709,1968.1202,2058.3455,226.13432,171.63676,-1"
1379,"876.9532,2396.9028,502.30377,2471.7778,177.22722,341.36124,-1"
1380,"2262.103,1968.3538,688.09503,291-1.0486,229.14622,91.2596,-1"
1381,"981.68976,5592.887,1611.2098,342.52585,299.30588,402.10394,-1"
1382,"3565.5088,478.38693,504.73907,1096.8407,2008.0549,144.51631,-1"
1383,"333.29712,232.47382,2547.692,387.25574,660.86676,469.46573,-1"
1384,"467.18253,566.95514,224.47908,884.0168,323.61557,276.7915,-1"
1385,"741.95,437.535,497.58636,1049.4086,415.07196,475.96088,-1"
1386,"1429.1895,385.3247,339.38486,381.72903,500.57758,282.75293,-1"
1387,"166.84073,6362.446,424.3417,90.63707,140.5252,411.88574,-1"
1388,"1804.662,327.07013,195.16795,1067.6442,308.68945,751.59503,-1"
1389,"370.3639,263.28455,185.84941,302.94626,1145.3909,407.35663,-1"
1390,"312.33115,5315.8735,477.65262,91.179886,723.3456,224.48453,-1"
1391,"1514.5935,582.611,1026.4042,684.33276,565.4382,750.6941,-1"
1392,"2235.9624,1232.8638,773.0515,707.4478,698.812,59.64238,-1"
1393,"895.228,643.8182,726.1263,987.96686,353.34238,281.26108,-1"
1394,"1264.1324,1243.9978,282.88596,252.96375,251.68213,108.85817,-1"
1395,"393.9061,317.85995,912.1556,984.3768,138.06383,488.7404,-1"
1396,"1454.4861,709.1127,211.43358,700.54047,164.52444,67.54545,-1"
1397,"137.98643,6865.482,110.31952,138.40955,207.55244,403.63455,-1"
1398,"496.5787,229.34322,264.32657,1384.6447,634.5467,1186.9048,-1"
1399,"371.5469,2023.5869,633.3322,1294.0206,384.1763,576.26154,-1"
1400,"447.26816,953.39557,332.14572,624.9969,361.4312,278.20746,480.29645"
1401,"2833.2769,434.3445,641.5622,188.71526,545.7118,1635.1118,1034.9294"
1402,"312.76965,3007.1938,849.49384,443.6274,448.20096,294.88797,544.7257"
1403,"544.4272,101.24655,1429.433,1787.6844,421.32858,359.32736,92.18306"
1404,"923.3392,444.25974,525.4991,2261.6104,534.4786,7751.3496,732.72473"
1405,"1215.7155,611.056,46-1.076,623.89056,660.8909,201.86037,277.115"
1406,"240.65794,1284.7382,782.40295,3003.747,745.9319,230.87437,1150.1034"
1407,"433.3133,607.1662,307.80133,770.9395,1972.7965,1441.3016,336.70175"
1408,"1707.9999,86.49244,461.56552,665.26166,275.6976,165.90854,167.2526"
1409,"644.76373,2083.795,481.49475,1036.8348,105.96493,423.10156,1956.9833"
1410,"598.3397,711.52,620.76385,951.62146,3748.9941,363.2045,1140.6915"
1411,"961.6705,962.2878,3436.8823,100.67278,260.26663,410.3149,936.51276"
1412,"1389.533,153.15271,116.929794,1381.0997,105.22128,531.6796,583.9758"
1413,"1550.9298,642.69,118.21471,511.2604,641.672,609.4598,382.99594"
1414,"323.12558,945.67706,2150.7017,352.50748,251.31146,298.59473,381.89578"
1415,"1652.3563,348.6121,770.2526,1181.9237,371.87103,493.37308,473.98132"
1416,"1741.4478,1572.3175,1375.2079,795.71204,2743.504,446.10715,718.42084"
1417,"147.43861,568.7407,507.27945,4280.6675,520.57806,180.63422,3358.1309"
1418,"3892.2842,117.86023,125.3058,184.13683,1491.0365,256.9576,1008.6947"
1419,"5028.4624,582.13043,2367.2646,489.10114,333.1602,919.2475,211.41211"
1420,"729.8442,800.16437,357.97134,168.65326,1260.6984,618.95624,466.56372"
1421,"388.53372,202.48866,753.9264,1700.8127,2138.47,129.77122,2777.3677"
1422,"444.0544,192.44676,1984.6046,315.50723,4486.8804,261.2207,116.239624"
1423,"1137.9242,414.3929,319.5515,927.75055,65.82425,1024.7941,221.99872"
1424,"2557.476,303.47763,354.01215,798.91315,463.207,88.54828,1946.9865"
1425,"1007.1302,1763.5818,1055.4061,365.07147,171.80446,411.81747,422.5157"
1426,"639.91266,716.88086,411.45453,576.27997,505.29614,189.24725,188.43639"
1427,"754.94403,1488.8618,236.14348,1619.6705,96.69853,198.85802,299.8504"
1428,"480.2658,399.3393,815.2863,222.40977,1285.3765,266.24088,482.30798"
1429,"1606.4318,361.35138,238.25397,649.58673,325.76022,515.67303,1483.7465"
1430,"583.23676,151.93643,550.18085,206.25127,458.7928,223.20737,524.1691"
1431,"1229.8955,322.5155,893.0683,799.99713,153.27571,195.4347,251.53755"
1432,"1665.0444,1087.2174,784.7221,819.01996,474.42523,111.804886,535.9163"
1433,"422.74808,971.23914,378.16745,383.19492,158.93654,515.95715,548.3512"
1434,"1236.9967,199.58977,1402.7892,167.31046,268.139,426.48294,58.72033"
1435,"542.58746,1133.715,523.62634,195.66888,71.45142,459.73404,66.914314"
1436,"8049.2515,7543.575,601.4497,181.35127,512.6374,434.0201,1245.5073"
1437,"1662.6947,342.3397,739.80084,650.3862,1213.1387,469.09827,627.4458"
1438,"155.2903,571.6554,856.80444,826.25226,459.9568,410.49448,167.66322"
1439,"200.73825,1747.7706,105.32544,442.88504,304.44455,1994.7551,411.26968"
1440,"84.31183,734.5468,215.122,158.42073,192.67319,97.93634,1746.2883"
1441,"174.24078,25-1.09615,287.20734,2724.9177,670.62054,114.42864,1616.0862"
1442,"274.38077,1512.7506,861.8429,356.12906,361.96817,304.40146,66.51979"
1443,"585.4261,511.30484,172.05309,131.55434,525.97437,502.3163,386.44983"
1444,"1709.696,2507.6326,178.09708,712.59015,226.18457,283.37842,454.45563"
1445,"318.9963,10126.143,646.44446,883.61725,199.83891,185.28137,297.31088"
1446,"1017.395,8087.1978,250.34921,195.03065,74.736404,510.27542,791.48865"
1447,"3450.7148,315.6201,623.48975,4533.905,1192.1941,493.18512,764.03326"
1448,"1108.8553,470.8204,498.50577,1092.7373,345.36743,669.21545,438.38364"
1449,"519.0869,700.66315,164.8058,771.88184,1220.4773,1032.2098,191.15468"
1450,"1161.9939,644.2695,1219.9965,3106.045,59.023155,2281.2856,145.72282"
1451,"777.8143,322.15695,201.7224,3206.8835,828.6135,447.80847,426.47824"
1452,"155.37578,1181.8976,4942.803,375.345,322.95654,111.77024,462.33948"
1453,"2407.974,312.6038,523.887,229.76451,711.25684,79.29891,880.4966"
1454,"913.09796,2563.234,2808.5093,369.43845,698.30664,498.051,1373.9261"
1455,"431.02844,716.21893,188.0489,1319.1644,282.10486,789.5842,2245.5881"
1456,"409.28226,1972.3612,2108.787,1143.4844,579.5855,257.16644,138.3677"
1457,"442.5051,486.52524,485.94687,156.21861,601.0862,340.65448,386.3744"
1458,"1542.7697,109.86261,547.96533,842.541,581.16455,372.18982,162.02185"
1459,"1028.0477,232.46573,376.55048,719.39435,101.617516,190.65042,317.52026"
1460,"383.12723,2311.3477,225.4128,194.02666,225.3162,110.626526,367.50168"
1461,"234.71043,1656.878,600.9013,979.6027,787.3374,657.6386,4957.941"
1462,"117.25136,395.18887,446.58792,1404.8196,1146.1256,179.1678,340.30383"
1463,"220.15068,322.9122,349.82907,840.6693,512.8158,337.3661,576.7887"
1464,"1179.8629,7989.1724,277.25494,363.8914,210.59879,451.30484,144.74237"
1465,"759.8469,562.40137,925.3576,561.29865,331.0016,265.29642,209.2926"
1466,"204.22485,1969.7781,1381.3555,395.36005,444.21887,667.11865,358.4216"
1467,"874.61456,285.4793,625.3427,230.87796,570.30164,133.16438,559.66425"
1468,"315.1348,529.1365,1772.9954,478.37283,71.70586,1490.8228,87.09519"
1469,"1502.5918,585.2615,265.24957,1627.5294,756.2457,1352.8756,222.44128"
1470,"689.59406,838.58356,414.44974,409.9469,81.47298,3773.8745,804.8341"
1471,"1033.7777,476.72925,197.43607,575.90735,241.98335,181.51305,288.06122"
1472,"248.08908,255.12,1662.3866,453.873,386.74292,188.22726,909.7367"
1473,"4746.9297,613.42303,131.54106,1072.3141,254.39127,131.79204,496.81226"
1474,"609.99146,7386.5933,61.555374,1257.3654,429.87534,169.04807,450.35028"
1475,"1025.7916,866.85516,329.89108,319.25455,1598.3169,2135.3953,93.469635"
1476,"1395.11,60.511257,1466.9264,228.31929,1962.1984,175.20894,1102.736"
1477,"545.72833,457.75702,346.17545,336.62265,510.15796,1009.7422,456.21307"
1478,"285.21072,241-1.0264,858.7955,441.02475,528.46173,2421.6802,855.28827"
1479,"1091.2891,309.85962,241.71152,160.63905,228.27115,1139.1832,321.4289"
1480,"321.21097,2687.112,580.17065,459.09003,2723.3386,910.7793,1408.1443"
1481,"905.79675,358.33478,1074.8368,1631.0729,1019.73096,2822.3716,555.7477"
1482,"663.4376,1578.5001,4443.5127,330.51712,2508.4058,282.92966,998.2382"
1483,"527.835,1286.3458,1668.8129,606.5714,191.31387,317.11163,73.58622"
1484,"2049.1143,190.95436,356.36887,250.72777,202.69684,506.3243,817.7551"
1485,"903.8189,275.67752,823.3737,40-1.0685,203.54828,5665.4126,232.6477"
1486,"97.59312,380.75674,188.65547,3680.3394,532.0939,261.4219,470.85928"
1487,"1406.2548,1264.291,306.9485,373.4127,988.25543,1027.2789,607.6919"
1488,"1703.7543,58.374424,59.353767,332.7523,1514.6442,1159.3357,93.948586"
1489,"198.62682,663.5594,4738.622,618.61017,358.4671,351.7202,697.5084"
1490,"341.53522,2790.9834,58.412346,1138.6005,1243.9402,659.3309,58.186646"
1491,"834.53375,2067.2495,339.75067,59.455082,1162.0109,460.66013,565.8002"
1492,"4386.0864,319.88086,108.978584,193.8908,244.86726,249.51068,1456.6003"
1493,"346.70026,1541.9828,381.98288,107.58107,1507.1804,221.00644,304.7563"
1494,"3979.3315,149.21964,132.64098,503.2551,2414.4138,811.35864,2359.1653"
1495,"6052.044,263.65753,510.84354,447.88428,1456.0953,1305.1094,430.75787"
1496,"84.25508,266.1569,532.5348,3085.1816,876.13153,3440.744,587.417"
1497,"562.8333,299.67807,593.6947,264.49426,329.17358,309.71634,420.28818"
1498,"344.64713,1456.1014,346.7223,201.41582,114.59959,724.46643,2526.3027"
1499,"755.3742,197.71826,249.00824,1876.5131,66.28135,312.59793,173.40854"
1500,"185.67198,509.0409,3430.3206,-1,-1,-1,-1"
1501,"141.40782,741.969,708.428,-1,-1,-1,-1"
1502,"2315.2231,688.28375,1028.1134,-1,-1,-1,-1"
1503,"2741.7104,743.0692,932.3014,-1,-1,-1,-1"
1504,"919.18085,443.28415,1398.6477,-1,-1,-1,-1"
1505,"384.68167,2624.6367,608.226,-1,-1,-1,-1"
1506,"2218.2148,338.42267,558.5222,-1,-1,-1,-1"
1507,"560.60803,973.94507,708.9423,-1,-1,-1,-1"
1508,"819.7965,212.42427,718.689,-1,-1,-1,-1"
1509,"384.17593,994.9147,251.21696,-1,-1,-1,-1"
1510,"462.17972,148.26678,333.00055,-1,-1,-1,-1"
1511,"137.18849,653.48175,5365.085,-1,-1,-1,-1"
1512,"4705.069,893.9491,805.3411,-1,-1,-1,-1"
1513,"585.56537,1574.0983,673.95355,-1,-1,-1,-1"
1514,"1244.0115,1256.2838,78.12817,-1,-1,-1,-1"
1515,"623.38403,668.47894,139.91212,-1,-1,-1,-1"
1516,"2255.125,2904.2664,61.704853,-1,-1,-1,-1"
1517,"1814.4489,533.5347,81.801216,-1,-1,-1,-1"
1518,"372.55682,440.11743,68.526085,-1,-1,-1,-1"
1519,"433.35443,155.8047,351.8736,-1,-1,-1,-1"
1520,"558.9171,1070.8914,1597.7628,-1,-1,-1,-1"
1521,"482.50497,197.51906,2197.2888,-1,-1,-1,-1"
1522,"313.829,76.93479,859.6353,-1,-1,-1,-1"
1523,"965.1854,437.77274,112.07448,-1,-1,-1,-1"
1524,"366.17368,202.78084,642.0859,-1,-1,-1,-1"
1525,"745.20355,719.4915,285.11087,-1,-1,-1,-1"
1526,"519.8151,713.53436,1384.34,-1,-1,-1,-1"
1527,"1021.91077,160.10915,769.461,-1,-1,-1,-1"
1528,"253.73065,307.62933,150.57869,-1,-1,-1,-1"
1529,"1936.2267,3070.2866,140.55367,-1,-1,-1,-1"
1530,"1511.7249,561.9224,331.32236,-1,-1,-1,-1"
1531,"674.6186,863.1564,851.72186,-1,-1,-1,-1"
1532,"4446.762,996.00494,998.55554,-1,-1,-1,-1"
1533,"829.05316,156.79498,952.81635,-1,-1,-1,-1"
1534,"641.3479,696.6487,452.0681,-1,-1,-1,-1"
1535,"182.0752,58.019398,402.04883,-1,-1,-1,-1"
1536,"191.63268,719.4206,196.11967,-1,-1,-1,-1"
1537,"754.22186,281.98087,885.9155,-1,-1,-1,-1"
1538,"200.95322,277.45526,67.527885,-1,-1,-1,-1"
1539,"196.01111,721.6287,575.0213,-1,-1,-1,-1"
1540,"315.33426,154.79323,621.2783,-1,-1,-1,-1"
1541,"502.02966,363.82104,1796.9391,-1,-1,-1,-1"
1542,"598.6215,170.966,187.1349,-1,-1,-1,-1"
1543,"162.11716,102.88503,283.08047,-1,-1,-1,-1"
1544,"1050.9484,254.3152,634.7901,-1,-1,-1,-1"
1545,"555.9741,231.8585,109.58514,-1,-1,-1,-1"
1546,"6113.4756,639.1835,129.91095,-1,-1,-1,-1"
1547,"331.2564,635.1635,4438.1807,-1,-1,-1,-1"
1548,"187.81613,453.15085,335.47806,-1,-1,-1,-1"
1549,"793.97394,167.95676,208.95515,-1,-1,-1,-1"
1550,"1096.7452,1505.4082,1237.7816,-1,-1,-1,-1"
1551,"100.44436,383.21036,224.51276,-1,-1,-1,-1"
1552,"353.0569,184.06993,285.0865,-1,-1,-1,-1"
1553,"85.36201,480.8684,1291.4583,-1,-1,-1,-1"
1554,"562.81964,564.97736,258.76633,-1,-1,-1,-1"
1555,"162.36487,198.07277,485.11517,-1,-1,-1,-1"
1556,"316.83185,1001.3303,438.4289,-1,-1,-1,-1"
1557,"931.1913,18-1.01228,409.04062,-1,-1,-1,-1"
1558,"592.65356,1564.6367,314.9934,-1,-1,-1,-1"
1559,"463.6136,339.70618,849.3331,-1,-1,-1,-1"
1560,"287.60193,867.40326,105.27372,-1,-1,-1,-1"
1561,"350.9804,699.1043,484.07028,-1,-1,-1,-1"
1562,"396.91476,3459.0183,77.517334,-1,-1,-1,-1"
1563,"470.47974,226.93356,234.46988,-1,-1,-1,-1"
1564,"2205.048,893.1776,66.69965,-1,-1,-1,-1"
1565,"2843.8257,467.2145,476.05127,-1,-1,-1,-1"
1566,"1395.9587,740.8754,2534.7417,-1,-1,-1,-1"
1567,"298.03366,280.6969,121.3657,-1,-1,-1,-1"
1568,"892.7091,1055.317,138.4794,-1,-1,-1,-1"
1569,"279.975,855.19763,1086.8749,-1,-1,-1,-1"
1570,"584.2099,166.84036,689.664,-1,-1,-1,-1"
1571,"226.8892,728.8928,973.2026,-1,-1,-1,-1"
1572,"338.957,376.70352,376.04254,-1,-1,-1,-1"
1573,"1195.7511,1307.286,1821.7607,-1,-1,-1,-1"
1574,"385.3915,369.80936,2359.805,-1,-1,-1,-1"
1575,"725.301,2165.2214,458.48825,-1,-1,-1,-1"
1576,"1869.943,671.8266,454.73148,-1,-1,-1,-1"
1577,"184.48341,275.49625,426.77332,-1,-1,-1,-1"
1578,"1575.9574,267.15005,443.8459,-1,-1,-1,-1"
1579,"342.22156,194.01794,518.7628,-1,-1,-1,-1"
1580,"1834.0422,3122.1223,457.22342,-1,-1,-1,-1"
1581,"410.90732,929.77454,599.8694,-1,-1,-1,-1"
1582,"772.2309,934.2208,127.82504,-1,-1,-1,-1"
1583,"288.57663,2456.5366,509.86942,-1,-1,-1,-1"
1584,"180.51343,163.12146,175.1615,-1,-1,-1,-1"
1585,"2321.0476,63.539913,308.9131,-1,-1,-1,-1"
1586,"279.73068,314.24646,173.03453,-1,-1,-1,-1"
1587,"69.31287,151.38809,1798.4315,-1,-1,-1,-1"
1588,"171.37056,2145.0784,516.6429,-1,-1,-1,-1"
1589,"278.9436,970.9067,818.9386,-1,-1,-1,-1"
1590,"1038.7207,5225.216,365.07623,-1,-1,-1,-1"
1591,"589.98315,426.38498,269.30338,-1,-1,-1,-1"
1592,"989.11,4544.3296,345.3673,-1,-1,-1,-1"
1593,"172.88861,134.75401,1758.2422,-1,-1,-1,-1"
1594,"1584.319,1162.0631,842.9043,-1,-1,-1,-1"
1595,"681.7667,925.29626,163.26802,-1,-1,-1,-1"
1596,"1256.0692,195.91954,1764.1722,-1,-1,-1,-1"
1597,"348.76025,709.1832,237.76694,-1,-1,-1,-1"
1598,"256.73212,1003.73956,156.7149,-1,-1,-1,-1"
1599,"1625.3837,516.832,308.8512,-1,-1,-1,-1"
1600,"2663.857,176.28221,398.11115,140.56105,-1,-1,-1"
1601,"551.918,985.1136,656.6689,2798.559,-1,-1,-1"
1602,"289.32913,2299.1167,82.920074,815.17755,-1,-1,-1"
1603,"249.86598,696.89594,621.3786,177.22478,-1,-1,-1"
1604,"105.770706,845.12317,732.25214,2100.662,-1,-1,-1"
1605,"154.73967,502.9259,836.84393,446.12766,-1,-1,-1"
1606,"937.9702,1608.2205,5564.746,346.74405,-1,-1,-1"
1607,"473.66104,176.77441,1215.8036,118.281876,-1,-1,-1"
1608,"1354.5033,289.67706,123.911644,2058.7683,-1,-1,-1"
1609,"196.80775,167.70894,289.23257,370.38083,-1,-1,-1"
1610,"285.79645,663.9671,291.24576,822.2796,-1,-1,-1"
1611,"1053.8734,618.9134,92-1.07104,746.73236,-1,-1,-1"
1612,"151.4191,1690.7802,580.2371,579.0412,-1,-1,-1"
1613,"335.79282,86.01161,844.3005,622.2435,-1,-1,-1"
1614,"3589.1401,493.66394,336.3232,1677.9963,-1,-1,-1"
1615,"534.1177,477.23257,5417.1772,1706.472,-1,-1,-1"
1616,"420.69278,873.663,253.3514,276.80383,-1,-1,-1"
1617,"170.79512,350.78476,102.51972,249.41864,-1,-1,-1"
1618,"167.26553,1540.2866,337.65714,173.01564,-1,-1,-1"
1619,"606.2876,999.2881,166.95636,405.00052,-1,-1,-1"
1620,"460.48343,3906.9363,657.816,156.5638,-1,-1,-1"
1621,"282.8802,594.56866,64.07532,3256.8208,-1,-1,-1"
1622,"244.12822,391.07626,114.4254,462.09378,-1,-1,-1"
1623,"63.395756,124.5016,720.8482,528.8479,-1,-1,-1"
1624,"164.44319,478.8636,877.9051,232.49483,-1,-1,-1"
1625,"571.64685,166.76399,229.43486,105.03491,-1,-1,-1"
1626,"618.7783,307.09418,41-1.01572,437.50696,-1,-1,-1"
1627,"347.67474,757.22766,1555.9264,520.4343,-1,-1,-1"
1628,"4411.351,491.95663,133.014,522.2542,-1,-1,-1"
1629,"319.24435,2802.9243,380.6545,178.77185,-1,-1,-1"
1630,"372.77646,647.0136,155.85902,156.37819,-1,-1,-1"
1631,"1683.1532,136.59764,272.15988,1489.389,-1,-1,-1"
1632,"180.78111,557.0654,983.1634,79.213974,-1,-1,-1"
1633,"336.85397,539.3781,1063.6879,474.5607,-1,-1,-1"
1634,"717.2863,123.31678,1011.02344,293.71414,-1,-1,-1"
1635,"1581.9457,393.0592,1097.369,409.56284,-1,-1,-1"
1636,"1839.7367,1245.8773,290.73102,1087.2388,-1,-1,-1"
1637,"161.32936,1008.1798,1227.5706,256.9991,-1,-1,-1"
1638,"805.0567,1515.4209,230.66939,150.97002,-1,-1,-1"
1639,"1250.1619,1587.537,329.9788,216.41675,-1,-1,-1"
1640,"384.65622,182.20053,583.0843,1190.928,-1,-1,-1"
1641,"134.38719,90.47391,478.24673,183.33174,-1,-1,-1"
1642,"333.42383,1027.7021,266.70316,197.30365,-1,-1,-1"
1643,"1534.6566,7019.754,345.4149,362.69577,-1,-1,-1"
1644,"677.3774,52-1.04364,132.35692,265.66763,-1,-1,-1"
1645,"1227.1886,379.30923,483.55508,100.48622,-1,-1,-1"
1646,"701.32465,326.09506,108.559616,368.49252,-1,-1,-1"
1647,"166.60939,362.80154,1381.5409,442.88824,-1,-1,-1"
1648,"828.0456,947.9499,282.27426,248.68233,-1,-1,-1"
1649,"739.6572,744.8066,1111.2039,560.9737,-1,-1,-1"
1650,"326.26566,419.3314,2175.3984,437.57248,-1,-1,-1"
1651,"225.20901,852.6979,148.99986,845.26025,-1,-1,-1"
1652,"1085.2236,264.16116,1192.07,444.19266,-1,-1,-1"
1653,"371.61298,1620.7693,263.6082,363.71494,-1,-1,-1"
1654,"268.1349,1487.6967,259.78815,374.46902,-1,-1,-1"
1655,"1314.7128,311.78018,1515.1152,91.97652,-1,-1,-1"
1656,"1668.5742,258.37582,111.644,192.35388,-1,-1,-1"
1657,"619.1055,1381.9362,584.8133,140.73283,-1,-1,-1"
1658,"999.0034,341.0549,426.48013,239.91875,-1,-1,-1"
1659,"1045.161,1081.7152,850.2291,353.55707,-1,-1,-1"
1660,"351.91025,192.0717,141.16936,440.4477,-1,-1,-1"
1661,"854.2402,1314.6093,140.26222,195.58846,-1,-1,-1"
1662,"234.4128,1443.1381,53.54587,489.52722,-1,-1,-1"
1663,"3410.989,497.4465,593.89307,595.1767,-1,-1,-1"
1664,"558.1549,284.58163,1026.7426,1774.2224,-1,-1,-1"
1665,"283.79892,552.7952,103.09816,421.0273,-1,-1,-1"
1666,"724.769,880.6834,1092.2448,472.07385,-1,-1,-1"
1667,"231.98557,450.47516,63.796867,445.1156,-1,-1,-1"
1668,"7125.706,389.6779,433.82156,210.99022,-1,-1,-1"
1669,"219.7732,322.47583,1175.8761,372.8122,-1,-1,-1"
1670,"315.63113,423.5261,659.77057,1534.7992,-1,-1,-1"
1671,"137.16011,275.3979,191.08105,920.1774,-1,-1,-1"
1672,"2345.6733,406.38297,121.93241,2341.9355,-1,-1,-1"
1673,"2536.4705,1691.2222,398.0519,170.93956,-1,-1,-1"
1674,"580.20844,730.5179,659.26056,1309.8798,-1,-1,-1"
1675,"5682.803,583.8995,738.1738,400.9776,-1,-1,-1"
1676,"875.5106,511.86813,845.4708,607.43677,-1,-1,-1"
1677,"703.2486,536.7327,525.45734,194.3084,-1,-1,-1"
1678,"240.2465,347.9876,419.4316,788.63873,-1,-1,-1"
1679,"2082.1855,224.50499,288.63205,453.63596,-1,-1,-1"
1680,"1447.431,987.2859,85.741974,679.2343,-1,-1,-1"
1681,"575.90424,292.652,259.38748,198.90742,-1,-1,-1"
1682,"848.5479,142-1.025,212.47377,389.4272,-1,-1,-1"
1683,"559.6194,4064.376,488.25406,152.35252,-1,-1,-1"
1684,"2791.956,931.7594,335.35928,303.5493,-1,-1,-1"
1685,"222.66963,605.1253,1326.854,464.676,-1,-1,-1"
1686,"615.93256,4591.478,84.82086,661.5723,-1,-1,-1"
1687,"805.58563,59.97575,483.6761,168.78871,-1,-1,-1"
1688,"560.5213,119.909904,433.42624,255.32744,-1,-1,-1"
1689,"906.14276,642.7963,448.93533,390.53973,-1,-1,-1"
1690,"4245.4644,183.18236,125.04996,342.2112,-1,-1,-1"
1691,"985.90814,271.27765,85.0749,219.92543,-1,-1,-1"
1692,"2822.2202,6041.1265,970.6674,68.059235,-1,-1,-1"
1693,"116.804756,127.16378,113.14517,2809.4912,-1,-1,-1"
1694,"320.91083,262.38474,812.2271,239.69579,-1,-1,-1"
1695,"977.7159,116.661476,2017.8806,102.609634,-1,-1,-1"
1696,"11-1.08211,753.9004,461.54276,273.52087,-1,-1,-1"
1697,"862.13965,1003.89197,336.0327,140.23683,-1,-1,-1"
1698,"2099.2961,811.18243,1302.3848,435.76633,-1,-1,-1"
1699,"157.17848,739.0833,3034.119,102.44713,-1,-1,-1"
1700,"265.01437,496.1935,367.20895,243.85277,178.57396,-1,-1"
1701,"839.55853,712.07416,169.87665,185.44615,95.45359,-1,-1"
1702,"83.5278,235.21886,319.98257,222.12392,107.22332,-1,-1"
1703,"61.86256,2568.8245,205.82558,587.7172,433.51593,-1,-1"
1704,"376.1522,1875.9323,411.2545,423.46024,227.72737,-1,-1"
1705,"539.4906,791.4722,519.1341,372.16266,942.8944,-1,-1"
1706,"2906.2869,381.79227,681.5293,1450.2489,121.6185,-1,-1"
1707,"198.93263,2938.2002,61.053257,67.05935,419.1339,-1,-1"
1708,"465.31653,10-1.09266,5361.094,226.56166,396.75406,-1,-1"
1709,"176.83708,432.19293,636.9849,219.79816,83.27703,-1,-1"
1710,"3083.3691,859.36676,746.01825,124.06161,59.23132,-1,-1"
1711,"1812.2676,162.00743,190.47154,384.2493,333.51053,-1,-1"
1712,"212.44774,581.7537,432.66904,688.1419,238.3612,-1,-1"
1713,"105.390724,357.3502,1763.1017,1352.1174,706.744,-1,-1"
1714,"564.3696,192.32187,616.5196,6-1.083736,334.4883,-1,-1"
1715,"297.32706,338.71335,638.7636,162.60228,166.48244,-1,-1"
1716,"226.70763,1515.1792,352.11774,240.7387,192.66621,-1,-1"
1717,"62.414806,135.65044,2504.8323,231.14778,458.66718,-1,-1"
1718,"203.48294,410.39914,698.3419,413.08893,156.14229,-1,-1"
1719,"324.1686,753.2735,337.5067,860.28265,290.47403,-1,-1"
1720,"1468.0818,483.66467,2155.1382,123.91762,135.27428,-1,-1"
1721,"424.90604,494.7117,637.05475,322.3883,460.87305,-1,-1"
1722,"332.4198,1065.686,631.43933,558.8358,573.5138,-1,-1"
1723,"799.72345,297.81372,224.2254,1158.391,62.190933,-1,-1"
1724,"454.02512,449.00262,1447.1044,240.6564,251.06108,-1,-1"
1725,"798.5007,2817.5452,163.1671,224.50354,10-1.01908,-1,-1"
1726,"155.03905,439.3591,56.44907,270.2581,1996.0443,-1,-1"
1727,"346.24228,685.36096,97.64657,127.6286,85.73782,-1,-1"
1728,"674.285,914.6696,337.80148,161.51848,95.58569,-1,-1"
1729,"710.7181,1185.142,448.34244,1054.0106,303.4538,-1,-1"
1730,"217.49174,180.46136,4118.0024,1906.6583,370.3046,-1,-1"
1731,"496.18942,518.53033,418.00955,241.21675,256.58624,-1,-1"
1732,"365.54306,139.95543,266.5964,192.65082,1942.2118,-1,-1"
1733,"239.14185,265.90378,134.121,261.14847,506.9738,-1,-1"
1734,"747.8335,306.44022,1002.1157,405.90854,794.4965,-1,-1"
1735,"716.7268,285.0153,123.84936,93.25505,359.27286,-1,-1"
1736,"844.78265,1193.458,551.9908,469.18643,148.97795,-1,-1"
1737,"263.54837,438.63583,1335.5594,206.28761,339.8756,-1,-1"
1738,"321.74393,488.61594,162.26842,510.50705,241.16937,-1,-1"
1739,"166.91647,2072.1802,728.7323,107.22972,154.88292,-1,-1"
1740,"520.7074,515.6147,514.4797,345.1143,548.93414,-1,-1"
1741,"2088.3516,2098.7861,135.19855,885.97003,399.90256,-1,-1"
1742,"873.34674,4300.1235,485.02786,2930.231,157.75983,-1,-1"
1743,"1212.0729,130.73053,97.98602,763.64215,184.00424,-1,-1"
1744,"606.9023,3782.335,2805.4546,473.03415,103.858574,-1,-1"
1745,"2737.808,509.4919,202.06447,575.4853,82.37825,-1,-1"
1746,"483.87225,63.319702,122.3,667.6374,1240.642,-1,-1"
1747,"698.86005,280.26938,79.94644,729.0624,1071.9569,-1,-1"
1748,"728.8932,484.89227,793.59076,222.08658,350.9028,-1,-1"
1749,"113.00245,308.1807,873.48,137.02975,525.61127,-1,-1"
1750,"1705.4384,148.97021,276.18185,567.1313,122.731155,-1,-1"
1751,"556.424,657.77155,59.929363,352.32928,1530.2683,-1,-1"
1752,"9720.263,198.29875,232.69472,68-1.0485,1153.7375,-1,-1"
1753,"886.7714,672.53973,584.2133,329.87613,275.6446,-1,-1"
1754,"5820.6694,2074.2173,616.9615,178.49745,90.19283,-1,-1"
1755,"1508.6395,747.4832,138.16731,304.85837,741.828,-1,-1"
1756,"1294.0702,648.4711,151.52327,1674.216,343.83792,-1,-1"
1757,"1039.3209,267.61636,76.32022,336.87473,348.13925,-1,-1"
1758,"1349.3004,181.38701,1010.2243,71.36453,346.93292,-1,-1"
1759,"11-1.00078,115.42151,88.28779,1036.9592,764.2148,-1,-1"
1760,"264.06302,1346.6559,456.2804,2274.9785,319.9777,-1,-1"
1761,"186.39018,542.8628,2902.6558,332.9667,556.01556,-1,-1"
1762,"205.57521,67.70814,348.81876,147.51884,175.99902,-1,-1"
1763,"1114.5211,273.5225,584.70483,173.65175,353.07913,-1,-1"
1764,"1416.514,1316.6782,614.24896,174.31546,1252.704,-1,-1"
1765,"100.807175,84.10536,732.4928,485.03937,1551.253,-1,-1"
1766,"362.14224,2842.1992,235.02635,1873.3839,110.34839,-1,-1"
1767,"48-1.0159,332.23898,103.58408,232.66344,467.70544,-1,-1"
1768,"214.43193,173.09421,125.96851,525.77075,478.37598,-1,-1"
1769,"123.31189,248.19772,171.91008,298.7189,232.65431,-1,-1"
1770,"1993.5016,220.86462,959.8997,469.2183,1921.0686,-1,-1"
1771,"977.8698,483.22507,72.37375,241.70683,250.93831,-1,-1"
1772,"945.83887,260.796,3020.5981,154.18282,186.01082,-1,-1"
1773,"4434.633,347.4042,53.721184,383.6445,609.77386,-1,-1"
1774,"736.5617,637.2348,110.84239,356.634,4520.699,-1,-1"
1775,"494.1298,216.40651,196.80147,150.57442,360.11447,-1,-1"
1776,"1183.8585,308.4943,62.48526,398.76617,277.54413,-1,-1"
1777,"2455.626,526.89825,641.4418,546.2301,303.86624,-1,-1"
1778,"534.23444,70.91942,233.75499,870.71564,347.90396,-1,-1"
1779,"752.51904,4121.877,54.672916,164.74907,594.1693,-1,-1"
1780,"39-1.02512,316.14767,275.8262,978.3179,262.70163,-1,-1"
1781,"279.95273,278.79788,123.72398,163.82674,2806.7583,-1,-1"
1782,"408.56766,367.30112,393.78036,242.13777,63.12775,-1,-1"
1783,"2949.0942,71.499954,303.2788,307.65903,392.69257,-1,-1"
1784,"1293.4138,261.85294,221.70549,1738.7926,86.44411,-1,-1"
1785,"393.44485,1285.196,861.30695,785.8953,79.55746,-1,-1"
1786,"606.62396,308.39926,743.0728,1100.5358,1334.2064,-1,-1"
1787,"124.6558,418.93103,1545.9475,2971.165,489.97064,-1,-1"
1788,"1584.9644,342.14224,558.15436,381.0701,248.088,-1,-1"
1789,"694.69104,191.39055,1166.4961,693.5616,491.34024,-1,-1"
1790,"114.40995,651.3381,568.2475,2199.1807,80.55656,-1,-1"
1791,"2879.3604,202.73866,2079.9683,179.2458,770.3028,-1,-1"
1792,"1222.6498,454.53717,2084.6548,3369.8218,113.04231,-1,-1"
1793,"90.25833,1467.1288,320.1696,138.40625,188.37794,-1,-1"
1794,"1104.6124,361.0643,349.28726,438.73853,1256.8152,-1,-1"
1795,"498.88223,233.70732,784.18256,284.12387,1208.4222,-1,-1"
1796,"674.23956,357.14648,1594.7135,697.43207,447.82675,-1,-1"
1797,"144.76636,682.691,140.14465,1310.328,389.198,-1,-1"
1798,"308.21512,710.769,1468.632,320.11334,425.8396,-1,-1"
1799,"579.82825,367.9941,603.1976,391.10913,251.95702,-1,-1"
1800,"808.8918,576.7054,658.89886,149.19968,577.87787,65.98573,-1"
1801,"802.90826,127.36825,99.052414,555.5525,78.262276,538.0262,-1"
1802,"979.5776,538.8505,500.87283,267.9438,1486.6033,75.94328,-1"
1803,"2234.6992,1846.1272,1084.4283,422.7963,505.1291,487.98404,-1"
1804,"454.81256,331.65143,177.59428,893.1599,690.5014,127.52307,-1"
1805,"1630.5167,494.49017,2299.9277,97.847145,58.706768,110.40471,-1"
1806,"589.65607,531.5168,1137.3755,59.437653,757.5379,1738.278,-1"
1807,"191.90694,358.4639,175.7797,589.14233,65.689995,1414.8966,-1"
1808,"937.02325,1176.5321,493.76193,208.92662,449.56796,64.65832,-1"
1809,"66.86418,147.1352,347.77707,75.67144,87.98883,1337.2728,-1"
1810,"4559.33,130.12653,1690.8217,360.77225,147.3954,557.2326,-1"
1811,"2665.312,1243.6395,1256.5975,60.961216,281.1109,494.8376,-1"
1812,"540.2234,3453.4219,586.0872,451.69452,75.2573,457.3059,-1"
1813,"818.85724,1334.78,554.5706,187.72803,168.97363,218.0515,-1"
1814,"334.37234,955.2623,120.95851,280.332,96.18025,885.61835,-1"
1815,"73.06545,2452.3179,489.92624,194.28789,407.65298,67.383736,-1"
1816,"132.79959,1011.95483,153.72404,672.7182,334.70297,639.4303,-1"
1817,"1623.5935,322.1817,63.804764,365.7092,138.16214,117.35724,-1"
1818,"661.60443,296.67984,579.88184,945.7508,188.93518,314.98492,-1"
1819,"1268.744,241.7271,369.58826,292.88696,148.51482,159.67502,-1"
1820,"532.5934,103.965164,535.97876,204.77437,161.17488,120.6334,-1"
1821,"58.34696,776.8931,381.59607,815.7194,437.95618,169.46127,-1"
1822,"197.2004,1288.73,158.05606,3283.184,135.51112,94.30204,-1"
1823,"455.45242,977.35065,246.21495,358.92828,197.3036,1331.0327,-1"
1824,"524.9907,333.30655,18-1.04668,2536.085,872.4331,198.30794,-1"
1825,"257.64194,2306.957,499.97195,66.6508,317.2678,337.55585,-1"
1826,"216.2582,245.69316,5765.7964,276.33276,368.55453,630.5485,-1"
1827,"95.49142,415.46713,249.16656,366.30887,1500.9358,73.70132,-1"
1828,"179.67651,127.995834,637.1437,791.94135,393.66498,869.9025,-1"
1829,"627.11566,194.13034,739.07886,282.11325,1720.4331,167.92725,-1"
1830,"1241.2594,885.8359,1198.9374,325.04477,236.54564,178.12845,-1"
1831,"700.43787,917.02216,166.92441,216.28632,1115.2953,228.90489,-1"
1832,"605.68634,311.1959,306.8794,152.35335,133.70726,400.54163,-1"
1833,"289.9952,231.58208,335.79193,748.4267,214.91844,556.19385,-1"
1834,"54.33875,2823.364,223.24004,67.526,472.2668,117.84312,-1"
1835,"202.36629,100-1.06976,217.19301,644.22394,483.5089,657.11865,-1"
1836,"407.85373,724.6663,92.09812,320.83597,187.22258,1481.7076,-1"
1837,"212.85667,498.99496,291.20633,1197.476,750.44476,70.31854,-1"
1838,"52.92103,1868.7196,520.9282,804.86835,435.19943,56.666153,-1"
1839,"806.6162,161.29207,189.78311,872.37506,545.76373,2673.8774,-1"
1840,"335.4847,650.6391,2822.349,1675.2225,477.1427,165.45818,-1"
1841,"350.88306,331.22775,622.80524,458.65414,278-1.0347,3579.3193,-1"
1842,"266.2942,5225.2524,1279.1969,130.59908,99.70013,75.63863,-1"
1843,"460.9171,502.63815,749.9838,141.92531,291.0843,151.72812,-1"
1844,"696.45233,350.21133,121.437645,856.5899,1991.4188,482.05463,-1"
1845,"773.23596,8076.5376,330.82977,141.6023,302.38818,105.26522,-1"
1846,"214.26714,78.6125,136.89206,240.90369,151.41895,696.2034,-1"
1847,"2386.373,75.45221,359.32977,222.26588,152.69836,84.16197,-1"
1848,"769.64923,643.8118,462.20746,1152.3442,132.28442,255.84346,-1"
1849,"341.5014,163.35594,627.2944,1555.172,1837.7161,215.34311,-1"
1850,"1518.3411,314.5242,144.40053,435-1.0396,455.8444,847.71594,-1"
1851,"1414.2198,929.13617,206.86064,284.40372,285.31393,674.7046,-1"
1852,"169.48914,58.065525,58-1.0364,205.94243,404.62592,1437.0123,-1"
1853,"202.70207,747.05927,532.81415,2967.8442,199.29991,303.65842,-1"
1854,"206.34747,357.85492,461.1784,155.56786,168.48824,373.48047,-1"
1855,"623.58167,506.48972,185.48839,1755.144,109.08805,248.1408,-1"
1856,"198.2264,2901.5562,2840.705,291.96982,245.92393,583.9648,-1"
1857,"317.165,1662.3475,334.33237,487.63297,400.43872,216.86372,-1"
1858,"614.35516,544.5279,270.11887,330.95178,372.6119,520.6098,-1"
1859,"4592.7817,249.6928,61.970116,201.92386,156.30714,236.39658,-1"
1860,"690.7819,55.353485,462.28757,592.3171,684.4329,448.03094,-1"
1861,"111.282974,641.85657,982.52655,1546.0985,393.06787,300.7641,-1"
1862,"322.59567,533.61224,607.3041,359.49667,355.239,719.1407,-1"
1863,"532.8697,302.44196,225.57573,456.7909,1273.1877,465.23615,-1"
1864,"281.38464,456.01553,258.72757,158.62466,816.5664,141.722,-1"
1865,"117.87408,632.58044,259.58273,368.47925,373.76773,482.28784,-1"
1866,"1622.0438,2866.0654,418.09512,372.1451,487.9463,57.75866,-1"
1867,"1476.1146,384.3462,2381.4756,314.56653,407.56058,556.6114,-1"
1868,"198.51657,357.67697,399.62955,219.53658,209.55612,2180.9668,-1"
1869,"137.86575,83.69145,368.84048,304.5314,2175.7502,4373.491,-1"
1870,"815.2218,179.65239,674.5755,1666.4347,171.2349,107.66546,-1"
1871,"314.5223,338.1381,569.0732,139.85677,264.23242,356.95963,-1"
1872,"935.8941,946.5865,300.28613,251.00526,1831.9443,194.5601,-1"
1873,"297.78653,116.51309,235.1606,102.68693,783.02826,263.59393,-1"
1874,"282.49533,595.02264,349.14926,1176.0597,499.6416,60.910667,-1"
1875,"635.21735,1507.1353,1749.4088,306.54965,808.8089,1731.2153,-1"
1876,"1871.521,259.12366,329.87186,425.65195,1137.8793,135.65639,-1"
1877,"84.598175,305.66183,893.7331,61.141373,180.73889,1505.3778,-1"
1878,"548.2637,1045.3192,1459.5684,1957.8822,106.06923,720.7219,-1"
1879,"201.68047,352.03424,135.21333,502.01584,1098.5768,205.29582,-1"
1880,"322.8262,121.8151,1015.44037,99.91142,476.6895,176.16986,-1"
1881,"58.014225,13-1.06908,135.09283,275.9327,588.62915,2822.0635,-1"
1882,"238.38678,379.6405,508.44513,482.92056,424.5517,310.42273,-1"
1883,"765.2122,1570.5084,413.5768,444.6487,419.60922,76.00465,-1"
1884,"484.92923,230.54715,498.86005,161.2072,123.37049,240.44041,-1"
1885,"168.50575,166.6086,337.89822,1155.5685,666.9996,207.49509,-1"
1886,"287.37277,413.99902,2979.7485,431.11484,909.6473,79.776886,-1"
1887,"168.26627,23-1.05354,121.05976,5801.423,1380.792,210.59581,-1"
1888,"73.47687,1120.528,136.8394,2813.3887,202.75963,300.9828,-1"
1889,"873.57306,1387.6399,650.5277,147-1.0326,114.19499,86.85557,-1"
1890,"3326.8384,1076.4574,383.22083,252.68205,1075.084,255.37445,-1"
1891,"247.59375,650.16595,304.04492,307.43826,215.38531,173.9489,-1"
1892,"366.80374,422.07376,209.9514,237.97375,72.618706,1493.7562,-1"
1893,"54-1.09644,162.87056,883.8631,374.725,509.47943,590.56616,-1"
1894,"321.33612,472.75357,650.1286,413.51016,148.34163,1544.1311,-1"
1895,"117.73242,112.8333,270.30954,693.9706,599.65027,150.19714,-1"
1896,"168.66658,2344.2905,211.19229,399.38562,5182.752,999.37714,-1"
1897,"1868.9321,400.58575,1359.3883,169.44815,84.30681,115.621735,-1"
1898,"414.38614,549.58124,300.68497,3639.726,574.08417,110.89754,-1"
1899,"244.95073,783.0755,408.99542,923.69696,68.14895,276.1744,-1"
1900,"606.6258,86.97714,2268.7666,-1,-1,-1,-1"
1901,"904.6848,510.59872,2652.699,-1,-1,-1,-1"
1902,"899.53455,2895.5742,923.8327,-1,-1,-1,-1"
1903,"579.4656,105.952255,1331.08,-1,-1,-1,-1"
1904,"868.9556,347.42493,2003.3235,-1,-1,-1,-1"
1905,"215.23497,298.42035,786.72205,-1,-1,-1,-1"
1906,"73.13784,583.56824,2439.203,-1,-1,-1,-1"
1907,"813.4985,462.64603,13-1.00134,-1,-1,-1,-1"
1908,"147.54648,906.63824,4434.837,-1,-1,-1,-1"
1909,"536.7559,1924.3757,447.7174,-1,-1,-1,-1"
1910,"1504.5206,697.46204,4410.784,-1,-1,-1,-1"
1911,"711.83746,687.2899,98.99128,-1,-1,-1,-1"
1912,"1231.3026,917.57214,2536.688,-1,-1,-1,-1"
1913,"208.64845,5364.758,480.8599,-1,-1,-1,-1"
1914,"235.98422,2592.9927,947.275,-1,-1,-1,-1"
1915,"1534.9125,381.5676,824.0131,-1,-1,-1,-1"
1916,"220.4902,1040.607,267.93887,-1,-1,-1,-1"
1917,"1095.376,1049.6417,447.91687,-1,-1,-1,-1"
1918,"1133.3721,638.19684,371.2808,-1,-1,-1,-1"
1919,"2545.647,539.83936,366.733,-1,-1,-1,-1"
1920,"8923.103,224.9232,1027.0071,-1,-1,-1,-1"
1921,"1676.914,189.21808,159.33128,-1,-1,-1,-1"
1922,"662.31525,202.7667,632.75256,-1,-1,-1,-1"
1923,"211.3156,872.6108,1131.6125,-1,-1,-1,-1"
1924,"533.19244,841.9738,435.4847,-1,-1,-1,-1"
1925,"1895.8041,281.3573,728.7451,-1,-1,-1,-1"
1926,"995.041,182.99579,575.5788,-1,-1,-1,-1"
1927,"604.3984,578.4503,389.12042,-1,-1,-1,-1"
1928,"743.88257,367.37033,1119.3706,-1,-1,-1,-1"
1929,"3162.4858,630.5398,329.00214,-1,-1,-1,-1"
1930,"1147.2507,228.87785,244.3639,-1,-1,-1,-1"
1931,"863.31793,611.0932,2055.7324,-1,-1,-1,-1"
1932,"143.75002,729.80176,167.71744,-1,-1,-1,-1"
1933,"155.70721,289.70883,362.0128,-1,-1,-1,-1"
1934,"1578.83,321.08496,313.71014,-1,-1,-1,-1"
1935,"1218.9324,83.734955,630.6177,-1,-1,-1,-1"
1936,"907.62085,221.1498,259.70102,-1,-1,-1,-1"
1937,"3159.6135,637.4255,5506.912,-1,-1,-1,-1"
1938,"2021.5698,1993.7686,568.24146,-1,-1,-1,-1"
1939,"693.52954,1241.2543,1322.7167,-1,-1,-1,-1"
1940,"330.73407,117.934074,1697.2195,-1,-1,-1,-1"
1941,"8-1.06667,574.52094,1228.3136,-1,-1,-1,-1"
1942,"1563.5848,710.78534,551.114,-1,-1,-1,-1"
1943,"71.63317,940.8444,332.13916,-1,-1,-1,-1"
1944,"1120.5817,125-1.056,1849.4885,-1,-1,-1,-1"
1945,"5808.2754,85.74484,551.54486,-1,-1,-1,-1"
1946,"871.6386,378.88977,360.7507,-1,-1,-1,-1"
1947,"2387.3418,801.04877,959.3069,-1,-1,-1,-1"
1948,"93.34721,485.73642,285.22247,-1,-1,-1,-1"
1949,"1270.7197,1033.7205,861.5125,-1,-1,-1,-1"
1950,"272.2246,598.5245,403.51392,-1,-1,-1,-1"
1951,"1323.1573,844.925,671.2551,-1,-1,-1,-1"
1952,"271.61398,230.11877,1042.4323,-1,-1,-1,-1"
1953,"890.24835,234.31844,3131.7556,-1,-1,-1,-1"
1954,"858.2257,450.73843,309.78955,-1,-1,-1,-1"
1955,"964.6839,75.67004,260.45047,-1,-1,-1,-1"
1956,"335.3204,805.34686,1136.8441,-1,-1,-1,-1"
1957,"3098.8975,241.5707,289.03296,-1,-1,-1,-1"
1958,"262.89822,233.14946,309.19528,-1,-1,-1,-1"
1959,"269.66046,158.0508,240.39218,-1,-1,-1,-1"
1960,"757.94836,1772.2606,346.41965,-1,-1,-1,-1"
1961,"2270.3552,326.59055,609.26733,-1,-1,-1,-1"
1962,"310.20847,252.43709,308.4943,-1,-1,-1,-1"
1963,"1908.9137,1637.4137,515.9293,-1,-1,-1,-1"
1964,"514.7349,265.05222,576.5767,-1,-1,-1,-1"
1965,"693.00006,428.2335,351.96228,-1,-1,-1,-1"
1966,"83.23777,1266.4026,276.09647,-1,-1,-1,-1"
1967,"129.94736,497.9457,195.64275,-1,-1,-1,-1"
1968,"117.000854,991.1099,232.72208,-1,-1,-1,-1"
1969,"2266.2053,995.8045,3396.051,-1,-1,-1,-1"
1970,"3101.7415,227.79648,2772.6465,-1,-1,-1,-1"
1971,"1436.7924,743.48035,1164.3394,-1,-1,-1,-1"
1972,"333.88367,1700.1226,178.51703,-1,-1,-1,-1"
1973,"349.01178,711.1221,388.64053,-1,-1,-1,-1"
1974,"1352.1178,193.28815,1092.7853,-1,-1,-1,-1"
1975,"254.47743,4680.1963,446.83624,-1,-1,-1,-1"
1976,"601.73083,456.6116,625.74805,-1,-1,-1,-1"
1977,"789.0984,308.78195,411.29358,-1,-1,-1,-1"
1978,"237.5326,1083.2533,144.2841,-1,-1,-1,-1"
1979,"6697.4995,2605.1028,116.99121,-1,-1,-1,-1"
1980,"884.02264,324.3034,348.49075,-1,-1,-1,-1"
1981,"564.7128,87.22782,1019.11725,-1,-1,-1,-1"
1982,"1828.7135,778.53625,721.27997,-1,-1,-1,-1"
1983,"331.46408,694.0738,776.3229,-1,-1,-1,-1"
1984,"2529.9365,1241.9811,344.99237,-1,-1,-1,-1"
1985,"62.38957,1425.2189,859.46967,-1,-1,-1,-1"
1986,"8606.675,415.20724,136.16223,-1,-1,-1,-1"
1987,"337.14032,47-1.0944,876.4205,-1,-1,-1,-1"
1988,"3714.1458,380.25366,4373.436,-1,-1,-1,-1"
1989,"327.28098,1025.2212,1365.3176,-1,-1,-1,-1"
1990,"1922.4819,713.1049,1046.9698,-1,-1,-1,-1"
1991,"229.09602,3057.8135,289.70123,-1,-1,-1,-1"
1992,"1035.0184,3286.3208,172.69577,-1,-1,-1,-1"
1993,"711.98834,221.04182,154.32637,-1,-1,-1,-1"
1994,"1916.2637,1304.951,400.55548,-1,-1,-1,-1"
1995,"1077.9143,1077.0469,5205.9814,-1,-1,-1,-1"
1996,"224.088,404.71954,309.66428,-1,-1,-1,-1"
1997,"382.15085,462.97025,2239.8032,-1,-1,-1,-1"
1998,"1067.4347,126.21024,558.03455,-1,-1,-1,-1"
1999,"1159.9183,976.81854,288.5053,-1,-1,-1,-1"
2000,"286.89355,362.77377,385.80823,819.46704,-1,-1,-1"
2001,"1231.7677,1262.7094,148.84209,210.35242,-1,-1,-1"
2002,"2294.1885,2963.4775,229.03787,284.73972,-1,-1,-1"
2003,"1033.9314,590.13165,645.41364,268-1.027,-1,-1,-1"
2004,"2613.2073,1074.6222,1219.8986,468.0592,-1,-1,-1"
2005,"2788.5796,1299.0159,470.29926,427.52286,-1,-1,-1"
2006,"1671.3278,908.7394,525.6014,546.0151,-1,-1,-1"
2007,"972.1269,1025.099,173.40538,385.25137,-1,-1,-1"
2008,"475.69162,338.7873,722.9018,178.91542,-1,-1,-1"
2009,"407.01868,130.82706,1065.8959,395.0919,-1,-1,-1"
2010,"848.08356,369.72348,1805.4902,382.76538,-1,-1,-1"
2011,"2303.6162,56.624763,1284.8363,619.07086,-1,-1,-1"
2012,"82.49453,943.67633,238.21805,379.43698,-1,-1,-1"
2013,"1143.7938,78.02824,117.7636,2111.268,-1,-1,-1"
2014,"392.2863,875.0839,246.11638,485.08194,-1,-1,-1"
2015,"1488.1273,1432.9731,1161.5795,106.56691,-1,-1,-1"
2016,"486.66827,265.44565,420.57333,270.7762,-1,-1,-1"
2017,"106.338455,228.35896,1155.4911,1603.3795,-1,-1,-1"
2018,"238.1347,1813.9296,463.11932,759.66034,-1,-1,-1"
2019,"492.19006,987.7858,2377.4849,579.6523,-1,-1,-1"
2020,"336.4977,832.90204,534.4183,308.0982,-1,-1,-1"
2021,"698.09204,1077.8864,132.81436,336.5914,-1,-1,-1"
2022,"416.87674,254.95952,223.50598,696.23096,-1,-1,-1"
2023,"1026.2458,64.309006,1182.3182,272.73456,-1,-1,-1"
2024,"285.70273,710.24805,1502.3375,252.26543,-1,-1,-1"
2025,"602.76984,292.53128,846.10443,674.02277,-1,-1,-1"
2026,"737.78955,351.9713,790.204,4107.6577,-1,-1,-1"
2027,"466.98862,263.2228,1871.8322,912.9186,-1,-1,-1"
2028,"910.4591,511.41415,889.0866,1148.6356,-1,-1,-1"
2029,"530.7209,423.96753,266.86502,475.08038,-1,-1,-1"
2030,"179.59976,2072.13,1122.208,1004.457,-1,-1,-1"
2031,"494.97952,522.2485,321.57712,267.66287,-1,-1,-1"
2032,"555.83563,1335.7273,222.06847,754.06,-1,-1,-1"
2033,"696.77106,630.93744,280.91525,491.70898,-1,-1,-1"
2034,"508.16412,289.43112,329.18457,335.89923,-1,-1,-1"
2035,"5362.184,515.83514,187.1364,1471.8634,-1,-1,-1"
2036,"149.7481,553.4058,603.2269,108.67677,-1,-1,-1"
2037,"937.57666,203.37787,443.62747,583.274,-1,-1,-1"
2038,"189.06306,591.17114,259.11014,826.3201,-1,-1,-1"
2039,"293.7819,402.8967,282.89584,517.2243,-1,-1,-1"
2040,"705.2851,888.9141,515.8819,390.2139,-1,-1,-1"
2041,"394.90295,2597.5662,1248.5474,995.5723,-1,-1,-1"
2042,"654.07465,1949.9838,418.527,1918.4581,-1,-1,-1"
2043,"447.75797,4279.511,1808.6797,216.82893,-1,-1,-1"
2044,"345.9885,135.07137,271.45786,1522.872,-1,-1,-1"
2045,"420.87003,515.95,187.7646,356.67456,-1,-1,-1"
2046,"444.39218,852.15533,1965.8822,166.94737,-1,-1,-1"
2047,"992.2667,561.2331,567.8893,4379.8594,-1,-1,-1"
2048,"282.0767,2770.547,265.82715,1726.0704,-1,-1,-1"
2049,"1162.3645,66.09403,3261.0134,297.94748,-1,-1,-1"
2050,"376.77493,723.07196,750.5278,240.4723,-1,-1,-1"
2051,"291.8129,143.26003,360.5856,763.5492,-1,-1,-1"
2052,"493.6784,294.1257,291.9076,1058.3387,-1,-1,-1"
2053,"908.0668,87.29685,518.3873,422.05994,-1,-1,-1"
2054,"1062.0724,1375.1852,945.5212,586.99963,-1,-1,-1"
2055,"1948.1625,2263.8284,786.77,55.287117,-1,-1,-1"
2056,"7-1.0316,728.7314,141.90921,598.12933,-1,-1,-1"
2057,"1797.5702,288.77917,321.93558,594.05963,-1,-1,-1"
2058,"616.60333,830.5776,392.64963,1028.9391,-1,-1,-1"
2059,"1726.8463,1868.3693,580.6944,902.3787,-1,-1,-1"
2060,"620.9662,421.34583,391.40195,6023.8647,-1,-1,-1"
2061,"221.7727,1348.0125,629.3907,613.4321,-1,-1,-1"
2062,"355.4598,172.1232,528.07416,1968.2277,-1,-1,-1"
2063,"1469.866,1152.391,989.75604,610.3287,-1,-1,-1"
2064,"1087.6366,259.47104,436.9455,1355.6393,-1,-1,-1"
2065,"273.1012,498.74573,69.3197,834.0809,-1,-1,-1"
2066,"1292.0319,1754.5743,83.47365,141.365,-1,-1,-1"
2067,"134.42116,978.4598,218.61395,336.82584,-1,-1,-1"
2068,"58.937866,293.01517,172.08214,218.8904,-1,-1,-1"
2069,"321.78854,558.8028,110.94301,889.7532,-1,-1,-1"
2070,"966.17865,76.16809,108.48739,323.69543,-1,-1,-1"
2071,"534.8703,846.5567,731.83954,288.1307,-1,-1,-1"
2072,"523.40155,675.6556,216.22934,76.96478,-1,-1,-1"
2073,"1393.0153,302.43607,432.71844,1310.9899,-1,-1,-1"
2074,"399.30606,834.61346,8520.984,1425.0267,-1,-1,-1"
2075,"349.6379,629.3654,716.7108,786.39954,-1,-1,-1"
2076,"489.2394,598.66974,108.036285,84.70455,-1,-1,-1"
2077,"5926.28,1897.1602,495.749,146.46393,-1,-1,-1"
2078,"1762.0743,934.5099,249.83784,354.93488,-1,-1,-1"
2079,"679.0488,315.12155,545.08746,555.9068,-1,-1,-1"
2080,"427.2308,140.3283,238.62589,117.12083,-1,-1,-1"
2081,"656.9171,2578.5586,164.02554,287.67953,-1,-1,-1"
2082,"62.33562,500.96518,150.56392,264.73755,-1,-1,-1"
2083,"1050.82,399.59286,692.65656,121.65005,-1,-1,-1"
2084,"1030.1512,1394.6549,323.09488,854.351,-1,-1,-1"
2085,"422.2922,605.991,590.481,1000.5915,-1,-1,-1"
2086,"250.36996,1351.6298,106.08768,59.008812,-1,-1,-1"
2087,"2119.5745,7384.084,2656.0068,622.9233,-1,-1,-1"
2088,"404.9501,306.7216,594.44745,468.08182,-1,-1,-1"
2089,"1263.701,689.58527,888.5834,542.6269,-1,-1,-1"
2090,"631.4815,3775.25,261.7999,233.91068,-1,-1,-1"
2091,"1433.3411,2172.2056,185.35587,630.3178,-1,-1,-1"
2092,"393.48926,1199.3381,749.4815,935.01184,-1,-1,-1"
2093,"528.8476,143.90259,428.45743,273.60104,-1,-1,-1"
2094,"173.8787,533.70026,191.08978,214.56435,-1,-1,-1"
2095,"126.42407,122.15645,158.23882,281.2124,-1,-1,-1"
2096,"1116.3683,278.61743,414.1559,2505.8438,-1,-1,-1"
2097,"1652.8488,312.7772,8794.346,401.4421,-1,-1,-1"
2098,"1595.7493,552.1554,1924.2914,93.47279,-1,-1,-1"
2099,"337.12024,571.1745,3966.1228,481.92496,-1,-1,-1"
2100,"349.1376,116.883545,1173.4377,1879.4908,288.74356,-1,-1"
2101,"1739.5443,121.86264,519.4096,765.3985,1250.111,-1,-1"
2102,"289.61172,5134.1187,938.911,145.45319,339.55417,-1,-1"
2103,"446.08987,3288.5906,519.59894,435.7574,470.86005,-1,-1"
2104,"1155.0067,637.25604,267.3319,1306.9835,599.54004,-1,-1"
2105,"693.6198,2241.726,866.5599,327.15958,2729.6924,-1,-1"
2106,"2333.8198,139.9435,1880.949,718.96564,893.7396,-1,-1"
2107,"1347.8861,365.97116,608.6764,1857.852,278.08145,-1,-1"
2108,"963.16504,1991.7721,400.19754,151.76878,867.8646,-1,-1"
2109,"1555.5946,220.15028,1080.3702,310.90845,753.10834,-1,-1"
2110,"475.8009,655.0832,1256.4325,341.95242,515.8756,-1,-1"
2111,"1766.7656,1481.1761,43-1.0562,1250.6332,1510.8087,-1,-1"
2112,"149.43947,281.59195,773.44885,1488.4182,169.38977,-1,-1"
2113,"1812.1278,341.624,122.75917,184.2256,359.03668,-1,-1"
2114,"8048.1772,259.12006,52.58951,484.0374,276.17453,-1,-1"
2115,"175.77376,1094.906,416.96957,439.64606,761.23236,-1,-1"
2116,"869.2703,85.72208,286.78995,358.32477,295.33737,-1,-1"
2117,"1177.3793,357.92374,1019.4427,687.89667,218.90202,-1,-1"
2118,"115.59031,89.150536,107.48448,138.46585,2542.8728,-1,-1"
2119,"511.01218,328.7155,6276.869,74.49722,238.85605,-1,-1"
2120,"997.9458,5283.0923,584.39557,249.17392,119.9113,-1,-1"
2121,"429.78696,147.33023,289.4172,79.931366,387.5946,-1,-1"
2122,"940.1435,219.31119,574.3576,1548.697,1957.7926,-1,-1"
2123,"440.95767,365.80344,266.7045,372.5883,421.17365,-1,-1"
2124,"181.40498,162.42764,152.87616,259.89334,163.39638,-1,-1"
2125,"2721.065,82.557205,110.34099,680.13385,118.62398,-1,-1"
2126,"288.17926,224.57126,183.0467,242.36615,338.51147,-1,-1"
2127,"1192.6658,639.732,250.59013,221.80164,157.43729,-1,-1"
2128,"241.14081,1460.6849,555.00604,275.13925,602.016,-1,-1"
2129,"540.37555,133.21028,92-1.082,2122.0994,169.37918,-1,-1"
2130,"1266.2999,347.16336,50.581295,470.83093,281.4196,-1,-1"
2131,"642.92096,1112.9738,560.878,624.79236,459.71115,-1,-1"
2132,"164.83072,1488.2059,404.97037,508.63388,120.27661,-1,-1"
2133,"227.1168,460.4764,227.95001,137.35326,503.31958,-1,-1"
2134,"2299.7231,105.12193,128.28548,4484.2056,1939.1637,-1,-1"
2135,"2641.3823,283.38754,339.09402,281.20566,277.73114,-1,-1"
2136,"415.27118,243.75194,907.355,101.86795,815.5199,-1,-1"
2137,"529.4305,646.19666,443.65125,187.61662,163.34496,-1,-1"
2138,"7554.0874,201.05872,4738.5283,78.91491,551.2903,-1,-1"
2139,"999.8975,60.56381,1132.799,3158.3044,228.11557,-1,-1"
2140,"139.59743,605.56696,1137.9126,142.22438,907.86273,-1,-1"
2141,"335.05557,1973.8082,3043.871,87.49084,369.1194,-1,-1"
2142,"164.40822,100.31491,628.84955,372.59738,425.9692,-1,-1"
2143,"698.3878,543.67896,159.0634,57.00149,173.67766,-1,-1"
2144,"658.5011,175.82233,378.75125,3214.896,503.8452,-1,-1"
2145,"818.58405,414.4692,285.88004,140.27025,530.42255,-1,-1"
2146,"405.07437,245.57506,645.6218,274.2807,303.57904,-1,-1"
2147,"226.60455,2704.184,283.67056,1045.8988,57.79784,-1,-1"
2148,"377.0247,205.03592,265.67633,1788.4086,649.06085,-1,-1"
2149,"1027.952,763.9666,1344.226,457.90042,925.6607,-1,-1"
2150,"1182.3486,914.5883,165.34537,278.26025,430.77216,-1,-1"
2151,"358.89624,2530.9316,455.80923,828.908,642.3263,-1,-1"
2152,"307.82535,524.2922,218.2983,175.68974,2083.626,-1,-1"
2153,"335.81296,132.03531,762.4588,1495.7947,66.735435,-1,-1"
2154,"1180.4099,460.82684,288.9205,911.8657,512.9188,-1,-1"
2155,"618.3032,730.30646,702.80536,506.71176,61.220306,-1,-1"
2156,"267.2261,321.7713,423.40546,174.72353,338.35587,-1,-1"
2157,"63.415546,5015.479,268.2754,558.4582,67.99256,-1,-1"
2158,"302.03745,591.3613,308.7111,239.77199,224.22935,-1,-1"
2159,"303.69183,58.8972,523.2878,1302.017,1269.7595,-1,-1"
2160,"226.42503,726.7297,610.722,1886.8246,2949.2913,-1,-1"
2161,"116.98393,243.14845,134.33134,742.0164,242.72568,-1,-1"
2162,"589.58636,357.7066,317.36288,201.25034,510.28156,-1,-1"
2163,"2386.1182,266.85385,350.82278,542.6359,499.81967,-1,-1"
2164,"731.5397,267.5815,1174.3683,96.12119,148.2049,-1,-1"
2165,"1140.913,196.9017,167.11354,708.52704,366.74222,-1,-1"
2166,"475.49942,176.19202,138.2325,62.009716,269.3288,-1,-1"
2167,"473.54663,243.58957,1492.7303,130.27306,187.08989,-1,-1"
2168,"1532.5215,819.0992,436.15866,320.56644,443.29898,-1,-1"
2169,"516.09393,591.378,528.7665,2706.8523,431.00787,-1,-1"
2170,"433.11142,1758.0883,366.281,732.17865,477.35065,-1,-1"
2171,"503.18387,573.7176,967.9233,1052.1232,67.09842,-1,-1"
2172,"2097.7212,61.897247,400.9631,160.72478,136.11392,-1,-1"
2173,"94.35627,963.5581,166.17067,7257.552,2071.1575,-1,-1"
2174,"764.6799,108.1763,255.81342,195.61142,552.56384,-1,-1"
2175,"931.7935,5048.485,142.5825,355.328,1643.681,-1,-1"
2176,"655.0433,164.39865,83.42065,39-1.01752,578.0884,-1,-1"
2177,"540.122,2450.2295,658.0878,1250.5582,199.12573,-1,-1"
2178,"1283.1708,222.28065,435.5301,881.2594,658.1919,-1,-1"
2179,"254.3142,655.077,63.925854,288.2142,11-1.03478,-1,-1"
2180,"1976.9364,5571.099,143.648,433.70865,313.4074,-1,-1"
2181,"528.4767,1532.5714,215.79247,1212.5599,1096.0333,-1,-1"
2182,"755.3547,315.65695,1833.0135,268.48215,110.66463,-1,-1"
2183,"400.65903,251.20079,174.37471,183.11111,578.1032,-1,-1"
2184,"264.73932,67.16127,523.39374,632.3526,857.38336,-1,-1"
2185,"331.3774,491.83734,2869.7031,3050.86,278.96017,-1,-1"
2186,"568.14026,406.81918,345.6199,242.47112,161.12564,-1,-1"
2187,"755.27155,238.8435,509.52335,167.3688,463.9583,-1,-1"
2188,"2260.3389,210.88728,456.50424,457.95892,673.7243,-1,-1"
2189,"1005.3757,1896.8463,120.4536,2334.8875,565.19885,-1,-1"
2190,"2437.4282,3274.391,536.3027,792.14825,275.93854,-1,-1"
2191,"1259.5231,97.41383,123.039795,74.45239,424.34695,-1,-1"
2192,"1761.837,862.8567,125.61946,634.81525,71.8626,-1,-1"
2193,"3048.5974,124.544,395.55505,1556.5048,2951.281,-1,-1"
2194,"377.2853,1348.6248,1087.9662,199.01207,433.34634,-1,-1"
2195,"78.86269,301.76526,655.3759,1212.1841,248.6776,-1,-1"
2196,"600.22784,1207.9858,100.266846,389.79092,1734.6907,-1,-1"
2197,"753.6582,1141.3367,412.15082,156.81413,2479.4028,-1,-1"
2198,"301.55505,815.7209,102.75781,306.95505,324.46857,-1,-1"
2199,"345.0762,544.49335,166.22841,514.29083,149.7307,-1,-1"
2200,"167.5013,130.28033,2055.856,678.78125,627.3591,275.90146,-1"
2201,"192.9282,774.78186,394.64792,1832.1891,184.0425,129.88643,-1"
2202,"1353.2933,2398.5872,1058.3184,187.1393,2082.006,592.53986,-1"
2203,"308.67355,227.16002,498.4127,1082.0441,302.86252,424.5027,-1"
2204,"564.1882,133.03911,462.96976,1531.3701,825.4249,289.06815,-1"
2205,"298.5389,482.88937,98.99458,269.21826,149.68524,650.38574,-1"
2206,"2162.6086,1289.2913,351.17007,7002.3813,320.1765,286.23462,-1"
2207,"550.9313,2651.2244,179.5401,1298.4364,185.33415,198.55464,-1"
2208,"489.1613,521.0442,334.5862,97.7067,485.46127,557.8393,-1"
2209,"985.30084,525.7296,465.76218,688.845,411.4505,491.88092,-1"
2210,"320.68573,791.658,464.41525,563.14233,37-1.0764,284.31265,-1"
2211,"475.2059,8152.033,329.40433,1482.006,338.82602,310.33823,-1"
2212,"595.02765,2717.1812,234.25665,159.95299,64.73602,155.82396,-1"
2213,"2641.6523,703.24945,1237.5546,361.33432,141.93217,1353.1626,-1"
2214,"864.50665,476.07486,299.65826,60.171886,281.61536,368.68713,-1"
2215,"686.5679,128.99466,187.2837,213.36946,67-1.0095,346.353,-1"
2216,"286.54736,262.8334,394.5056,318.89633,4444.9077,3049.9753,-1"
2217,"730.1639,2093.4087,135.51198,132.37279,112.31967,162.31694,-1"
2218,"312.0366,289.11887,190.15076,304.73718,927.2516,164.57675,-1"
2219,"121.510605,1003.2437,416.08157,761.00824,165.15837,315.3501,-1"
2220,"212.3756,213.44835,325.9219,1300.9115,90.65684,3430.4807,-1"
2221,"412.96664,2128.1582,300.51324,3603.519,514.6433,161.94875,-1"
2222,"2545.5752,266.86844,152.68146,1053.7516,334.49536,282.61832,-1"
2223,"566.8222,2366.9053,466.8203,271.00806,84.81219,153.3795,-1"
2224,"168.89459,531.137,670.7972,267.9828,136.59935,547.1539,-1"
2225,"880.84705,8383.33,184.76875,895.6916,353.58804,974.8618,-1"
2226,"1392.9839,685.9649,379.2797,595.9704,461.34702,668.1831,-1"
2227,"1127.1283,61.293507,217.34334,141.22804,430.90308,137.04276,-1"
2228,"177.55489,2156.0051,451.5543,1846.2565,319.6977,369.10678,-1"
2229,"999.0854,2796.205,490.3066,374.3442,172.44579,318.40863,-1"
2230,"559.43616,1326.9073,221.87842,133.48245,90.10733,157.32129,-1"
2231,"1799.4595,69-1.07043,196.8515,106.77202,408.8183,315.9556,-1"
2232,"539.9233,1420.8402,476.82758,807.3424,460.74374,207.6146,-1"
2233,"620.1798,852.8389,227.98593,701.752,332.47144,290.99902,-1"
2234,"926.6932,393.2646,3493.3745,1067.587,68.872,526.14935,-1"
2235,"651.1429,412.443,293.82474,948.5617,360.6794,547.56805,-1"
2236,"101.31723,206.03865,1875.2571,1477.5646,390.3356,271.9414,-1"
2237,"339.01135,75.187225,135.023,520.2021,1022.8032,143.24394,-1"
2238,"222.3263,1056.1979,904.0652,458.12997,977.1393,446.8827,-1"
2239,"856.8496,221.92247,294.63773,555.22125,277.36093,197.47342,-1"
2240,"283.47415,415.9387,716.49005,578.55585,332.519,758.9286,-1"
2241,"374.84796,723.6863,179.98555,288.85535,230.69879,256.6117,-1"
2242,"52.05248,149.34413,348.1495,189.79051,551.4085,646.0241,-1"
2243,"2080.5974,2445.9675,176.32094,933.6219,221.17654,73.67185,-1"
2244,"414.7302,566.1294,377.4203,148.55965,272.55615,709.29425,-1"
2245,"539.61255,381.15585,316.539,231.46498,764.6681,567.9455,-1"
2246,"1011.73206,331.12167,1750.1942,258.23605,279.4122,504.47,-1"
2247,"308.17297,152.31819,2216.8162,170.11452,261.86615,491.12784,-1"
2248,"289.92038,988.71234,7400.7456,234.70694,430.46518,238.15323,-1"
2249,"131.79347,1723.0612,1870.9108,962.42175,386.00876,817.8117,-1"
2250,"429.7586,377.5647,647.58344,305.27475,400.28232,300.91995,-1"
2251,"2536.9624,1010.6402,514.6863,30-1.0017,624.5323,186.48152,-1"
2252,"1371.3698,667.26874,229.47954,320.18387,68.36096,864.6385,-1"
2253,"2849.6582,5459.775,363.9537,321.13177,189.88435,108.24296,-1"
2254,"2388.0518,884.8819,351.67743,315.15216,1492.4098,308.32043,-1"
2255,"2991.8796,2712.6611,5784.4497,176.67851,469.934,97.105125,-1"
2256,"764.98016,393.4968,358.3079,3122.7178,240.1205,1764.8202,-1"
2257,"3734.8257,976.4035,823.8274,110.31667,383.9716,337.50574,-1"
2258,"5145.3613,305.8187,1267.0066,285.51962,2569.2244,67.13513,-1"
2259,"908.95074,876.7401,774.0101,598.3868,102.79378,269.50662,-1"
2260,"1190.8319,564.26526,219.87994,2038.5468,244.72505,262.0528,-1"
2261,"1715.234,232.42317,477.21643,1125.2747,3958.1934,419.64667,-1"
2262,"525.9939,147.68915,2473.7175,253.60255,97.21088,5034.344,-1"
2263,"1228.3458,497.3228,155.55086,198.65347,418.13815,420.86893,-1"
2264,"1497.706,220.59595,275.87772,975.0554,332.2468,329.34793,-1"
2265,"484.3571,436.19827,2626.1724,372.14893,167.76053,192.2789,-1"
2266,"776.9334,309.8578,190.58372,466.98428,516.00885,104.5026,-1"
2267,"341.2938,545.5597,296.31393,2925.1938,5016.2275,147.84608,-1"
2268,"348.0054,172.8006,447.04498,350.5847,209.32332,545.88306,-1"
2269,"667.5601,446.5478,533.6931,6981.1455,310.14594,237.16849,-1"
2270,"449.70456,536.3997,1000.4812,474.76416,405.31982,649.2686,-1"
2271,"1329.6042,472.23444,486.7551,174.67218,319.08197,379.09244,-1"
2272,"244.78397,885.3621,436.3672,579.3897,299.00195,379.63406,-1"
2273,"579.76465,129.6376,621.6108,192.65242,355.2607,1677.8452,-1"
2274,"106.182495,154.21156,160.2688,116.401634,282.73932,213.19131,-1"
2275,"372.38562,302.8827,868.7136,121.02732,201.04558,1160.5967,-1"
2276,"615.58453,59.525467,1608.2194,101.96895,393.19583,425.28204,-1"
2277,"3532.5696,476.22995,396.77768,427.17966,343.0752,83.09321,-1"
2278,"399.3512,8214.68,557.7973,650.4743,248.08377,137.56859,-1"
2279,"787.3788,285.5281,186.20778,1805.3705,598.472,366.9341,-1"
2280,"435.84235,476.93057,355.86353,147.64563,757.312,159.62245,-1"
2281,"3490.633,74.97367,2358.6885,333.93958,59.15924,782.74243,-1"
2282,"775.3601,795.99493,225.65088,472.41568,300.86658,902.1271,-1"
2283,"247.59378,440.26984,856.51044,463.13278,323.86444,561.97736,-1"
2284,"575.70306,1212.0856,584.2128,702.16364,821.63995,197.9846,-1"
2285,"163.06657,555.2964,231.35988,303.722,927.3124,907.0496,-1"
2286,"1650.5638,55.874226,183.90602,293.76956,140.2089,299.76575,-1"
2287,"315.9911,224.53691,400.2471,1526.124,1171.5573,144.7858,-1"
2288,"486.22925,340.855,1501.5645,650.41864,93.23067,524.03705,-1"
2289,"164.6335,202.18216,300.69794,1709.9496,341.89886,70.84076,-1"
2290,"289.35428,123.83035,1758.9612,356.48438,126.77075,425.12167,-1"
2291,"359.67728,1308.1475,7015.3496,532.27606,2951.7927,415.96805,-1"
2292,"1017.8089,545.4338,356.50266,111.17342,161.70543,1467.3629,-1"
2293,"252.8325,480.54102,850.7519,179.52625,68.66476,274.6841,-1"
2294,"191.23279,343.99646,1786.401,320.64856,798.9311,479.5651,-1"
2295,"796.8141,347.59445,253.76128,81.22511,830.6213,643.3199,-1"
2296,"1450.4108,775.6187,497.7584,450.88446,566.9353,125.89029,-1"
2297,"201.94354,680.65356,911.1237,267.9692,213.75159,130.6476,-1"
2298,"810.4487,865.7235,365.19412,1416.0712,611.15906,362.28967,-1"
2299,"445.27188,419.80392,137.65315,73.343216,230.99623,1635.7223,-1"
2300,"101.68857,271.72327,851.117,381.39444,66.50321,64.667625,356.6313"
2301,"614.8246,1046.4169,123.86045,269.5726,522.8876,395.2532,1111.7622"
2302,"372.33673,443.74722,985.74457,858.5181,309.3089,1273.8518,528.0418"
2303,"325.62097,829.18854,447.74948,296.01627,200.15726,63.90681,207.79012"
2304,"339.3674,1008.4443,1978.6459,733.1978,946.50543,498.48468,164.29225"
2305,"51-1.0,295.87674,585.7915,475.76843,775.21747,147.13649,240.17676"
2306,"8086.443,491.7136,2486.5425,243.23488,292.4247,763.7429,451.1277"
2307,"3426.4116,171.6196,329.3658,886.8531,60.698776,933.5272,2706.0806"
2308,"559.80035,203.6275,2271.6553,857.82135,74.227325,238.949,380.15863"
2309,"333.60675,204.81703,608.4021,487.85602,535.09204,148.14386,93.78"
2310,"246.60347,446.29294,2290.1099,426.67368,961.44867,607.33136,74.32937"
2311,"358.45886,454.2354,289.34164,1496.5336,174.16156,527.44275,657.54285"
2312,"311.31717,881.0898,815.927,687.89594,72.714516,118.09899,108.67638"
2313,"664.5147,668.7796,264.96536,267.88242,129.86565,93.34569,339.8129"
2314,"725.3676,148.86937,987.0465,491.6016,100.51216,278.3144,966.1539"
2315,"291.68594,299.6071,243.98448,130.18182,207.40155,530.65625,872.98785"
2316,"270.3055,1940.7965,57.3978,567.1764,2321.1746,3172.6367,241.21964"
2317,"1080.8844,185.15495,876.4209,59.499878,713.17676,355.24823,514.3133"
2318,"195.98225,1171.3807,344.00073,827.0607,1197.7496,125.42837,865.3708"
2319,"593.3016,2201.7466,434.4435,579.5764,175.86418,1892.4283,435.17056"
2320,"482.30197,531.8073,278.60056,991.24475,646.55725,384.78387,100.122246"
2321,"1173.4872,251.33327,915.0716,238.51889,359.60825,165.47603,462.32913"
2322,"206.8491,586.6275,305.5508,1498.0397,465.74377,152.47101,468.94867"
2323,"7386.1543,177.9929,279.35327,104.06743,107.418106,233.08565,523.1954"
2324,"1868.8363,352.18515,277.85693,416.09982,302.2285,2976.7688,242.59506"
2325,"1706.8857,1016.19745,138.9804,1956.8864,589.4937,65.50063,319.99203"
2326,"836.7588,441.30173,148.83992,2859.5547,160.84836,971.2081,601.7172"
2327,"848.7628,20-1.02225,122-1.0128,141.86409,274.7588,305.425,820.9887"
2328,"1407.7987,89.130936,685.7459,2032.7794,888.4568,87.97422,361.55603"
2329,"333.63284,838.3655,5447.524,347.1843,214.7685,158.64868,120.41528"
2330,"211.83836,2648.7568,979.34796,103.17903,822.6615,236.90239,309.15692"
2331,"584.32214,337.85678,141.14954,3716.287,178.37413,481.5462,309.51505"
2332,"711.15643,332.58243,413.46646,95.75882,396.5498,243.54602,160.98111"
2333,"306.27414,1810.4791,824.5655,516.5038,927.5525,469.5722,253.86"
2334,"434.54474,269.16605,148-1.0868,2716.0308,311.3988,615.3981,310.85275"
2335,"678.3951,280.21667,8042.308,2193.7412,4359.5776,58.519253,1054.3129"
2336,"299.17828,507.81567,65.78484,353.56042,143.05484,101.55663,4036.8928"
2337,"212.3257,149.62187,691.0341,965.2778,171.18373,303.8578,378.08908"
2338,"400.42334,500.50394,91.20523,276.86716,1001.90875,120.529205,114.4566"
2339,"298.14426,772.8723,159.4766,83.682495,429.69263,121.65269,713.94806"
2340,"846.0424,1361.4545,176.64285,1161.8646,209.37868,220.18445,871.9743"
2341,"2896.1658,3696.2964,263.2075,502.8268,801.18384,58.58609,305.0452"
2342,"2228.0935,2687.6309,283.77374,405.53485,264.125,241.03564,613.8659"
2343,"371.20102,357.12845,1075.1979,692.65985,3410.4343,133.83371,863.4725"
2344,"307.17172,145.46599,845.0023,92.69758,257.09006,240.99997,780.10944"
2345,"288.83212,43-1.07513,252.09984,437.80698,238.22078,721.64355,155.81123"
2346,"144.76775,1023.83435,95.63745,1510.6742,2962.1138,145.88321,936.1169"
2347,"133.016,628.38654,395.71042,1114.4684,351.71225,260.248,116.93756"
2348,"2939.163,1368.9789,342.94983,233.94624,74.68756,719.218,240.50699"
2349,"1058.7035,1247.3446,203.20757,2149.8796,359.7571,639.9758,459.80914"
2350,"73-1.0471,269.5565,250.5411,114.060356,64.12361,526.98285,65.0432"
2351,"574.4982,72.619965,1258.0546,57.694405,187.62364,1507.1642,473.79837"
2352,"1343.5243,1327.8489,462.66946,537.98627,725.3638,2885.081,233.86597"
2353,"542.9157,870.1875,307.75162,106.76761,1293.8066,174.83798,134.94882"
2354,"491.6945,1520.7313,399.27853,454.9598,445.23074,774.2131,219.62695"
2355,"2853.583,304.74454,75.58873,412.9705,324.50302,15-1.02505,191.2948"
2356,"417.37454,505.78217,307.46176,904.6297,133.81856,194.5028,469.6057"
2357,"1037.259,459.6501,253.66176,7304.1987,348.0685,237.78639,85.127556"
2358,"334.90488,159.32648,304.2175,278.83,1755.277,179.7024,427.17563"
2359,"145.43243,2132.343,212.20473,2057.768,512.02527,302.2433,474.23267"
2360,"189.31477,320.98044,471.73947,97.554184,731.91064,528.34045,205.95294"
2361,"296.9989,28-1.04724,98.8394,173.69884,2579.9001,297.47388,225.98499"
2362,"1585.9341,2751.1064,320.22598,157.28535,109.78983,265.74783,1045.1448"
2363,"4468.9,1005.9553,581.8571,2245.8586,464.61743,367.1569,2079.588"
2364,"209.91176,264.34164,616.20447,317.60458,798.8818,479.418,3625.4429"
2365,"237.10191,1448.7194,652.3217,241.29576,206.57408,308.38266,55.665226"
2366,"862.88153,296.62964,299.8723,1061.6354,350.56528,1162.918,70.71897"
2367,"231.93756,982.82886,176.14142,204.15395,280.547,310.51953,899.77466"
2368,"57.664433,201.0717,1992.9589,1527.8245,1186.9957,443.8062,992.7655"
2369,"1276.535,58.903034,500.6675,67.18031,1236.0687,256.97208,322.86688"
2370,"1530.3489,296.66586,431.46933,295.44766,462.05148,67.21509,111.9233"
2371,"314.3975,1212.7089,119.87686,287.16025,651.4024,432.32846,45-1.0408"
2372,"292.2746,736.5841,284.9595,178.35823,878.25824,1473.145,357.36588"
2373,"388.62762,446.99805,552.7297,228.12227,1734.1842,430-1.0273,61.328575"
2374,"1018.9786,407.5666,523.65985,1869.6118,575.1485,83.504395,271.86057"
2375,"1803.7198,828.5522,292.32117,1974.13,563.3192,721.54407,91.25713"
2376,"1369.6339,78.3232,124.524826,287.55325,806.2898,121.189705,729.7106"
2377,"3837.7383,59.74934,510.34,226.55219,287.97906,498.26544,226.6702"
2378,"705.73016,63.602604,308.08945,92.28082,783.7177,169.1296,78.75155"
2379,"163.80289,917.65204,757.63776,252.07835,331.85342,173.5422,531.87964"
2380,"56.517166,297.92752,542.9554,1101.3031,633.83606,914.49945,2429.7654"
2381,"493.44263,2147.064,1455.485,165.84856,351.08264,151.86781,157.19191"
2382,"815.5311,4606.6035,113.02778,1067.5275,927.1171,158.1204,135.74881"
2383,"174.25606,5107.6733,418.7393,1368.8287,4549.063,124.46584,429.71924"
2384,"158.92722,152.44696,129.7769,1230.3818,147.73888,439.1219,431.168"
2385,"410.4089,2874.8823,262.30002,370.58838,193.7802,483.43182,639.2626"
2386,"91.48984,1517.7339,3043.4492,195.82277,2984.899,4179.201,144.2966"
2387,"727.70123,394.34537,1038.4327,435.5206,2897.0679,657.7724,171.80034"
2388,"320.37906,171.81406,179.24442,136.66504,1162.7771,492.18076,87.71915"
2389,"680.5163,374.57986,90.70772,656.96136,452.43274,2077.3684,1143.5991"
2390,"779.3546,330.64792,1275.47,2410.228,2306.6758,775.8205,137.18451"
2391,"179.70328,130.6367,2635.435,194.00304,406.15616,405.72495,473.757"
2392,"515.4457,1796.4801,242.85103,2129.6362,1095.1387,234.23018,610.6644"
2393,"433.28137,42-1.04636,666.0691,160.41396,935.63763,414.49274,543.48364"
2394,"297.7178,492.4603,510.75067,4891.363,1203.131,307.83353,379.55884"
2395,"993.15405,772.8194,234.52544,64.27909,323.22528,59.029526,612.16064"
2396,"431.51346,265.35733,399.78683,600.54425,2282.2764,735.90137,581.53827"
2397,"2980.3125,340.7099,396.87723,1742.2098,1071.6647,305.06876,149.32074"
2398,"86.60752,50-1.0247,115.15731,1847.2421,319.64536,748.9518,145.53795"
2399,"884.59064,864.3795,713.9987,386.06268,551.7038,491.9115,1535.6516"
