graph_id,label
0,"452.8412933054897, 134.55386401654678, 514.9412899521105, -1, -1, -1, -1"
1,"517.4535791438025, 597.9982254234875, 1832.324892064545, -1, -1, -1, -1"
2,"247.2300683056476, 460.6717923077356, 720.9999605552728, -1, -1, -1, -1"
3,"432.9287449794972, 282.33174460110223, 3273.6741909232765, -1, -1, -1, -1"
4,"312.4234488568828, 321.19672639476573, 207.99664120978764, -1, -1, -1, -1"
5,"797.0115990468628, 401.55340030444887, 150.55566825925024, -1, -1, -1, -1"
6,"230.0316643556748, 875.2779035290775, 255.27319628395213, -1, -1, -1, -1"
7,"455.7176824396271, 647.0879129431526, 352.9132602623451, -1, -1, -1, -1"
8,"802.0019870735592, 294.07256524838857, 578.9066233397443, -1, -1, -1, -1"
9,"1344.2049806847704, 578.9213129585127, 496.75801259337004, -1, -1, -1, -1"
10,"286.30939950215486, 253.25803438809425, 3459.7898219871017, -1, -1, -1, -1"
11,"144.9208645365938, 345.9722246831814, 367.9620106885176, -1, -1, -1, -1"
12,"683.5782647320468, 11885.812340010561, 528.4799580979756, -1, -1, -1, -1"
13,"221.51971373282197, 350.4033362435988, 135.69515098531025, -1, -1, -1, -1"
14,"235.5275215187262, 1429.9354173483725, 138.95938537054684, -1, -1, -1, -1"
15,"1991.0813664458035, 418.06235974838404, 506.2647123893558, -1, -1, -1, -1"
16,"150.80857150644826, 197.15371886052705, 128.77983091541222, -1, -1, -1, -1"
17,"1995.43345101909, 683.9422562240511, 757.1164071850255, -1, -1, -1, -1"
18,"1832.9697142888692, 3720.6932134403405, 232.4761702446426, -1, -1, -1, -1"
19,"312.35580258912626, 781.0103819946969, 1201.5921384919607, -1, -1, -1, -1"
20,"2960.74241269081, 131.30706043089904, 797.7047008887487, -1, -1, -1, -1"
21,"892.379664758985, 525.3483003337182, 580.9481415979033, -1, -1, -1, -1"
22,"1280.5911138089405, 676.9178557136628, 1523.8769028755453, -1, -1, -1, -1"
23,"1343.5354884589672, 1794.044825580079, 280.6320559775088, -1, -1, -1, -1"
24,"2470.8439394760244, 250.80041764679987, 453.27409021466826, -1, -1, -1, -1"
25,"208.77341672542838, 1579.6012736484247, 403.89864783786504, -1, -1, -1, -1"
26,"784.9257970878465, 795.1150752539147, 167.83242549549965, -1, -1, -1, -1"
27,"491.332185916826, 3538.1542068512554, 69.91648886422274, -1, -1, -1, -1"
28,"929.5266415104392, 1562.5359501654038, 356.56984340268315, -1, -1, -1, -1"
29,"2876.695328735719, 1047.4146244123276, 1271.210177753185, -1, -1, -1, -1"
30,"140.72576390165264, 784.935286125868, 289.4432647718637, -1, -1, -1, -1"
31,"1046.89537532245, 112.3029693003403, 1376.9189299422603, -1, -1, -1, -1"
32,"108.01748221349345, 606.8411267881263, 277.8031895458969, -1, -1, -1, -1"
33,"248.89224089906074, 3198.9365449438483, 441.4242178709013, -1, -1, -1, -1"
34,"390.9454543701764, 819.9274493342193, 230.65961293444886, -1, -1, -1, -1"
35,"333.61508645658216, 218.5738745049115, 178.62569797954387, -1, -1, -1, -1"
36,"1179.7692184117504, 693.3824234001497, 207.87325602245568, -1, -1, -1, -1"
37,"5285.619370888125, 297.6999376439368, 1312.1377328554863, -1, -1, -1, -1"
38,"284.3815221968847, 2577.0168794912743, 381.7003144484265, -1, -1, -1, -1"
39,"1347.8383073772295, 4135.879497694645, 179.27197146735864, -1, -1, -1, -1"
40,"742.9481366656659, 787.010209867686, 1719.9326353339159, -1, -1, -1, -1"
41,"1876.3942420300318, 568.4448331293454, 534.4734478921426, -1, -1, -1, -1"
42,"1527.9881291909655, 225.30353782194248, 718.5859773919274, -1, -1, -1, -1"
43,"198.82571782813406, 449.0354323796118, 454.62190513989685, -1, -1, -1, -1"
44,"127.30717467775816, 509.8297209585549, 267.7507067413526, -1, -1, -1, -1"
45,"846.4023879087905, 747.7946239678538, 1178.3903142632603, -1, -1, -1, -1"
46,"7636.063780031582, 780.7164128862408, 2835.099189877246, -1, -1, -1, -1"
47,"441.03649763061753, 898.7595417087151, 70.08982465460738, -1, -1, -1, -1"
48,"615.5503190412452, 171.30729071641906, 161.1479231978755, -1, -1, -1, -1"
49,"1609.2163548705603, 216.17973534373834, 187.61545427812936, -1, -1, -1, -1"
50,"200.8238074457024, 394.9445679359698, 6532.011724319119, -1, -1, -1, -1"
51,"4263.471145188801, 283.3459583582788, 4273.468095775497, -1, -1, -1, -1"
52,"193.7216082634581, 1141.7585364120946, 210.31274164367738, -1, -1, -1, -1"
53,"1044.079348480857, 235.25718008255967, 848.4180450172261, -1, -1, -1, -1"
54,"2212.8992994421633, 1270.7051592524563, 1140.1508779869605, -1, -1, -1, -1"
55,"691.1006386808037, 127.24126487239246, 208.85522211680612, -1, -1, -1, -1"
56,"1500.6465363108186, 41.609313706029695, 438.0067686727938, -1, -1, -1, -1"
57,"274.3077340646007, 673.5422084839059, 959.4834239976348, -1, -1, -1, -1"
58,"325.637975009628, 435.6271571070713, 427.32734447260606, -1, -1, -1, -1"
59,"1546.5091733900285, 340.58162475456794, 122.33010808431283, -1, -1, -1, -1"
60,"119.3066265403108, 1715.1043112989773, 1562.1378573192846, -1, -1, -1, -1"
61,"1665.8514686735084, 146.28609885988885, 537.3343827954403, -1, -1, -1, -1"
62,"800.6435724827754, 705.0862112310948, 486.6213079905686, -1, -1, -1, -1"
63,"1025.2876837699087, 400.3001902413961, 139.16529280810093, -1, -1, -1, -1"
64,"331.493042744863, 167.46907652549874, 311.2951049870238, -1, -1, -1, -1"
65,"504.370657550209, 474.67471647328, 612.070496808793, -1, -1, -1, -1"
66,"478.7331325546038, 108.32580794982297, 1167.1887072076952, -1, -1, -1, -1"
67,"2167.640081984015, 412.00534721234, 78.50599421632229, -1, -1, -1, -1"
68,"1525.7417917749576, 1025.8018872623375, 217.75274511764195, -1, -1, -1, -1"
69,"48.46407033135279, 251.64163383621434, 666.3129787370578, -1, -1, -1, -1"
70,"633.5480089650194, 698.9367071923142, 544.8633213225718, -1, -1, -1, -1"
71,"1573.4333448478546, 416.59397021576893, 379.70804249576776, -1, -1, -1, -1"
72,"421.47910354995264, 492.89164746856085, 430.95383051540716, -1, -1, -1, -1"
73,"753.3490527164738, 303.96465630611414, 1123.8575846808826, -1, -1, -1, -1"
74,"4439.821151257949, 571.6179936676008, 290.6992080388434, -1, -1, -1, -1"
75,"1473.324309650131, 826.5062524029125, 539.4119785982458, -1, -1, -1, -1"
76,"1015.8211145068271, 308.6417711470052, 288.6442750257998, -1, -1, -1, -1"
77,"2037.6948263746744, 425.7545319769338, 684.8301265834672, -1, -1, -1, -1"
78,"325.06555568796136, 465.0242679302838, 479.26799214957174, -1, -1, -1, -1"
79,"129.24712734080452, 2815.8799868906417, 362.6850596779438, -1, -1, -1, -1"
80,"1058.7081843703495, 324.2880823683536, 121.98066310670237, -1, -1, -1, -1"
81,"70.24738105436228, 860.6483570492882, 196.89485508200121, -1, -1, -1, -1"
82,"1044.3642437680676, 659.5527037784909, 111.64775931543323, -1, -1, -1, -1"
83,"1447.861035112634, 746.8603592372489, 766.8101363364747, -1, -1, -1, -1"
84,"1077.1922843998238, 133.66861161659014, 1213.2437476261684, -1, -1, -1, -1"
85,"767.385664120934, 302.879926844017, 1049.0562391201158, -1, -1, -1, -1"
86,"756.8380907735212, 419.79467048615356, 543.7513740009039, -1, -1, -1, -1"
87,"1438.3595440095519, 427.89864020803617, 460.57324903104586, -1, -1, -1, -1"
88,"4592.907280255568, 313.04459011932465, 229.6158494967153, -1, -1, -1, -1"
89,"419.0109286145521, 807.9971940506606, 377.0108624512379, -1, -1, -1, -1"
90,"140.91479995882938, 3275.156692374875, 480.1385633166879, -1, -1, -1, -1"
91,"1488.4066611308367, 608.3463191493527, 497.92937907283215, -1, -1, -1, -1"
92,"282.27686647728734, 860.3337610588551, 378.4684319332014, -1, -1, -1, -1"
93,"1370.8905238564987, 778.8920440320622, 66.06954409531309, -1, -1, -1, -1"
94,"476.21996770613003, 1200.1488906307882, 769.3872319890028, -1, -1, -1, -1"
95,"1327.132877474608, 634.8028651847025, 176.27465386271035, -1, -1, -1, -1"
96,"2161.106228069009, 397.7461438943265, 638.3193260782568, -1, -1, -1, -1"
97,"392.4743823937317, 250.89227424264038, 1650.9390150833713, -1, -1, -1, -1"
98,"1886.3102084463424, 220.7497466742616, 235.26253868722904, -1, -1, -1, -1"
99,"3734.202697722373, 433.24081533606767, 615.5945565690096, -1, -1, -1, -1"
100,"160.74328860228815, 279.767679317906, 327.7010959698167, 388.4855156739137, -1, -1, -1"
101,"563.758121350688, 394.4367478897019, 361.5559446676616, 1349.8151327344156, -1, -1, -1"
102,"1865.6585798283327, 840.747184600815, 597.4842324357305, 219.61102477897126, -1, -1, -1"
103,"348.41547515890824, 687.2883898912519, 410.65749228023145, 272.2940037796717, -1, -1, -1"
104,"1811.2674669322237, 131.9947849659246, 84.30082743963335, 235.24137276709237, -1, -1, -1"
105,"633.158677583647, 647.8461032649479, 564.4055764952142, 497.1653392269206, -1, -1, -1"
106,"806.7941350982737, 757.6407023438915, 506.4308317904139, 180.75885607436382, -1, -1, -1"
107,"728.0773885773106, 212.95679216522262, 107.85353665179908, 764.0910142657438, -1, -1, -1"
108,"800.9298634544646, 908.3978412629349, 3575.368663535044, 529.3275902682639, -1, -1, -1"
109,"2235.5982354364105, 61.28931425757378, 543.2603008021192, 695.7452053613306, -1, -1, -1"
110,"942.487215005216, 1828.7764585075336, 2176.884784882319, 419.9507931314521, -1, -1, -1"
111,"1039.058865484433, 330.74988816285094, 372.98426488399025, 265.436406417052, -1, -1, -1"
112,"1228.2072655231916, 404.2352080570855, 144.66161333666767, 301.6060434709604, -1, -1, -1"
113,"127.68247441489353, 672.6772809201152, 2820.3867240328386, 1590.3882395909295, -1, -1, -1"
114,"10590.26340860146, 357.42253782713516, 54.97414880843024, 637.2228368567044, -1, -1, -1"
115,"897.1216487002276, 828.7807145001905, 326.4621158955491, 347.5586324230098, -1, -1, -1"
116,"277.6784828697906, 346.6468101339201, 852.0794270280697, 321.887171506556, -1, -1, -1"
117,"2240.5079532488626, 439.03404724534823, 304.4896414407564, 87.72523529309163, -1, -1, -1"
118,"59.61865140329521, 174.82353770484244, 706.9549095835225, 187.96984266393082, -1, -1, -1"
119,"253.21682396012795, 230.8930914176326, 6057.457908586159, 385.7299749583835, -1, -1, -1"
120,"184.2131526058658, 279.15757402919445, 1638.0255701270125, 686.6813402706206, -1, -1, -1"
121,"1186.26746076613, 2155.3532143609, 2818.7430082554492, 568.5065142217885, -1, -1, -1"
122,"732.541783374033, 251.20771048832327, 330.0021574895976, 169.21078878097865, -1, -1, -1"
123,"375.77983234343833, 944.367179592874, 107.47810502369441, 431.6078542174054, -1, -1, -1"
124,"1929.184610112703, 592.2693979127472, 663.9021669868087, 265.04774838096193, -1, -1, -1"
125,"173.88376626204104, 3506.1093500716324, 461.9858706808483, 625.678080133367, -1, -1, -1"
126,"457.055271844504, 111.26267683060085, 779.2191143229178, 2229.028859152727, -1, -1, -1"
127,"911.0866715304968, 1205.4233035511168, 47.83875356234864, 408.85329018051937, -1, -1, -1"
128,"1085.260088182093, 489.2480510053663, 523.8913379054019, 142.3135128130586, -1, -1, -1"
129,"5400.513174869525, 447.0858832332216, 323.58622481003437, 1000.2868777961386, -1, -1, -1"
130,"1809.6529246439145, 783.5997338929957, 414.9023240779554, 468.25097686988295, -1, -1, -1"
131,"3515.130079529035, 2163.908589719211, 714.9641174852719, 331.13269382019143, -1, -1, -1"
132,"1741.0973298315753, 330.41637127602695, 1338.5819448495733, 2593.292114597989, -1, -1, -1"
133,"2053.5674164731904, 4997.458536996216, 306.82661746985116, 2081.00279380098, -1, -1, -1"
134,"1491.8294564295047, 105.20743686991842, 350.8089088107382, 355.0843617662442, -1, -1, -1"
135,"85.94578781201764, 288.0343420021448, 373.86837433034395, 354.3751541670743, -1, -1, -1"
136,"10921.691057275733, 689.7128907555608, 261.39836186827733, 252.8914011115932, -1, -1, -1"
137,"1168.3799128045678, 1033.0801526197827, 335.3114283097886, 4324.851757928917, -1, -1, -1"
138,"445.0613944387164, 1912.7791793990639, 283.1141415654005, 1511.0697098618787, -1, -1, -1"
139,"676.3042091429, 926.4579408921375, 404.60339518688914, 105.5008966897622, -1, -1, -1"
140,"1124.1286043699322, 537.7279325454133, 1148.1618006297415, 2584.5427595561105, -1, -1, -1"
141,"387.4344983947394, 1376.4479553438744, 992.6672610305772, 4833.38028126713, -1, -1, -1"
142,"212.50553022386137, 4306.851646101737, 235.51207552368948, 914.9905608778859, -1, -1, -1"
143,"362.243206374802, 105.21002817569251, 736.6153155196312, 180.7958311326345, -1, -1, -1"
144,"300.25428866454666, 300.590396047298, 453.72587398041406, 375.84032603203974, -1, -1, -1"
145,"1156.5940614898466, 171.40209782401877, 2681.4808164993656, 786.828267471255, -1, -1, -1"
146,"713.0818592289555, 578.588150342632, 587.8664357295993, 134.99790909888733, -1, -1, -1"
147,"1057.487814746124, 551.9732283089859, 742.6525271046391, 191.59408526237561, -1, -1, -1"
148,"2337.0368518640616, 827.4731438854916, 70.12656566706765, 497.6508329600286, -1, -1, -1"
149,"645.0058969650843, 525.6938315541346, 557.7200475629659, 410.84584668920076, -1, -1, -1"
150,"237.08460765938472, 1274.5262605838425, 94.01744242508465, 360.6865385481055, -1, -1, -1"
151,"408.60380442283906, 1434.3103168276427, 291.05194426739905, 1376.918449483688, -1, -1, -1"
152,"3729.6995260022695, 329.2496185812998, 113.69372006746502, 538.1154727830129, -1, -1, -1"
153,"2330.6896086519064, 283.05400658021085, 275.30326198716773, 339.9225230634466, -1, -1, -1"
154,"469.8141872588767, 288.61623959688495, 121.4909989885859, 3633.3861813150265, -1, -1, -1"
155,"278.9951984429858, 281.48748459259855, 2758.2319899259883, 1629.06126056391, -1, -1, -1"
156,"1292.5866218113115, 4683.289836223589, 739.7065009720243, 517.4280679448184, -1, -1, -1"
157,"629.390956637914, 402.98413209324946, 345.04807874486573, 1043.1320615645332, -1, -1, -1"
158,"3537.6062152958507, 528.7657401389056, 283.92221721638595, 2835.005511763179, -1, -1, -1"
159,"520.8358241864902, 885.9617847665513, 929.7390921332953, 700.5599787101205, -1, -1, -1"
160,"1618.3766028523276, 450.04911382326253, 163.01139241937886, 347.33860112709215, -1, -1, -1"
161,"781.7751498595461, 328.3463231020954, 750.9968332145352, 328.7976706025965, -1, -1, -1"
162,"3307.4902605016778, 631.1043647931593, 93.8782342516322, 101.61886224665616, -1, -1, -1"
163,"1147.7708865955592, 484.2615484768261, 221.80943015724975, 283.693347388195, -1, -1, -1"
164,"1152.5853039589726, 68.6527475226174, 760.103623579618, 1460.3220367588856, -1, -1, -1"
165,"2384.6588024298353, 247.18323263957305, 853.0171489898332, 556.392632278327, -1, -1, -1"
166,"707.3074072906679, 524.8723491625977, 867.1217630255596, 531.7477517188644, -1, -1, -1"
167,"654.1235126343543, 196.35901718033512, 385.07712232097856, 104.67900119996223, -1, -1, -1"
168,"602.1183935501313, 573.6182475353206, 891.423225458971, 2974.7181045353536, -1, -1, -1"
169,"1175.465953650917, 1949.8146054498388, 1124.6760683232449, 251.23172664089998, -1, -1, -1"
170,"700.9638066372227, 93.18328346395535, 326.7394877416664, 228.5342680438302, -1, -1, -1"
171,"370.27583109879805, 436.2325614801714, 1670.7481460230017, 1166.1620566768368, -1, -1, -1"
172,"744.8642850195272, 477.0963268394292, 488.8776137861363, 1465.6309114178052, -1, -1, -1"
173,"420.06828847580744, 1585.3505902937343, 555.9565409769064, 770.7610459811035, -1, -1, -1"
174,"929.424854197378, 596.9139103454023, 1132.8717508348163, 354.73535361316226, -1, -1, -1"
175,"94.87215096247384, 275.28126288273654, 472.5339642170741, 357.87523377068, -1, -1, -1"
176,"480.87507260665666, 579.5985159720709, 1500.8047747830624, 464.08199458008164, -1, -1, -1"
177,"766.2043871492855, 912.1184780328742, 147.5864983549921, 2391.945331689895, -1, -1, -1"
178,"1029.2811679036995, 1904.9779227931672, 877.9662698472789, 631.1077492766719, -1, -1, -1"
179,"349.38550154295115, 461.1805473001666, 168.36220758017328, 2836.2874880128065, -1, -1, -1"
180,"410.2147311625302, 157.8243421806602, 310.77755133858113, 390.5366456474814, -1, -1, -1"
181,"1374.0544591022392, 167.3530169697301, 133.73268826028144, 1135.2881785129102, -1, -1, -1"
182,"815.3085674148974, 3125.2729742907777, 328.8342614841827, 714.0675271064927, -1, -1, -1"
183,"260.78607775008174, 898.7142117666322, 1900.2552052098981, 345.40440237966396, -1, -1, -1"
184,"2745.7028878822957, 1863.1708691745266, 388.27531125852136, 407.90586372475934, -1, -1, -1"
185,"466.4063865597435, 2715.207254790347, 176.37824993014777, 410.36081606029916, -1, -1, -1"
186,"970.7043388993281, 248.1055569108036, 1119.7322744032222, 1879.147420223875, -1, -1, -1"
187,"441.24456540307585, 1800.1478475431315, 414.77377797165536, 527.5800552129798, -1, -1, -1"
188,"279.6829518849607, 576.5052532404216, 196.88759283911872, 172.3360295710999, -1, -1, -1"
189,"1057.9419650327811, 56.36668626676024, 90.80897501670205, 388.4840813766251, -1, -1, -1"
190,"585.8199027041836, 692.7331284794856, 1666.2633465303372, 436.0624959001307, -1, -1, -1"
191,"385.9635932593378, 63.849281129498706, 560.7312374789007, 130.61147904202954, -1, -1, -1"
192,"180.39294279136143, 2747.203947754005, 290.86751553173417, 552.4423342407456, -1, -1, -1"
193,"100.67222754361609, 816.716391111271, 2402.075709393777, 596.67584856804, -1, -1, -1"
194,"343.1018918572512, 263.274173991976, 685.9148282235071, 332.19786378530216, -1, -1, -1"
195,"1024.313678179887, 281.27076444776117, 343.94859218383345, 594.4918664059757, -1, -1, -1"
196,"731.8538736845801, 1322.1586045633546, 2217.512516899389, 308.9068180476012, -1, -1, -1"
197,"1442.3783222728453, 1101.2969039390694, 192.58388781551793, 190.52081785530999, -1, -1, -1"
198,"882.6792467352756, 249.9228314969698, 366.22572765770184, 1939.932600811233, -1, -1, -1"
199,"4302.89864134858, 192.70600859349892, 240.7435329034068, 688.0221624380597, -1, -1, -1"
200,"5668.791929072957, 1391.0383032975142, 294.56999909156343, 250.38096102042687, 247.89812103967, -1, -1"
201,"1281.3581205815144, 155.1882108140253, 1305.8712815625458, 475.0625267142391, 481.9827238996157, -1, -1"
202,"429.8805405815435, 277.5653277563748, 97.72366646486547, 56.452912481610056, 192.28428530135176, -1, -1"
203,"3509.0003740043276, 484.4464549253604, 1463.9805063982856, 104.66925794647355, 375.0997917689527, -1, -1"
204,"4381.05192213004, 163.1053295804196, 1365.064942146496, 702.4040864361411, 51.53157813488328, -1, -1"
205,"1776.704109257073, 190.5215680906046, 89.76199634226776, 365.5939440799915, 613.3052916499821, -1, -1"
206,"1119.9820422083862, 124.77013772466802, 1231.3270527957368, 260.949813011094, 376.3877777422289, -1, -1"
207,"394.3514618064588, 391.44505893981335, 645.7961949610211, 491.9220950398219, 430.6740918250384, -1, -1"
208,"587.7058666477702, 216.1781399841305, 368.83678645881776, 503.7538346135659, 626.3728829388037, -1, -1"
209,"785.5565060399329, 329.70703019965856, 1191.5532944944266, 39.827567612067384, 85.69699107579268, -1, -1"
210,"7255.305922256843, 186.24331176996316, 260.2935045775391, 292.78032841058086, 94.50599376734752, -1, -1"
211,"1071.7916391698618, 560.7165183691567, 1420.1588463757716, 210.42821312194758, 269.7497142336473, -1, -1"
212,"5677.187531178233, 247.27247073056895, 454.2163485402074, 370.46934194805925, 186.56121840887351, -1, -1"
213,"543.9933289002977, 1186.1586538180115, 284.3115890309961, 392.3372082891845, 487.5193741751221, -1, -1"
214,"175.4568919524417, 96.47792526533004, 79.79051809564507, 522.1666561623622, 565.662774017019, -1, -1"
215,"3149.963702167234, 210.0662936081855, 403.74943943971425, 357.2509899078045, 498.66237191799246, -1, -1"
216,"343.9582372704242, 442.85883530503605, 7173.123255130518, 1080.7432334190112, 215.1054800835237, -1, -1"
217,"448.3162552235444, 1299.2329964519267, 480.1311150027852, 712.7525320339844, 504.44787294865614, -1, -1"
218,"354.16845599950625, 2208.4855541677484, 626.9422376973557, 59.08118330451151, 151.8566667532836, -1, -1"
219,"615.2713754921643, 762.8159474584263, 490.4799997579546, 406.9277143666877, 464.4944083667093, -1, -1"
220,"665.4155205027076, 280.2122374413769, 518.0561021515224, 1142.7021545876748, 1496.8281906326706, -1, -1"
221,"3333.8997279493237, 491.37425894638733, 634.7127814877939, 2144.858385001272, 1164.6587789028188, -1, -1"
222,"573.642956317485, 590.6915809005262, 178.83678319761134, 199.6197692679586, 604.349006189091, -1, -1"
223,"130.29169983675422, 1297.4543433209308, 182.23705323629923, 5563.377905603883, 76.42237403313135, -1, -1"
224,"232.6748377392707, 523.5486823622407, 468.9770899428592, 2524.309702882212, 599.7543837211736, -1, -1"
225,"307.29868163412186, 632.4817515380801, 125.36131389822701, 300.4028181801573, 850.352370731673, -1, -1"
226,"841.7508317996499, 199.274530937777, 161.413721762504, 1099.56466556806, 327.0238869976215, -1, -1"
227,"959.5867634197107, 919.5536897292145, 160.88112409561035, 4338.504301873629, 394.21084488166787, -1, -1"
228,"2499.9522988447707, 382.0779048612173, 1186.1492423553798, 1767.5298020597988, 67.41359187522234, -1, -1"
229,"414.35728700861614, 735.8205723560666, 952.5180036108196, 100.68097392629369, 388.33969727957924, -1, -1"
230,"2949.347831301617, 278.6592914586009, 1948.6346476752417, 192.4058308266103, 935.6538400100553, -1, -1"
231,"115.98529599592143, 466.36696990438344, 2002.667544370549, 195.77429471034685, 272.87783432216463, -1, -1"
232,"661.2097363091651, 630.0211509781358, 258.8847172948552, 143.75784984031768, 607.7165860322036, -1, -1"
233,"1276.0210065359565, 589.7767956264729, 100.90165293743388, 227.1845392700431, 648.0315370498768, -1, -1"
234,"551.2208319862739, 391.42229079361897, 4077.857174658629, 379.26461234510333, 589.9921763707371, -1, -1"
235,"1119.7277858215493, 338.26644445913075, 480.1660955593419, 411.56277957451965, 2077.503352236251, -1, -1"
236,"225.0747322944791, 607.1169606444962, 974.7696757567617, 650.6277260615012, 354.375495445072, -1, -1"
237,"1744.6462542022732, 503.5550894241812, 4367.024817915912, 344.0873504300005, 184.68529352855455, -1, -1"
238,"624.8796603114201, 726.4427074742879, 2854.2414321889332, 353.2006459032824, 499.46161328433743, -1, -1"
239,"118.70783825716411, 1761.6058736998727, 408.6046475093701, 119.51074296539471, 438.4083595829942, -1, -1"
240,"296.52872534309256, 229.59451096039743, 798.8498484099734, 755.8578031201896, 1980.5324551453216, -1, -1"
241,"1111.1355599402882, 151.38993601702833, 311.89985653477777, 1049.6619256079346, 3298.776323474417, -1, -1"
242,"746.4435246051601, 1019.0415971280877, 1091.3774636212693, 1436.0857056691054, 4236.439752680024, -1, -1"
243,"390.8637143804562, 497.120590889898, 1660.3006694209482, 455.59870012623304, 578.7063740244984, -1, -1"
244,"2050.6914823119014, 959.7373729086016, 1531.7578243360654, 868.1263137438216, 220.0942425677598, -1, -1"
245,"1472.3756388052436, 2223.4722619842332, 119.4951881686388, 215.12944875976325, 422.87897578684175, -1, -1"
246,"237.3937501782159, 1434.4135070376533, 597.9964651382816, 205.94639760478532, 744.7344219303319, -1, -1"
247,"383.359028703003, 111.14283088815098, 489.79747679599905, 649.6855203611274, 139.04734788189404, -1, -1"
248,"3071.7817745364073, 586.5169865314159, 559.2469652193599, 349.4494517185121, 167.918460036397, -1, -1"
249,"671.8336508329816, 118.76322427474314, 177.86094960540814, 2244.451275486672, 3299.941927113704, -1, -1"
250,"5744.500405016527, 320.9671650786858, 518.0975504379128, 602.9832146163544, 310.17819288680744, -1, -1"
251,"302.9155325267877, 176.43733498576313, 352.5454659332175, 562.8695960871243, 230.6798454880457, -1, -1"
252,"69.07091577470052, 584.5157342783428, 562.6369116632832, 233.14019618648825, 1557.711264064477, -1, -1"
253,"1277.935951383363, 112.79094461313755, 5104.79383747912, 820.5601714813415, 685.8575877297986, -1, -1"
254,"2099.3255413950865, 849.1395186443377, 692.5920086961123, 2871.100315777241, 333.20640173164077, -1, -1"
255,"272.6346789702301, 2086.791518570772, 432.470390309829, 703.321345854347, 917.0035318950802, -1, -1"
256,"104.98996134131917, 292.0615869881028, 191.00378183528503, 2448.3698282871183, 292.1962639016765, -1, -1"
257,"382.1992902965204, 1847.3329168259775, 2592.704173589764, 1443.3083234255496, 1018.2358917421712, -1, -1"
258,"585.8505637384656, 489.08829667546354, 334.2269968557208, 2098.2628062415906, 1433.7209305719682, -1, -1"
259,"1030.2379273644165, 2037.0609406914969, 1086.3981287364363, 360.09272156999987, 399.5238111830123, -1, -1"
260,"471.07041642518556, 980.1532629690818, 127.36892124985381, 500.9348959261893, 192.65598558762798, -1, -1"
261,"467.2299198913983, 613.1430443730397, 111.97882097100273, 210.70980453772222, 171.05612187773352, -1, -1"
262,"492.7750853838029, 601.3890013755432, 445.99476858180446, 140.24304110953872, 326.5511402664399, -1, -1"
263,"1391.934730410638, 824.2393782126358, 2164.6827836166126, 133.76541940014263, 315.0581476804678, -1, -1"
264,"734.6307712693007, 1663.3269841632527, 1118.179556051771, 1183.6857569451536, 90.35942529522906, -1, -1"
265,"2669.0975798430513, 780.2185502405663, 682.7110773576974, 813.3226096113253, 155.96182477694867, -1, -1"
266,"4264.283098109023, 207.30766599854346, 72.08976363996496, 145.41596704078617, 207.69334696282613, -1, -1"
267,"197.68712618538206, 992.7965827597747, 605.3283834989702, 1028.8985886522503, 374.18965574839916, -1, -1"
268,"346.6772457387041, 9068.378163140367, 483.1181541973888, 5750.352461536244, 245.45854350482924, -1, -1"
269,"345.46438085598186, 274.53218986897934, 1757.8413988544694, 171.1895935848209, 297.297050488076, -1, -1"
270,"375.7787484433471, 944.2335946028973, 63.28558812236931, 1419.1568637151054, 374.9746400606792, -1, -1"
271,"779.8083844828781, 1459.8447665730835, 483.0142720797968, 101.98490528665965, 638.7124354731784, -1, -1"
272,"302.7247649097604, 323.14008070892487, 1078.0809297269063, 363.9792607015261, 971.1668403593942, -1, -1"
273,"341.7030316008968, 337.47308931020814, 4728.2188119404145, 300.6068324195882, 310.9962453508691, -1, -1"
274,"256.2876587901506, 269.4868409269252, 633.2125145727643, 230.44441299673974, 907.6639500956869, -1, -1"
275,"977.9754905881042, 1049.1196773445085, 1047.5507242158506, 268.631217872608, 268.4003030059423, -1, -1"
276,"273.01459155866326, 966.5670131870891, 377.7230544626313, 515.1165767030448, 563.740509360788, -1, -1"
277,"799.6742825137515, 1092.8140115002655, 403.26670253015556, 437.13990942014067, 299.9781746396991, -1, -1"
278,"596.633377995651, 6145.661972908282, 852.6921147164353, 723.7141798310759, 389.78548897905966, -1, -1"
279,"312.67695322373197, 1030.152286770197, 4542.922033827908, 156.30140768349165, 594.0144309729733, -1, -1"
280,"884.2157028705852, 122.46100743502559, 120.52397271310278, 547.6796541488847, 193.6008055307117, -1, -1"
281,"493.3917702130382, 256.14457755497995, 655.3138318127683, 778.5309389642839, 443.09205886995625, -1, -1"
282,"2335.927674519466, 1242.5630902512544, 41.17770388842218, 2300.6588510951115, 1151.0504094210833, -1, -1"
283,"736.6338932331199, 1653.6078834616258, 498.2379380795992, 159.5391593538891, 299.4292334351877, -1, -1"
284,"1410.3257260867235, 291.3217055970874, 1799.447930281285, 1112.7628214032134, 198.62024561161294, -1, -1"
285,"1488.1853730123987, 170.1246880966256, 321.6853374893933, 4486.998848852832, 175.8941646294653, -1, -1"
286,"1330.1469836877607, 302.8458150191374, 81.94516511175999, 537.0701698469268, 190.69517691961818, -1, -1"
287,"1251.252854108632, 261.93196502609254, 159.49893061734073, 342.64147642214874, 86.89356507428683, -1, -1"
288,"511.0753755062253, 65.32391421990518, 533.1840661017111, 131.1191620873306, 280.2611049711136, -1, -1"
289,"673.7240154835257, 1498.9385400983197, 623.2961137229343, 282.49359322767344, 523.9784790029659, -1, -1"
290,"1381.4770105808834, 91.86644418109394, 3748.3027747469414, 617.4158447343681, 272.048410436676, -1, -1"
291,"340.5696664297048, 156.36168970519498, 127.53311359860315, 1830.522256184736, 945.8797145814082, -1, -1"
292,"824.0061288456363, 267.3396100932801, 110.97008299440445, 345.89872642077125, 439.0797552121147, -1, -1"
293,"866.5788902290312, 886.163974384856, 125.07588879105687, 134.32907951129414, 591.0665182040502, -1, -1"
294,"545.4280822456506, 3860.1668079762294, 567.862506065403, 206.12887580465653, 1662.1409875677125, -1, -1"
295,"4726.0689640980045, 403.9477681449006, 206.71707192560862, 470.61165362665986, 313.6266484665293, -1, -1"
296,"208.76002068085361, 7387.16777482159, 4709.149791999398, 840.5634736972777, 163.00955199540118, -1, -1"
297,"320.2030979200482, 226.64106098390954, 383.0164511345057, 207.03329230069312, 2366.2975254920816, -1, -1"
298,"257.0218484384626, 329.2744139838129, 450.2863847519107, 623.0322489381604, 656.655588267994, -1, -1"
299,"197.6670937948913, 965.462763858629, 681.3356829989027, 2359.7901359925186, 391.0126664462066, -1, -1"
300,"770.8854511336244, 633.4229938706343, 2981.5067307540826, 463.38379037386886, 235.8866434082131, 894.0432637347233, -1"
301,"651.0304605067456, 435.71199968616327, 487.41189492973285, 287.53657612833416, 993.5039209396457, 899.267543212067, -1"
302,"597.1534683104185, 472.6152567227765, 812.3152742349682, 93.40287333128123, 419.03728596343785, 101.3717880717216, -1"
303,"482.3009524026966, 751.210584410698, 434.84685453701024, 1178.279452018876, 286.7153070023163, 312.0648674307114, -1"
304,"300.8777882740645, 2357.9070942545814, 99.46350537538049, 1884.717377961299, 262.9396249143428, 518.089267865337, -1"
305,"1668.8179858608069, 479.89323290416445, 217.12520071732808, 167.12807450699526, 649.7863880076843, 655.5864051190376, -1"
306,"327.87386100235403, 949.7565153026369, 1917.5958833654115, 186.88876483112568, 92.45747667168771, 94.50857567791326, -1"
307,"131.84564679910324, 3174.717765661749, 755.8417234418725, 198.78271068869702, 852.8398178058608, 441.82526512703475, -1"
308,"949.0919005830442, 172.12518603865175, 333.7440595495907, 505.35559244994727, 126.73241759837676, 131.2802335538501, -1"
309,"493.81741040933946, 333.56625703161853, 1300.2441623854245, 152.08898726255052, 217.97470984754682, 243.18519789500917, -1"
310,"647.5980813084186, 237.65537897178316, 429.14832918792996, 198.50775013163602, 2031.682460868732, 797.380048046379, -1"
311,"446.9803252826955, 165.99868554853813, 494.88157319180954, 418.15079674680777, 1513.141320763386, 837.8612741164582, -1"
312,"251.4699780383827, 61.14266901282216, 551.5404271337707, 373.203568353027, 527.8929704435685, 494.56462214220164, -1"
313,"690.1044764928741, 645.2917179425148, 73.43178237883629, 607.3361467396354, 124.18476888036719, 560.3796927835758, -1"
314,"1874.887824181792, 2314.65080805021, 696.1295257913446, 520.4959197711374, 161.28902613125157, 645.4703609294567, -1"
315,"235.24796736165428, 799.5458625634639, 359.53082667801885, 527.0336109428548, 329.97571025359633, 232.1028627311974, -1"
316,"2976.490603958288, 868.1849337187189, 2101.5565758356165, 160.53955729354826, 561.3151261627792, 287.51205495817817, -1"
317,"5650.666513454071, 712.6479302699069, 160.55456160499114, 133.96189446041691, 1514.275745943694, 368.2789965440499, -1"
318,"913.6755548632066, 292.7694438112624, 221.22318409909775, 137.05986851731132, 134.17207742669342, 452.124477194703, -1"
319,"450.853506590134, 1876.921997965345, 385.98107459636935, 718.2636056200228, 2815.621752655003, 627.3024351445788, -1"
320,"422.8803107571252, 1445.8662508853536, 2337.332667777839, 609.1881008801961, 269.69903454699266, 1216.0038504451354, -1"
321,"570.0258750727714, 405.6857174238445, 241.55090714499363, 398.32403413374584, 1058.6195447888658, 170.08041457535398, -1"
322,"153.0050203719545, 1774.340333542172, 301.0345714523515, 233.873037654649, 141.20978310524686, 750.9710629525184, -1"
323,"2789.4722163182964, 176.8362511627192, 733.3575002856584, 931.8549593057309, 70.69893467354356, 153.6775403182948, -1"
324,"3641.6906290192255, 1049.955788814873, 310.1676509652687, 133.4550115332945, 48.78635238799481, 222.70857958879213, -1"
325,"1690.612357590789, 172.39790138569447, 241.95162044944777, 883.1806665208089, 640.730555678674, 675.226156896493, -1"
326,"295.0905063772999, 1333.2651930759848, 409.20834024024924, 203.06021158325322, 596.8356411842926, 728.5411699979484, -1"
327,"280.7677456823242, 200.26243811171446, 4931.982470645671, 452.08069908485794, 360.33253397058706, 817.9589782915159, -1"
328,"281.19005606543965, 54.61170375014103, 843.5145596482308, 1503.894829317649, 201.93158986414824, 287.3189822799412, -1"
329,"140.6291404303972, 1876.7797046658848, 334.2168235365392, 2922.132110176761, 487.1775894857465, 184.06346563246225, -1"
330,"530.2175431734037, 1290.9752411014106, 5177.7869368085885, 1235.2751884491604, 392.17738030546457, 671.4356812050432, -1"
331,"788.6269247217815, 456.5681275938839, 352.04789585181703, 1198.722579365627, 1278.38117451718, 328.2632928160648, -1"
332,"733.2903298056605, 195.77692563578913, 879.6653871533645, 285.0108737708203, 179.99599989436706, 403.731776455653, -1"
333,"2057.3510829517054, 351.10114180880146, 1326.5217179027673, 896.4622841204784, 200.95212191677953, 655.6771718885977, -1"
334,"854.3879032537312, 126.17996575695726, 1874.429483780519, 448.1203102827634, 125.68268825219346, 163.6499163551535, -1"
335,"1259.8537276554325, 234.78833492283812, 127.33705402273387, 288.0202280468023, 329.64833206639446, 503.5216493836043, -1"
336,"275.14367199088593, 438.82291030852076, 1096.2381339858762, 428.7974034991258, 494.8290573153133, 1140.2643163573007, -1"
337,"3091.060307418287, 121.12695915017173, 122.27592160412388, 786.8800106695196, 190.96257047668064, 265.29831637958307, -1"
338,"223.28458428301093, 732.239283584304, 340.1693481962146, 183.40475773449225, 486.9781757038963, 83.66283635999531, -1"
339,"126.36402498858322, 827.4841852320018, 2753.606686703531, 8121.146873395707, 51.09348863842624, 501.71077050447326, -1"
340,"154.70265628526352, 73.52007320176966, 235.4727867200632, 1493.0572412168476, 115.81179125173917, 508.61154061421297, -1"
341,"1452.0657552553437, 531.374693475712, 102.20510799889212, 389.652825728219, 906.9452816389542, 84.99266283414191, -1"
342,"415.98288700799685, 1795.20295020299, 1385.2705418510284, 4121.1144126833615, 194.80119282331515, 763.5502310322943, -1"
343,"2489.1099239449622, 351.23315399251806, 973.4070752051339, 185.2833139737978, 598.4793228145097, 417.88311655228915, -1"
344,"221.35743286600152, 229.03448164088263, 896.4821098564419, 224.9952944917212, 428.4212665375079, 65.3489891536367, -1"
345,"555.9125762738454, 287.05929013498724, 338.2557845481434, 216.6200860413444, 5976.384802417511, 310.32648174481847, -1"
346,"1640.2577435758283, 531.7821164331478, 494.440392214857, 452.08161388192127, 102.2983282674902, 446.4902474575938, -1"
347,"920.0553931452566, 57.53145312916138, 510.0237192193213, 761.0652380070217, 110.58551136857926, 1786.180357696351, -1"
348,"3491.4620461665277, 537.4656788695713, 158.05515931151473, 990.5940768968879, 239.2248313589535, 387.5314668178137, -1"
349,"352.386823832918, 3616.6320789085607, 64.81314336541467, 1164.486294669114, 529.2375518021951, 123.99331358292882, -1"
350,"6075.662893974047, 383.4271670241629, 219.60659569066326, 1103.1434148667154, 1062.8024641953812, 574.4203483788319, -1"
351,"391.80959038902546, 539.8672584168644, 199.03761541615384, 723.7624364888254, 264.80120757101906, 268.9258130854674, -1"
352,"200.48467513344895, 1034.7590696692462, 450.0125196339093, 493.705864891199, 392.2576460820956, 149.58519273636287, -1"
353,"674.7750801568833, 195.88704259115832, 70.74608486727816, 483.8946563625368, 385.60595225097205, 149.94942672421922, -1"
354,"921.7921194839765, 799.4864072342316, 387.5763769034662, 236.80630458187463, 277.1643587267992, 3316.9798344439264, -1"
355,"478.53821494314116, 304.51232517912524, 725.9930125439896, 585.1617238330848, 295.3052879018938, 44.76237591039407, -1"
356,"303.7981058406117, 158.38474812526852, 1070.019743940475, 345.1408107140006, 498.04592282654573, 206.84440845828823, -1"
357,"279.46915514064676, 204.68232248070788, 956.7285848795501, 1309.654741386837, 89.08297461573042, 445.61104153615497, -1"
358,"437.37894809846694, 1809.9003889540966, 461.0517252325335, 1912.3898559225618, 217.68744055951262, 100.0151106668267, -1"
359,"151.88722114693527, 482.1393364353427, 315.69958383790276, 112.28861704043858, 1508.8266081545808, 709.9928372922617, -1"
360,"473.65853168043327, 673.3756674666663, 125.61869024710946, 1256.1070244169011, 183.0948755628516, 532.2968729677107, -1"
361,"431.28206663922873, 570.222297633287, 287.6081871471748, 327.01873501408716, 2301.9728310079386, 796.3453070163162, -1"
362,"126.68943692936267, 587.0666083340583, 460.08831624696825, 239.65704359495075, 1109.3558887210722, 298.459466752217, -1"
363,"272.4220196289348, 734.2434504866537, 752.2574630044975, 670.0624174719095, 100.95601704099134, 444.0820732072972, -1"
364,"140.74657939907925, 755.5467754276001, 355.7783833399288, 58.54491410437592, 372.6223971365798, 1520.0867160076054, -1"
365,"286.19071098400497, 345.31315500223064, 384.60130071858066, 331.75171028719126, 852.7487378598822, 513.6994704962997, -1"
366,"891.8564796720336, 255.13450899829638, 1228.89128180848, 3247.695103949056, 483.7684887811096, 311.72260268406177, -1"
367,"1472.2307695866914, 1204.041776657247, 1085.301989164388, 1257.0763738931487, 222.71363687596772, 205.11795132968828, -1"
368,"189.76125518547838, 1273.3035545889493, 515.9453236615992, 1160.7505677163938, 210.95009802598926, 483.73358706232386, -1"
369,"102.79029234810297, 353.85305506357184, 1137.380469708765, 984.2980790829895, 74.60053893328787, 357.02993204132355, -1"
370,"121.31108230321811, 432.92064275731985, 541.0917966800556, 2543.2733375184857, 310.29108532664344, 333.4864236620811, -1"
371,"2191.0279276791766, 715.7524138479185, 329.6762287365277, 2686.217301120857, 322.6218355371266, 180.73001435376392, -1"
372,"2624.9787572490754, 1830.667000278001, 655.4502250728382, 374.50975253428646, 777.8719380271306, 628.4505756891082, -1"
373,"2806.23734512909, 319.04921221174465, 1014.4293004154028, 390.304609848492, 1235.6606016138512, 97.4100123013415, -1"
374,"589.7919134076845, 404.0744104563936, 1028.0186060132032, 420.64000762670815, 93.02737227264547, 788.4866598436454, -1"
375,"654.299381014885, 258.99075888553136, 7351.923305262812, 787.6947909375458, 724.6959605680972, 320.8076530566573, -1"
376,"548.332485396466, 1271.0934841249073, 384.8332090013851, 790.5556460384281, 861.8169036614445, 248.16406688285548, -1"
377,"1522.393930279792, 1059.3751203968911, 62.70359341867267, 204.80808958276612, 341.6867656986854, 241.2518288268182, -1"
378,"301.8357358166554, 307.48372008582686, 387.15034984811774, 287.1929684815094, 393.1329294197862, 299.0210058617289, -1"
379,"1003.014940035597, 1310.2421239829016, 731.7336896154649, 216.3048970864198, 2581.8772795376403, 388.11745902687755, -1"
380,"1231.808060278577, 758.0141607676865, 237.37784016176164, 1012.3770255751946, 6619.353430101062, 144.93397970518913, -1"
381,"4049.541795738226, 369.16306276061175, 242.90260654168833, 597.132229854344, 215.11905332058333, 77.55241822725424, -1"
382,"761.0557240461795, 1086.2628674956404, 281.23194294030276, 243.66869535096265, 170.54896828826475, 148.47370109770327, -1"
383,"199.71839953847515, 1270.991082364754, 87.46628337041281, 848.3337269688182, 3235.1741128264553, 1452.5845706768228, -1"
384,"91.36438244322862, 324.95577049570744, 780.2798745174078, 255.41979343585382, 330.63766810547224, 4187.5135243134155, -1"
385,"197.8768820905257, 950.1738940312332, 836.792623946257, 171.09518126728722, 5679.324531633133, 198.2236252495978, -1"
386,"253.96390044336192, 1284.7323484217027, 913.3487161833962, 179.90131585522735, 668.2285256738531, 145.90948389805692, -1"
387,"116.18230035211964, 351.0481512647999, 5854.855922130784, 139.27827369682393, 93.94474574340703, 226.92668313263778, -1"
388,"778.0017945489064, 1317.761966832948, 166.89845885988285, 68.0434189988921, 346.94894731274115, 182.33004672268984, -1"
389,"389.3244264315956, 253.75537181798626, 1951.7787641933776, 1677.0831206915068, 55.45536541191018, 48.57305365971791, -1"
390,"1124.4482742352038, 1654.7453064793156, 287.51730146543815, 175.95156763002709, 1589.1538927834802, 145.6886746659855, -1"
391,"521.6076164580362, 3041.8958492619727, 91.11068968339409, 293.6658890016188, 428.8791680193472, 243.4825372237125, -1"
392,"309.6601046890402, 330.04242857059114, 277.3703545021536, 214.21420599567873, 1299.1896692268801, 390.7763295641292, -1"
393,"3050.9609188764853, 1097.3512463672082, 250.93000920821325, 365.1799603275092, 1457.2504638897212, 693.0902462806002, -1"
394,"303.5570068057057, 149.89647494088354, 799.4535516914874, 650.2028189580052, 445.14901421756576, 516.8100622757627, -1"
395,"253.53946722330556, 300.1204763456976, 1008.8250010840404, 554.7340727358999, 752.6104979938665, 410.38975191426636, -1"
396,"466.0735044307171, 291.3948461093306, 153.53031078972296, 504.6319854597701, 3919.4252790360006, 312.3287457788006, -1"
397,"269.79260075718366, 561.2176446766504, 4511.73180213008, 994.3949851499947, 852.2258705298952, 390.2429006041498, -1"
398,"1449.757641459448, 1287.9579139804189, 358.8565306483898, 319.03049114429723, 244.01208850456786, 394.30948904387367, -1"
399,"610.6819142942296, 800.4408845544783, 354.8645958900216, 1540.5571185539397, 560.1080402820365, 214.52624719068558, -1"
400,"235.5900306283171, 235.33692786730012, 310.62523851929046, 1037.372072322963, 197.17785158214411, 2475.303817479594, 658.9641154715131"
401,"1196.8582491303268, 4374.1251470061625, 161.00389716608333, 517.4292730647397, 102.60665876340371, 415.3442022520262, 232.32666975725866"
402,"195.31349910673632, 4671.8579098317305, 256.8888144433041, 652.5846271359117, 466.35536811430006, 200.16562245904626, 74.51014629238566"
403,"786.2406058085685, 662.4493568983223, 291.99431844813836, 773.2414218249024, 388.22810816205225, 608.925630668941, 338.5467688192237"
404,"786.394121758179, 186.46717462580483, 478.2115304666451, 859.8046501626992, 247.2669426027144, 723.7604146367984, 248.39466530753154"
405,"330.6274688453079, 346.3726715537582, 323.16786442388826, 186.340831365222, 642.4838955414687, 745.5716890429369, 178.1271309718357"
406,"598.3149962083264, 227.75992483966826, 1156.895437957868, 696.1199517939594, 49.6027639777436, 547.7566088876398, 277.93606725027746"
407,"269.071052799163, 516.0627995807422, 149.09318364853, 742.933215559945, 178.93207642052946, 72.74590253984353, 651.3279108721094"
408,"722.4921605805964, 583.8443943761492, 1323.8596965216443, 343.9929266603785, 211.0649002970781, 132.07089091006478, 450.41603003249554"
409,"53.6630005529175, 4425.993805568758, 468.7783155482635, 437.2236697453317, 790.9347953409202, 3295.9053734381705, 324.19298051380815"
410,"315.8903578006731, 209.10428545198494, 197.22688422926058, 261.2942098451108, 991.3369270792973, 663.9670311697038, 765.4676019252078"
411,"60.99714693129572, 560.5611139816997, 916.0541511780089, 234.21059420448697, 64.22143843054434, 1188.8724377813778, 242.56192840789524"
412,"1744.5392259375387, 1508.3740488119176, 548.2850486318326, 844.4749202076976, 370.5932490403783, 200.04899701477166, 61.58989714534131"
413,"138.82110934797967, 556.3401731388028, 269.99662306582997, 165.92203213249408, 244.05716755207467, 129.87702751782965, 76.9796645309742"
414,"3062.2129671356915, 699.8758161020016, 776.908348412732, 214.67313854926775, 946.530238125763, 478.43301686059635, 294.6895177299691"
415,"316.6398472728448, 638.2335476649693, 204.4217425963966, 223.40166888837945, 113.2587626030661, 246.15358399649546, 309.760464572242"
416,"472.4536489839741, 50.045677541529784, 3029.9380110268344, 383.9483267397119, 287.1662689442641, 227.06914127866628, 128.57930880285568"
417,"566.6955129324391, 181.84345702998192, 609.5841887300892, 223.66389085757854, 900.1020651561397, 194.3448400612831, 351.6678120045714"
418,"169.9981952867875, 311.30386334329233, 404.4958363736748, 302.12352950340824, 132.83045011999974, 120.93208900303199, 99.17883588618216"
419,"834.2723635335906, 653.6394182804174, 467.54876197223984, 567.7411279144974, 484.4551891646282, 991.1395269197649, 127.6620138020701"
420,"286.54729232009333, 475.71985256457697, 513.6225457050831, 588.3766709203926, 155.97400181120202, 213.77528934773156, 937.7126852397112"
421,"578.2651639426409, 2328.7772948936295, 937.3865983158971, 683.9573433775149, 772.1790437941117, 2427.9780829156994, 1597.3960458777135"
422,"197.56871804399051, 1930.1159388553556, 5846.605435329166, 431.1146392158388, 182.3885596121524, 462.69630563474163, 80.72274062227525"
423,"465.7132700052046, 1916.3796555239128, 318.3459062560987, 397.55624772227776, 884.4817231563825, 271.6453933891023, 996.879278382504"
424,"2821.9667120833, 535.4361150547998, 565.8296153400224, 421.7014722954415, 89.62893244270404, 256.5217885718046, 221.62984884293354"
425,"248.8970135815802, 5884.0437520057385, 188.37247086531224, 1077.9159446838855, 403.34738237505474, 259.4901631470177, 73.10862693461905"
426,"320.6110873985488, 216.60299842311738, 461.0867405803636, 211.52137227850483, 2854.740972966629, 64.6133172282788, 778.4375911866005"
427,"262.0892490529399, 828.0519253196353, 345.7178049987503, 303.25108633903733, 135.67978908140913, 119.8076070551224, 306.728712779753"
428,"561.31689077339, 984.8605954358252, 279.9876274993318, 760.7822959413563, 448.0569999045204, 1214.9733815467002, 79.3106932865152"
429,"371.15060684121084, 360.40911691226927, 193.31345036864099, 300.6687858080833, 549.2059020636044, 652.8931519103237, 2234.858708043328"
430,"2851.731608684434, 1898.208211551464, 1944.651837782799, 166.35363469518794, 723.8612792902181, 76.11276592919161, 298.0081241230154"
431,"729.5707273669427, 79.3462457922704, 1183.9579489835573, 287.91078208444236, 517.0434544162287, 308.5572463092757, 387.17684018482987"
432,"714.0108520447781, 107.828234322415, 265.95866677186774, 2494.36973638785, 173.16711418386737, 762.6640170408436, 1204.2172975623646"
433,"1438.2890956364906, 158.98075853482845, 784.5295937585572, 517.6955086013947, 282.5507644417259, 883.5049212508084, 69.78851709308162"
434,"2000.2907431897775, 951.1900110378332, 2298.4890179349813, 175.95533137480055, 56.360298125106596, 77.31208542514455, 757.8322675758125"
435,"502.1669902363411, 234.48057628827226, 233.3478000678722, 1472.2148110155365, 135.5644044414658, 385.88454161261325, 249.7491920450082"
436,"227.01601266875304, 1361.4366796101815, 222.79579877765337, 130.92680875281746, 424.96679411654225, 426.992543362576, 395.4027597600111"
437,"182.38267635936546, 715.7710577014109, 332.84699705562286, 108.92082095222773, 403.90448462647214, 165.6680882601283, 561.573882566159"
438,"1512.0120883817117, 244.28898074448352, 533.3374985633322, 241.88149738464364, 671.5914680246836, 488.26577888275966, 504.19855955454364"
439,"423.4720881259984, 1225.0332689262996, 496.6035444743658, 249.34260139226527, 138.4719719592489, 114.45281486570445, 717.8650607557938"
440,"670.4884934052102, 2023.1799291474774, 2470.7962622478926, 586.9639872272369, 210.32713986139476, 1757.9005972246841, 92.21784650603655"
441,"350.78347130920554, 126.47227490439809, 117.65830764173938, 974.2696035932058, 406.0722995230865, 382.2546353023665, 115.92239001300459"
442,"877.2468391506537, 752.2069109188857, 521.4114916739884, 1693.619793464943, 668.6081553144654, 687.0769361110654, 420.40302399531936"
443,"859.4879561062171, 4517.974174283091, 704.1051858946806, 311.0503007854831, 792.7005456723921, 346.57824587434857, 1177.953216462564"
444,"1073.8757615762079, 644.8693367295969, 559.9338621691653, 373.1411208845248, 791.0420230190507, 313.79670967871215, 88.42110214292086"
445,"691.8467408592915, 226.27461746129342, 1457.0208776840082, 160.62842704166513, 369.3596529669272, 893.1452423733787, 397.6037057000208"
446,"481.8816099285112, 49.7004885973988, 236.12418856072546, 510.0513553978797, 1203.7465975585574, 76.18949695361175, 393.84168079802146"
447,"243.1635586418874, 2103.9916293467113, 1247.3677662444782, 2949.0135350936553, 97.75172973375749, 400.01301275678827, 138.71648957532204"
448,"826.3990815363081, 167.4438349561061, 1448.902868693723, 482.367862162124, 1126.4287372447411, 306.98398691423023, 314.7656208236692"
449,"257.9013555016626, 2620.9348697796913, 1229.122121977099, 816.9880143416374, 505.9098095369222, 1458.7372510232572, 187.50560316804894"
450,"1781.8565515923997, 244.26073056252457, 1168.1223412685613, 1208.4265045970699, 952.9579035033053, 132.6859378273768, 197.14570074088468"
451,"364.34748983873806, 432.37528131200855, 383.0044905608089, 2838.4858748714496, 8943.84736157231, 1247.7066914877548, 434.301831431943"
452,"1034.9282062543607, 252.4632556718899, 376.8359853282778, 2608.4329512710497, 658.5658669514645, 345.0872557953692, 451.71167956225514"
453,"1199.0166666526175, 190.5041192017063, 733.836261263234, 199.93517584428025, 125.81125277376971, 1799.2723669504499, 136.82008922523772"
454,"1105.5626351653423, 340.799305789394, 366.71599063803603, 1300.500497077078, 685.1534622819179, 4677.499181992886, 688.4539587447506"
455,"546.9588218776081, 718.6394352381807, 156.77889227328382, 300.5952544167209, 1423.0788797430612, 402.58745777666843, 289.0332525679495"
456,"1350.5879534678695, 225.12413427644293, 223.68276318982873, 397.2743152636513, 768.9482531855665, 432.51695720714616, 2832.685365586805"
457,"1597.3389483399046, 233.9898007573074, 68.67571169631856, 624.918149244671, 6618.409102333161, 96.47000368875759, 711.6388628008146"
458,"1642.2769027160457, 377.5448923015201, 1815.161465967548, 815.9665042284303, 184.42378763664226, 146.63593191346888, 396.31664785492177"
459,"4494.109102743932, 315.0878407374352, 758.5328347501905, 684.0209034200967, 335.89643040058536, 167.52236638857494, 1490.9430712552844"
460,"292.4200959588401, 160.91404148765054, 931.46244935959, 7000.447508097084, 58.95297627323474, 867.5384091990106, 3236.1268783780506"
461,"443.60941221299777, 174.24737277797317, 783.1454499325813, 161.60232716961303, 1872.709432900144, 484.7926621958982, 735.2931392694712"
462,"7240.539094711256, 158.71721512391167, 5068.6522363056565, 488.55915555133856, 409.36836568930676, 972.5004310023613, 451.26072455208174"
463,"128.0303913982872, 411.8128275913863, 156.00418203737448, 589.3576164052222, 710.7451206118625, 512.6746839350938, 1327.2625279432905"
464,"2880.3226075468633, 841.1964665661778, 589.4159542594793, 225.10681037267602, 404.091186068826, 570.2722930969494, 209.9879180229583"
465,"989.6301917591443, 93.48913890191608, 347.93015509337033, 395.6308359598594, 109.66293574087047, 158.7643550611338, 461.3585013090636"
466,"838.1469912661066, 279.71774462274306, 216.8069352003249, 293.88278463759013, 144.51906711060462, 445.3774060433262, 269.65460228477485"
467,"126.75998749509674, 186.88061307416433, 127.25297417835992, 1352.0059432805697, 333.06476358405826, 811.0165208889175, 210.39499439019684"
468,"651.0927137906633, 1282.645834568682, 212.04264998156214, 214.2547973884312, 574.8492342729846, 347.3685081590731, 204.702638844762"
469,"432.15245481230875, 713.6402196827638, 159.0574425627857, 1951.648621911726, 103.49586541787212, 205.90734103305707, 1404.369914205931"
470,"56.62208876346516, 89.64093346245664, 703.7163648988104, 382.96918648582863, 433.42519383581373, 318.8885839071037, 1711.1793539212565"
471,"70.55816074717407, 2076.6425323599187, 1155.0012066448028, 911.9224309331128, 3089.608190682965, 362.00502671179186, 705.4986124366355"
472,"337.1021405008702, 328.0055845744977, 1089.726612630839, 2278.806220074547, 65.0701024471058, 457.1469260651006, 1817.1558842925735"
473,"413.1133736615534, 1958.8893047657054, 233.96887083912932, 918.4565342994466, 1313.2523399984316, 244.33871351995563, 371.4995958609643"
474,"302.2222400227571, 328.1941673790664, 569.7274682513828, 582.9180737886267, 119.76725380463625, 356.04137397271467, 314.8450707773295"
475,"159.53935255826602, 563.9194748745244, 422.69441117838437, 369.07461955624274, 1408.6452850997991, 111.47217054308634, 174.24368896182872"
476,"455.43933588764133, 159.64715378122983, 264.09786279467767, 739.4543507604889, 87.29318784105787, 2813.2788608272085, 1944.9419761605834"
477,"485.96749786734625, 205.8063236572608, 552.502481190338, 512.008221612364, 296.92496437911836, 149.92418439306186, 496.35539263506814"
478,"362.83533146134386, 2993.550172039616, 974.7608522049396, 88.33436393317828, 124.74347141109466, 259.89136669988915, 432.2563558828086"
479,"825.9589139561936, 1491.8663891003769, 478.0973841562306, 343.6855484901619, 1124.1312296973078, 2452.5539340743167, 301.1079671446076"
480,"2144.519792959179, 444.549099793703, 121.19810236548484, 448.84541126434647, 101.72680476297322, 711.5895935102097, 871.161478857683"
481,"192.5913892694078, 1623.0530820952372, 365.58090479066715, 67.4809255897695, 84.41629483844689, 415.29744178763815, 3598.4285084205667"
482,"1271.2561389534071, 120.89740535343827, 410.84919206868136, 237.85425215718362, 528.5873112038304, 538.7775876303232, 375.7318456114641"
483,"728.0704666405786, 355.805520238488, 253.1270553846521, 567.262766055441, 549.5313163473699, 516.5066322214822, 692.2072991423338"
484,"1290.4910437333579, 1945.2966434951263, 1545.4815888797648, 592.6452314327387, 282.8146828302342, 507.5374688423974, 486.03048188822765"
485,"338.7330473925665, 346.4440636140067, 1252.542273827542, 822.7107028766391, 1201.920597279779, 187.41016007971322, 2506.5994906461824"
486,"2409.0419056988017, 135.1666525926244, 416.26432106376006, 304.21953185833127, 558.5483296517123, 460.6666656840598, 583.0121565571566"
487,"470.61628679138227, 290.1249869698794, 932.3126648123916, 327.0127430211038, 1141.163035153578, 250.50283288115577, 363.9186729307707"
488,"107.68858456452102, 149.46770235746598, 271.5220781545814, 4146.274854610625, 488.5622350000502, 830.3704504663501, 351.9072870023558"
489,"2952.4455395488103, 309.0127386646261, 1560.2322157853712, 245.68862809630755, 277.831341288261, 478.34769183150223, 65.16723756175415"
490,"589.0577056618115, 101.20248265616135, 791.4585438822178, 143.93865966372744, 524.1964901522136, 74.6771933811633, 390.5126393577031"
491,"288.0768125881991, 815.2436269433022, 264.4228520596896, 428.04226550974437, 351.37355253578136, 278.7790946878051, 361.11765876047883"
492,"382.6791994980735, 623.2864916940573, 787.2898587956324, 73.86789922145047, 659.0505573570885, 1772.8305075060148, 864.7967852917182"
493,"1388.502851100367, 199.72468448369528, 556.4206922011396, 226.08309064406228, 281.4056293712705, 603.4153737980125, 375.08995942021227"
494,"193.2872517507484, 1483.6534383973801, 232.054841962197, 77.63405870525318, 1039.701572077709, 129.21007318557687, 77.4851875591511"
495,"451.6722184769641, 59.825587673777264, 2202.8486363630977, 325.007039371518, 82.54671649904171, 146.8989487203501, 395.2840993707935"
496,"271.85873583694286, 1390.9190309427106, 626.1060983141058, 38.739373804280405, 352.6416731949993, 424.99701902542665, 625.2938042396904"
497,"375.3058538387083, 633.3113230174278, 840.4748275480972, 253.7115010095366, 459.103940639048, 152.18250746122223, 111.23218981906388"
498,"557.7979699043559, 354.97660289740077, 2914.2822894020997, 217.7295719932785, 754.8398356479937, 568.5332177532904, 502.84836039478955"
499,"459.37367640005556, 314.7657086070526, 254.49791171675847, 72.97952612255875, 1427.9128818251943, 648.61288384863, 254.72223025527964"
500,"341.23559517435416, 180.3389382240402, 442.87942931658705, -1, -1, -1, -1"
501,"4368.1598464037825, 340.25213302696864, 2280.547323296843, -1, -1, -1, -1"
502,"5682.253047810032, 617.9718653449295, 391.4486566680584, -1, -1, -1, -1"
503,"613.9871183476041, 106.11031305884302, 242.44262751677968, -1, -1, -1, -1"
504,"1270.4674108446227, 2539.87494028563, 313.9789406385159, -1, -1, -1, -1"
505,"3059.6073754711024, 400.22048883047273, 5810.614382880431, -1, -1, -1, -1"
506,"910.7283374559153, 211.7694187967174, 273.15216462725766, -1, -1, -1, -1"
507,"3600.8523806531825, 701.0110783676943, 253.23058458626917, -1, -1, -1, -1"
508,"369.64519971625026, 1708.4147228976287, 323.2306500095609, -1, -1, -1, -1"
509,"250.16777680074375, 183.68557220472306, 296.0217299849904, -1, -1, -1, -1"
510,"2154.885466202155, 140.85368838132473, 407.67571843695936, -1, -1, -1, -1"
511,"183.8042990310973, 1777.6799134870055, 126.41232172501613, -1, -1, -1, -1"
512,"2232.540623593636, 109.93187669791905, 443.0467489311977, -1, -1, -1, -1"
513,"9920.964261028857, 171.2239832229276, 118.22362612911601, -1, -1, -1, -1"
514,"3999.110192571707, 439.71664946246227, 1579.9770119002237, -1, -1, -1, -1"
515,"497.1055577006711, 1114.896927963001, 281.48345282248556, -1, -1, -1, -1"
516,"4215.3242667989425, 1006.3721878659844, 288.3368326223221, -1, -1, -1, -1"
517,"233.01833413484079, 1215.3508755818648, 887.540852422218, -1, -1, -1, -1"
518,"485.07104397218757, 395.0311234049773, 254.68793158738177, -1, -1, -1, -1"
519,"5744.829350763558, 1110.8602931280254, 175.53311625190602, -1, -1, -1, -1"
520,"409.2646495478889, 192.11502220363838, 466.8496739513619, -1, -1, -1, -1"
521,"1386.8765868744638, 687.1161278050746, 804.0231092575561, -1, -1, -1, -1"
522,"114.62276142871787, 5971.790866555537, 695.0985427640408, -1, -1, -1, -1"
523,"1150.2938081334105, 178.2893326105797, 381.7238765953977, -1, -1, -1, -1"
524,"1062.8500561680378, 1507.8384318298624, 311.8108031222712, -1, -1, -1, -1"
525,"494.76654663618297, 235.73620592408383, 412.79823255050087, -1, -1, -1, -1"
526,"7518.504039685282, 226.450929475921, 748.2879362165696, -1, -1, -1, -1"
527,"1380.8692715058248, 4015.1760795800633, 272.88986791749676, -1, -1, -1, -1"
528,"345.532247727621, 340.1787757795112, 423.3502479905778, -1, -1, -1, -1"
529,"972.4469308991875, 261.5574415536317, 2428.8594621191874, -1, -1, -1, -1"
530,"695.0041756302585, 529.3810149377296, 968.6826049154186, -1, -1, -1, -1"
531,"782.0993698298137, 976.3562390346282, 154.9234297170351, -1, -1, -1, -1"
532,"235.51353766486395, 122.55139724402783, 467.7077172220128, -1, -1, -1, -1"
533,"269.96480057765257, 642.3988908001979, 43.35578565099463, -1, -1, -1, -1"
534,"5791.8475498774305, 152.56211429159592, 462.37059675602916, -1, -1, -1, -1"
535,"373.6786551265652, 2587.2669252960827, 292.59890395749693, -1, -1, -1, -1"
536,"564.585557497598, 326.1653805887412, 317.0422386311426, -1, -1, -1, -1"
537,"465.744502350628, 2708.6862657156153, 206.67599075111838, -1, -1, -1, -1"
538,"1896.3837545412327, 795.6394863335139, 397.9660967196263, -1, -1, -1, -1"
539,"1192.8381960536817, 580.2347918617793, 196.16799884078372, -1, -1, -1, -1"
540,"3031.8255274118865, 395.8206461600672, 239.5614078322605, -1, -1, -1, -1"
541,"75.05681197253153, 307.6562804200122, 153.36262550853982, -1, -1, -1, -1"
542,"1073.102391863567, 773.8845682871065, 258.4659773592309, -1, -1, -1, -1"
543,"3849.9479180282474, 3931.205968013027, 4953.141839393384, -1, -1, -1, -1"
544,"1629.1871450711703, 695.5836141011935, 621.656091323276, -1, -1, -1, -1"
545,"601.2737211519858, 586.2029837701887, 368.78153108383435, -1, -1, -1, -1"
546,"637.4854783479926, 297.23768403102326, 443.41984300780774, -1, -1, -1, -1"
547,"594.4937071808918, 2101.190158012513, 5162.388385160281, -1, -1, -1, -1"
548,"2825.942797276578, 447.01871303089894, 1193.57254741451, -1, -1, -1, -1"
549,"1528.1397578210092, 341.7504535802276, 385.5021150038907, -1, -1, -1, -1"
550,"42.10822290110886, 282.5349822827444, 640.1291514361019, -1, -1, -1, -1"
551,"3815.0582997862202, 1378.5201288150167, 101.44210391431693, -1, -1, -1, -1"
552,"4367.769110498451, 797.4514336880821, 433.6690246105162, -1, -1, -1, -1"
553,"177.16301837056807, 1135.975676310223, 3622.649725337291, -1, -1, -1, -1"
554,"1012.5444785592583, 461.0474939786858, 117.10977147898326, -1, -1, -1, -1"
555,"192.77536522919928, 780.9774458763546, 282.2679407604133, -1, -1, -1, -1"
556,"409.9052577444985, 3622.117149326393, 475.47538202578477, -1, -1, -1, -1"
557,"543.1434215009328, 531.1089262701292, 2047.2455782177983, -1, -1, -1, -1"
558,"263.22782177525755, 208.98944332464225, 943.7824221747612, -1, -1, -1, -1"
559,"10197.345007468874, 107.98941493985183, 1180.855194242481, -1, -1, -1, -1"
560,"911.1716290393679, 3599.317879226097, 98.91119265492887, -1, -1, -1, -1"
561,"209.3328892353144, 5515.954776420425, 539.2645497101767, -1, -1, -1, -1"
562,"371.6198309008456, 139.71024756922185, 821.850891300199, -1, -1, -1, -1"
563,"720.0946365773373, 11071.899289178233, 1953.2230866172608, -1, -1, -1, -1"
564,"1403.8797091641386, 1908.2539142600685, 277.4453111884204, -1, -1, -1, -1"
565,"819.7203950181629, 1483.9309676920946, 821.5429745418006, -1, -1, -1, -1"
566,"654.106506045744, 6228.978306384377, 970.9221656374327, -1, -1, -1, -1"
567,"2699.5860683818264, 1152.4900658619426, 93.50383298733982, -1, -1, -1, -1"
568,"434.7555569265576, 376.2071794622785, 431.75844404428125, -1, -1, -1, -1"
569,"260.3148051377129, 866.830289467923, 817.9759546032984, -1, -1, -1, -1"
570,"506.8569646592392, 280.1477474359185, 424.6208171653177, -1, -1, -1, -1"
571,"128.91645124963748, 2866.0785734432984, 1151.4667031043898, -1, -1, -1, -1"
572,"250.4107206492004, 164.83017287022673, 332.80497503543336, -1, -1, -1, -1"
573,"227.70700965821155, 790.1023359354928, 88.24301973602454, -1, -1, -1, -1"
574,"956.0369436083458, 2704.634792067046, 1866.5900551347702, -1, -1, -1, -1"
575,"288.3348046242264, 3599.555085857149, 89.85670964441381, -1, -1, -1, -1"
576,"718.521470638044, 1404.7316587353337, 227.26872716924905, -1, -1, -1, -1"
577,"875.9661373366789, 1866.4585679761044, 819.647727810933, -1, -1, -1, -1"
578,"2656.0220134529186, 297.404819331554, 840.6139521660937, -1, -1, -1, -1"
579,"263.0251156408893, 633.2209171325146, 903.4613199115521, -1, -1, -1, -1"
580,"1834.7678539234957, 987.7371434547176, 244.8096448906855, -1, -1, -1, -1"
581,"274.62360590309515, 408.96808736173733, 258.37423283598355, -1, -1, -1, -1"
582,"318.74503092157386, 720.1417224945895, 747.0510487575701, -1, -1, -1, -1"
583,"924.0879043591281, 427.33904561454574, 451.182758252845, -1, -1, -1, -1"
584,"1058.5411305516195, 5194.942178980129, 3562.427668794343, -1, -1, -1, -1"
585,"648.3984207691879, 758.7867516078751, 364.9468228277452, -1, -1, -1, -1"
586,"207.5430602514136, 653.5803231691436, 210.9883308086253, -1, -1, -1, -1"
587,"236.1705773191739, 439.3860945037801, 1366.4539418867203, -1, -1, -1, -1"
588,"486.6139024216523, 564.6432125406175, 215.41210788084112, -1, -1, -1, -1"
589,"1216.5656187246848, 703.6805427641046, 3293.53825244748, -1, -1, -1, -1"
590,"1128.0828841505895, 323.80637566313885, 672.5120245906483, -1, -1, -1, -1"
591,"101.05287555155111, 668.9147820406358, 312.22257654588725, -1, -1, -1, -1"
592,"4532.329969364634, 103.13932067007815, 448.63776287210453, -1, -1, -1, -1"
593,"491.68975156086464, 644.1572255655935, 206.44409586231097, -1, -1, -1, -1"
594,"414.47179343328787, 1513.8325747114147, 1207.6407919170035, -1, -1, -1, -1"
595,"895.4430990433191, 156.53225208987328, 622.3277210145116, -1, -1, -1, -1"
596,"1565.1455871074731, 412.2437781105667, 1305.116782992262, -1, -1, -1, -1"
597,"1846.980348256113, 198.1127908923244, 544.0797903084904, -1, -1, -1, -1"
598,"554.5132743316622, 777.8157833967862, 2037.362550433129, -1, -1, -1, -1"
599,"1113.9059889301618, 412.81880731943215, 221.1909896451901, -1, -1, -1, -1"
600,"954.8079195393033, 578.9360675327891, 417.8709244877201, 543.8074541345388, -1, -1, -1"
601,"218.5312711527444, 238.59042179411495, 880.8290925713072, 2166.9098435108026, -1, -1, -1"
602,"540.7245235453325, 142.4522081949078, 150.22202401386033, 375.07899652983514, -1, -1, -1"
603,"145.01127129474622, 2034.6752766113154, 938.0751443689518, 96.79917105721049, -1, -1, -1"
604,"727.6657052897356, 83.76021811649782, 464.0504148431662, 1305.962858906579, -1, -1, -1"
605,"374.2856085837626, 229.61632490898342, 552.1083063582121, 3323.4683727318843, -1, -1, -1"
606,"888.8279625295987, 387.2174591746582, 210.78867081482167, 249.74851228179915, -1, -1, -1"
607,"927.310613958306, 87.94948531597474, 353.89654056917857, 162.25466497177194, -1, -1, -1"
608,"628.7080722860464, 315.2615469663541, 1501.047113263276, 508.3564734248127, -1, -1, -1"
609,"435.6317989398988, 355.8259568907595, 2060.816546407651, 297.756543834073, -1, -1, -1"
610,"2045.3317230058528, 506.0465830831635, 1059.5218178725231, 91.25705782702768, -1, -1, -1"
611,"156.4169799110399, 551.4508810242415, 390.72181094717587, 190.53682646553204, -1, -1, -1"
612,"971.2165082892243, 141.46139027487516, 147.6226899126795, 171.30469677852417, -1, -1, -1"
613,"502.30919341396225, 411.46500124116136, 416.85550347430365, 837.8586922588547, -1, -1, -1"
614,"2938.8131116273275, 889.4948804942619, 624.7276325567425, 1477.8163000892234, -1, -1, -1"
615,"161.2734784525751, 5241.765313643326, 5349.717048840599, 1971.8706141965297, -1, -1, -1"
616,"184.77200246079778, 1123.6595758802519, 198.9039941370598, 1363.2266720439197, -1, -1, -1"
617,"1511.7790182453368, 4590.688533485274, 1175.5682675032945, 2496.4603919038123, -1, -1, -1"
618,"4674.939451341675, 1302.5361269800894, 73.78518190508899, 175.9718287263214, -1, -1, -1"
619,"570.0482373712368, 2124.563121480017, 118.61126017756803, 224.07148913041607, -1, -1, -1"
620,"1223.616617070863, 338.1422395284257, 644.6907215250411, 329.5760287510809, -1, -1, -1"
621,"456.7159036825974, 50.50862841330946, 2181.5226034446378, 173.29687692134303, -1, -1, -1"
622,"1794.99314419558, 755.8548135277065, 1132.479390888099, 1201.4828933012932, -1, -1, -1"
623,"323.8847729575432, 3495.5032568339957, 143.38754081756662, 96.88234655224979, -1, -1, -1"
624,"93.73317737082526, 606.0278272636314, 472.2577931088348, 1629.6911329114519, -1, -1, -1"
625,"1575.6369421902664, 99.20913304455985, 436.3436118518533, 280.5710099577505, -1, -1, -1"
626,"2100.219988966762, 469.47125409904817, 60.31879217012955, 4238.6859019509675, -1, -1, -1"
627,"183.41249767485328, 888.7982151907795, 1433.3371848466002, 276.15334582793827, -1, -1, -1"
628,"935.509053981067, 695.003586865309, 292.9489783218543, 622.3743769639377, -1, -1, -1"
629,"581.7850695421625, 1546.1442708652655, 1945.716868197057, 259.7956630110946, -1, -1, -1"
630,"613.1497663369472, 2570.40164848065, 1257.69139891108, 502.15630395745467, -1, -1, -1"
631,"2359.778303310537, 3092.6646609382606, 641.3405228493098, 125.45400700154048, -1, -1, -1"
632,"7056.936010624291, 311.93628797414976, 836.8542901651131, 1513.7810871887837, -1, -1, -1"
633,"468.133855453577, 784.829602896796, 365.78251921726417, 420.183534616284, -1, -1, -1"
634,"1651.76160838106, 574.7737568216712, 292.2546337237186, 69.87608817213271, -1, -1, -1"
635,"1817.298571211379, 281.228864966325, 98.60150935657221, 184.50153576645675, -1, -1, -1"
636,"800.3882968035663, 539.6132144610485, 582.5214905101946, 92.8998151137455, -1, -1, -1"
637,"1022.7191364836201, 5326.030182501943, 4021.412270244932, 246.767173924699, -1, -1, -1"
638,"60.71384449722355, 398.2353766768464, 616.5345805444271, 1326.4298070708242, -1, -1, -1"
639,"1474.7131425503128, 3174.483764385373, 1153.6311448092592, 151.8047011435953, -1, -1, -1"
640,"643.0762123518681, 659.7441532137673, 1615.2780355062996, 254.44847978755536, -1, -1, -1"
641,"212.67721244456186, 150.2905789613789, 568.3182866732011, 580.2079059148421, -1, -1, -1"
642,"790.9067092432247, 1084.5102352654362, 375.0830385880356, 258.4388995113291, -1, -1, -1"
643,"1057.3451914361312, 2712.6415824073256, 998.0490055090324, 355.0609048417088, -1, -1, -1"
644,"402.06481415955363, 1075.6236179625682, 690.4383868650384, 1106.8945526640412, -1, -1, -1"
645,"4335.731943715179, 135.88413100545745, 1098.5484388509478, 298.2184719755104, -1, -1, -1"
646,"628.817011565667, 207.24994024125886, 617.5241778729963, 265.8335994092792, -1, -1, -1"
647,"235.5017241953555, 205.68874338554426, 945.8634060545018, 454.85095717351743, -1, -1, -1"
648,"267.6394234186285, 255.65737744940714, 487.4497629491249, 982.2920583047537, -1, -1, -1"
649,"431.96052389169586, 610.2987987822072, 500.35291038208743, 433.2790923275553, -1, -1, -1"
650,"974.1204236450683, 3923.469648837419, 691.8703566755662, 2498.4557147585383, -1, -1, -1"
651,"735.671741069556, 983.385327515643, 159.86880394253546, 835.1257833325326, -1, -1, -1"
652,"2656.2091673322825, 355.89897501562456, 175.97814611073485, 257.2996160667851, -1, -1, -1"
653,"373.3776992332005, 178.21541555398312, 479.5559571016298, 499.53559643546635, -1, -1, -1"
654,"717.4084146231162, 486.2809019825535, 1347.8007834855434, 4510.211329817464, -1, -1, -1"
655,"227.414073378338, 162.96720746667478, 624.4030542103496, 203.02763863624983, -1, -1, -1"
656,"539.6307721180874, 4498.249857116075, 1126.692951126191, 225.83007763848377, -1, -1, -1"
657,"382.55525554247424, 130.8040338582004, 694.8515571805906, 94.45445523702753, -1, -1, -1"
658,"1320.6431262192873, 160.32977579322232, 880.1952401878387, 754.9610767795704, -1, -1, -1"
659,"256.9083210687653, 692.3037911808724, 438.11877509261217, 127.3154274368227, -1, -1, -1"
660,"272.8340705486362, 1169.5324549990985, 1021.1902664103975, 434.74861837185966, -1, -1, -1"
661,"116.21206023173062, 1113.7027918886024, 298.59418775567804, 144.49557298902317, -1, -1, -1"
662,"1271.6491399249971, 331.9475040888014, 5613.417540544441, 2533.3523791891303, -1, -1, -1"
663,"358.1333438648427, 403.42131236212475, 1006.046853481768, 289.671098642044, -1, -1, -1"
664,"531.3828415440362, 415.8361946166117, 226.04330128635468, 118.02057479978085, -1, -1, -1"
665,"1247.2649498712922, 3974.0512408643717, 1821.4760988805256, 471.4521444244107, -1, -1, -1"
666,"977.4642349396695, 173.32718591470717, 867.8909061282357, 395.29725781883366, -1, -1, -1"
667,"1880.266436610618, 99.28457145067452, 1366.8789551801347, 392.8413816056942, -1, -1, -1"
668,"112.96803658228026, 120.69833442697062, 297.42800854082407, 2967.0841003804985, -1, -1, -1"
669,"219.53169376387825, 518.9898457606491, 2959.0266805485485, 293.1481356733688, -1, -1, -1"
670,"1114.2102958755245, 1846.9853144645192, 63.0402065286073, 89.85401090972371, -1, -1, -1"
671,"956.828799532701, 238.00159258086694, 62.34870794080226, 538.8505738224981, -1, -1, -1"
672,"256.98026661071464, 790.1601579483752, 309.6224628867002, 5449.627303040451, -1, -1, -1"
673,"3014.475659718113, 227.64607601368033, 1008.2223166860676, 947.3793129706506, -1, -1, -1"
674,"956.110194389503, 181.8343519986231, 406.9264361657351, 683.2831956613107, -1, -1, -1"
675,"68.37248488501066, 621.8013979607824, 400.3421876012004, 138.02942812870833, -1, -1, -1"
676,"405.293437172978, 880.9486265731282, 527.9712948025978, 361.83134745897974, -1, -1, -1"
677,"1871.5666163054698, 323.3233465164309, 519.2345553028978, 129.68933813937758, -1, -1, -1"
678,"782.5782413118036, 205.4362919942548, 534.1424242447716, 653.6930431830991, -1, -1, -1"
679,"2336.5847027724276, 532.6930142398884, 536.8786348553555, 101.00304289727842, -1, -1, -1"
680,"1949.372566414444, 4871.932641428992, 8649.634716222969, 1106.3838665851088, -1, -1, -1"
681,"1131.4221894506084, 5624.195924505334, 258.4854993017456, 104.93215439498258, -1, -1, -1"
682,"1768.872606695464, 334.8588428181341, 2068.612279706706, 954.3863383464479, -1, -1, -1"
683,"1504.4098667022627, 148.77968995351026, 566.1852670442762, 1617.0266583575033, -1, -1, -1"
684,"342.1542082994445, 433.83404930420085, 883.5747139027585, 1171.7073361422747, -1, -1, -1"
685,"2164.540737883847, 257.9780147427785, 476.09132521369247, 397.47244666904896, -1, -1, -1"
686,"490.58841444189204, 304.10538807047385, 1789.2619374281362, 208.92228904054176, -1, -1, -1"
687,"51.3061045002944, 816.9702283231368, 2761.7766575734363, 312.5320091680594, -1, -1, -1"
688,"146.53073728073184, 503.3945072675085, 357.28844581134155, 785.4126579143743, -1, -1, -1"
689,"295.85911762851646, 1203.9937135646587, 3129.8069050508084, 128.9507320209106, -1, -1, -1"
690,"512.1687182115705, 84.20005405854386, 577.5768131104383, 1153.798293755447, -1, -1, -1"
691,"1589.7235470855567, 1460.0244245941908, 815.8201341893597, 385.35314033042107, -1, -1, -1"
692,"2872.1563347631454, 1127.6066257979694, 230.305859145834, 525.5796263363884, -1, -1, -1"
693,"915.5550167303609, 150.02826886002927, 906.5516856915757, 353.43747015332497, -1, -1, -1"
694,"1476.595146735082, 247.3145669866454, 300.27955251250273, 330.0500260745662, -1, -1, -1"
695,"1084.5857600981428, 332.7879098413825, 439.31354498887663, 119.85633364801126, -1, -1, -1"
696,"1774.2003655693293, 2541.6631499291607, 210.69097092249373, 141.17383761739228, -1, -1, -1"
697,"2068.7198698788807, 341.99097309438486, 4056.8344469390736, 175.18617253322992, -1, -1, -1"
698,"526.1503142532893, 399.841963323928, 2805.0476679220747, 307.76184024822123, -1, -1, -1"
699,"2051.278317306057, 465.1848594223786, 777.6427733938133, 445.94279151447574, -1, -1, -1"
700,"471.99139632939404, 1045.6842682206152, 938.5590296462145, 658.1128805541374, 333.9918929868756, -1, -1"
701,"1000.28391662322, 769.9942478125846, 2549.7211618160313, 618.8410680869546, 389.1578737550722, -1, -1"
702,"1508.2469070100533, 128.06474003747772, 969.2119997833564, 277.6247066208048, 2435.047116738305, -1, -1"
703,"769.1853729069078, 1020.1236360895033, 1060.9046935136746, 103.32456978030405, 432.15390021720077, -1, -1"
704,"358.5170035321736, 924.2955482455052, 394.406257081171, 400.4619400605852, 726.8574915989277, -1, -1"
705,"1022.8563751544835, 998.0128273682126, 784.6457203357578, 617.1222796167375, 409.38797638336234, -1, -1"
706,"2744.216028161421, 828.1901033118305, 1143.7833187537951, 697.0631741426611, 421.8700503126082, -1, -1"
707,"1758.2745112255516, 301.1856569975719, 734.7084394154894, 671.7196711223373, 367.1407268672701, -1, -1"
708,"3015.045085663532, 315.11942081807035, 1663.8265270136076, 1801.4710149234809, 1160.81396519892, -1, -1"
709,"242.2200388863344, 191.4638446821812, 594.119971618691, 692.7858126384043, 418.24054505776786, -1, -1"
710,"530.3166669437205, 222.78896477135982, 618.0468598973689, 638.8327098367431, 315.08797923582034, -1, -1"
711,"342.71783726881046, 953.9560399849792, 3134.004340947925, 63.831157451138495, 360.15074941491315, -1, -1"
712,"556.9035454856863, 249.94286808833652, 617.455781270024, 1355.5049288465516, 545.5902005877772, -1, -1"
713,"132.0348790397426, 869.5538322890052, 431.02732893139125, 615.651162067174, 1497.593972755496, -1, -1"
714,"1025.9462051478795, 826.6763524874752, 275.56875145159285, 68.2845531179273, 631.8828364841426, -1, -1"
715,"179.99936732916046, 852.7058122549304, 1094.986796540873, 153.31192327096073, 502.0786325248106, -1, -1"
716,"1153.839688209719, 437.6047810844459, 217.1426897134408, 163.06726254481606, 519.5611752914851, -1, -1"
717,"1687.8530622134745, 1395.4078514459425, 429.6797048721445, 3795.582378614354, 708.4074044684547, -1, -1"
718,"257.4411308829616, 2821.1818921392673, 294.922813889623, 754.7641919734837, 2174.2558813940864, -1, -1"
719,"939.0431494416226, 1600.6875565261748, 43.211295455820704, 29.970235598358528, 187.93652473042624, -1, -1"
720,"1274.6939508778846, 132.75569452590094, 343.5397029714482, 2930.048502920714, 667.5508488830901, -1, -1"
721,"700.5163445027829, 220.34666105218682, 347.81250959900166, 5045.945940792284, 210.60101727514626, -1, -1"
722,"1162.297177213928, 247.16969810102216, 701.9037429267856, 870.6586474322021, 4498.422702294286, -1, -1"
723,"3233.63685422379, 283.6329583906829, 363.63348046214116, 2259.7370867359623, 694.1526732599858, -1, -1"
724,"683.7900760939792, 564.5150317435711, 109.90984301825588, 788.9662619828416, 2333.9216840583867, -1, -1"
725,"222.44806033205617, 131.36963049258895, 1517.8517930539638, 1066.5762938298826, 3636.702354209176, -1, -1"
726,"1721.4136078124468, 818.34347080436, 311.44539864226726, 290.7425529225144, 489.0897139334565, -1, -1"
727,"847.739087294811, 1855.1831773763654, 388.64583735610233, 2530.7637254619426, 213.6235821604713, -1, -1"
728,"510.32450918511717, 1855.375238368663, 1439.572106314509, 186.80737218743784, 1988.9772627711463, -1, -1"
729,"1527.6499877968909, 564.4771164046956, 3992.9627445800243, 672.548136793532, 65.20684996301543, -1, -1"
730,"223.12506512635164, 93.9884095320829, 142.65631350545974, 1135.8528109906515, 1417.0538673031165, -1, -1"
731,"3105.1030971639384, 1608.550264243721, 704.8042431647277, 250.97625648820483, 302.68821358379375, -1, -1"
732,"2521.7565908695365, 851.1959638140232, 127.63783828007001, 867.0651065715022, 764.8993107773396, -1, -1"
733,"430.7012734243879, 215.15739290140533, 210.76706004993656, 409.3052893233942, 2161.704620988158, -1, -1"
734,"591.5694319051112, 1340.0697215746968, 1087.3191050771125, 943.9946315213375, 352.3214286870615, -1, -1"
735,"846.6893162476365, 196.07468800622604, 496.33521972882, 1766.3522106687572, 451.0974472416168, -1, -1"
736,"1029.361241457576, 37.39552696803848, 1051.246633322166, 420.8717236692064, 467.22118558346205, -1, -1"
737,"183.29386617984494, 2004.91248652718, 267.33974456085593, 607.109533052941, 760.941534039662, -1, -1"
738,"6156.838240716935, 563.5000312383424, 236.90193979396946, 521.6593963541343, 60.48980626321965, -1, -1"
739,"442.97669366076025, 168.70201590832897, 389.6144193390403, 490.1567026807436, 136.48556426573145, -1, -1"
740,"347.48231794248, 732.0661070961385, 451.71212898895857, 624.8619003379769, 2546.4689943659155, -1, -1"
741,"606.2534410354149, 263.19308185689954, 82.37826040158038, 1125.6619532914083, 149.15759570011573, -1, -1"
742,"3479.5536122136937, 169.9156685913353, 243.5919459328793, 874.2974938412597, 253.96123512804823, -1, -1"
743,"1157.2640094293076, 328.13317017902375, 565.4765783690486, 168.29598320187822, 83.134675819034, -1, -1"
744,"68.48350855497827, 730.5744562041809, 249.8685779516033, 226.35523327417602, 491.70825949088436, -1, -1"
745,"249.55220022657656, 621.5516148521936, 388.0055252853753, 427.51554607510354, 160.47436813996777, -1, -1"
746,"266.6260854496047, 926.7215357910136, 957.8027086534009, 740.6466979121685, 111.04965241190433, -1, -1"
747,"860.6094072929445, 1560.48818505202, 599.4896140316005, 121.50844271408741, 357.75763987546964, -1, -1"
748,"1856.396298343325, 540.8759752116904, 267.19573218581456, 117.9447053773863, 269.56961085161043, -1, -1"
749,"957.7569772199837, 634.5856131391508, 145.63960098708583, 2265.059302348903, 271.5275097456876, -1, -1"
750,"150.38201307980972, 266.7014275814555, 215.1473431434265, 254.81898901432214, 546.4994885529745, -1, -1"
751,"3222.4856162897513, 371.27803790493454, 454.0108560160963, 1189.227314617212, 682.4950943613296, -1, -1"
752,"2509.203086706884, 272.994486230062, 188.61832454794387, 442.03116057223366, 508.8056925270676, -1, -1"
753,"282.14510005532134, 282.7796465169985, 941.0245446281463, 6670.387275131024, 224.58780268743314, -1, -1"
754,"954.9004751384622, 1324.4116817907584, 531.4722328750628, 2914.182321677097, 1043.9605499201436, -1, -1"
755,"3601.6491029075564, 561.7662680158725, 86.75890774997937, 181.9653679744662, 1007.1813205720099, -1, -1"
756,"96.83896762930418, 706.3268746362237, 702.7916867863204, 1103.1657123912005, 1921.4942002869168, -1, -1"
757,"1453.5307742116076, 476.9861708587317, 249.78641667384116, 350.82522060451765, 1119.32249033577, -1, -1"
758,"283.73874739526366, 510.5948905698283, 371.71122722254285, 110.45806181505355, 1412.831757331124, -1, -1"
759,"697.6314779063946, 1065.6035482257323, 3953.6205323006434, 373.7708758812442, 571.330910847694, -1, -1"
760,"63.659482806958835, 764.637656044985, 3802.0534215801945, 2696.8597829302153, 380.51171818866544, -1, -1"
761,"1532.8991723339252, 182.1923863182696, 482.56410073359257, 660.6614955515424, 573.2135282554659, -1, -1"
762,"1063.7765199518526, 1095.8356737457157, 193.9212906516669, 1691.244179137098, 280.97953692213787, -1, -1"
763,"545.043582989032, 667.3640245958948, 2172.6260316106764, 1239.9474133866952, 151.70873563231035, -1, -1"
764,"639.5116955120359, 292.4391996913569, 2512.7731689697466, 1956.0327417329763, 5324.630285014886, -1, -1"
765,"234.20402790413658, 72.96765682509782, 1397.8853562428437, 834.09228306983, 363.5512093707346, -1, -1"
766,"318.15367524074645, 522.2603376936343, 352.73066449302786, 590.4453558954457, 809.8850841898595, -1, -1"
767,"683.1118177347696, 567.4871937956448, 317.30891249891226, 543.6645501424053, 1095.6111467648423, -1, -1"
768,"3150.6897644742066, 599.9898028599113, 131.1296335623622, 491.7885539644145, 882.9798692133447, -1, -1"
769,"440.8288604323315, 298.0593445349892, 919.5138634371103, 2750.7582035582386, 233.02601868732094, -1, -1"
770,"1241.7505423004827, 237.73164248256555, 732.9696792349146, 1878.0230054519325, 610.2073739906107, -1, -1"
771,"830.809079715641, 495.22327348993537, 291.12730695053324, 76.59714713422515, 1922.4861656334206, -1, -1"
772,"744.4357859234193, 2064.3655892813085, 48.46932517389855, 517.1796188919686, 1751.2461778451993, -1, -1"
773,"193.3611050745115, 653.6627931735857, 245.57631804895848, 124.49629750772317, 475.65423500149825, -1, -1"
774,"846.9280249240867, 1497.2039692776284, 759.9791500512653, 281.1464001863088, 158.0853451064225, -1, -1"
775,"645.5124419479955, 748.7476866440715, 2451.0710051494016, 438.9915882809085, 291.83337153879035, -1, -1"
776,"1109.1153693820881, 2406.6978167623806, 362.52862574137407, 401.8049695812058, 196.80012702799561, -1, -1"
777,"834.0732683566038, 717.7150122822333, 1005.3800234345889, 1937.2902951765898, 239.8490554752608, -1, -1"
778,"971.0555991639154, 256.02315506676166, 93.2279462486533, 914.8336302543839, 739.1407936780117, -1, -1"
779,"335.6197153773607, 658.851524188707, 996.07305455361, 166.6153098160157, 147.51214321546496, -1, -1"
780,"974.7697189719352, 269.29140774183224, 1337.2272657203516, 471.47230450229324, 434.31749786433784, -1, -1"
781,"431.05851548060986, 450.3808428594412, 567.5020385523705, 517.5845982642386, 2008.9428952288245, -1, -1"
782,"1710.4134752619223, 193.67733107522858, 179.29789545658144, 292.65553405218236, 82.16705124800396, -1, -1"
783,"3279.856839430971, 455.30928323980413, 429.12197786917113, 1091.338547722397, 1454.8006584177979, -1, -1"
784,"569.1881991658629, 2091.674559677598, 435.3063998737823, 503.9996144183825, 1246.4469103610163, -1, -1"
785,"161.7307050335523, 179.31985016616554, 1889.3804092604462, 628.8131465560011, 617.2027562947122, -1, -1"
786,"1791.5347101457678, 860.8380284034392, 626.7796829985247, 206.04237133540312, 178.07739520327755, -1, -1"
787,"1226.068314428652, 499.94450524059187, 531.3947170759302, 177.08065644213127, 404.1292365979165, -1, -1"
788,"336.61444057306505, 4943.811119676373, 675.5952113304155, 406.42995908484124, 908.1703400989786, -1, -1"
789,"183.55715039083827, 3806.6099015751593, 888.2989577894874, 282.6007633112297, 704.5503872914742, -1, -1"
790,"522.7745227916904, 2295.490253300251, 319.4763938363492, 165.50082216436357, 501.4995920751271, -1, -1"
791,"765.6425523340774, 922.7179172071378, 236.0292752668451, 1600.9338417712563, 1365.0959957861787, -1, -1"
792,"372.3420792407163, 727.1753428986104, 333.5196545942305, 1749.870372329067, 83.88882108774038, -1, -1"
793,"5182.5683249536505, 1065.7057459447467, 974.2208130979732, 2012.7107916313164, 586.3312715845807, -1, -1"
794,"1350.0171793798268, 1559.959862637143, 378.9289598809211, 1199.3767396296173, 763.9744409474415, -1, -1"
795,"1022.6321335387523, 1050.5572700140485, 450.1770065287236, 518.1404310658959, 452.6767245762044, -1, -1"
796,"3822.234750337911, 204.20675670835845, 652.5306008208759, 248.38252897443448, 1128.6888448665889, -1, -1"
797,"545.8328856322762, 68.10493182127502, 929.9544788025587, 51.41977553137066, 725.8193796506841, -1, -1"
798,"579.296948517422, 987.7884165949919, 1438.582687138162, 543.6614947093706, 528.2129867442384, -1, -1"
799,"1462.0854091121628, 2931.8749196170334, 633.2347825844842, 182.17212335716803, 84.58376815849886, -1, -1"
800,"1015.9823790406082, 113.27311859974785, 3732.187671003066, 411.8163811995856, 461.2785185024359, 184.05826567438393, -1"
801,"541.0792355354859, 2669.6387493367433, 163.67599589301173, 2189.752021757592, 405.09781480781936, 459.3502893030855, -1"
802,"3417.1014657836404, 3659.4485266410193, 396.87171756927876, 719.3018755321605, 396.73584660181245, 343.73428507133497, -1"
803,"591.0835436378175, 107.16217987145917, 580.1177376487648, 143.5805695748748, 142.99239483900897, 724.0988594525339, -1"
804,"2708.2983286034532, 604.6724839328522, 517.1604327465969, 907.1559061783618, 824.6909284832818, 572.7574245049875, -1"
805,"392.4842012261664, 3706.5535409723643, 780.1693430093745, 357.552224082572, 309.5801531736936, 1491.2551826855013, -1"
806,"65.36287247685912, 290.5847497025991, 2672.7332666295315, 487.32400919409133, 291.2649068499451, 215.45905627296318, -1"
807,"1452.7095884470168, 229.04594654409325, 709.6231266626844, 389.2211473276525, 2380.314283379344, 576.2096901197299, -1"
808,"487.8358709789055, 439.11499744401385, 141.92291035836854, 301.4515506254228, 99.3945414042241, 4427.654527527198, -1"
809,"948.235014781873, 298.34803990440207, 697.9524461839901, 535.1888251602087, 985.0434309636822, 413.772047403644, -1"
810,"443.50645521125074, 1082.499434362334, 1346.7595533734316, 242.66909372492086, 213.41969371474465, 162.8887229508379, -1"
811,"402.8455065616044, 1039.22237466522, 360.72080808448857, 491.8411469989072, 574.9001000838234, 171.87178051839308, -1"
812,"476.78366791583375, 550.8173751181423, 236.62885761776363, 119.90761665851402, 740.0878982629288, 5396.664216863771, -1"
813,"282.8533340203931, 893.7963349181211, 299.3267793521457, 1596.7368810579637, 55.5691924046332, 684.7621864143449, -1"
814,"1550.4376843802804, 188.8574117621347, 1530.0831585237393, 72.62145976436618, 289.0042167428218, 430.40799601461185, -1"
815,"349.27005210423135, 977.5457297084316, 523.4006365706637, 267.3850650635303, 911.2115685644461, 132.05802113861336, -1"
816,"2292.1716481560334, 746.6287022057327, 1959.3361918870728, 90.63132932201113, 508.2240959740278, 1708.4143052858897, -1"
817,"2084.372960276215, 154.059502920485, 1853.1722068796344, 720.5560724466296, 447.3484453954162, 489.3489912061432, -1"
818,"120.51721490573897, 514.851776521543, 1406.5483045300132, 1521.754746774483, 924.8035523317513, 525.2588909502471, -1"
819,"4157.622067108902, 533.981879114279, 331.74730321541495, 7123.196639645611, 1955.1736386340226, 874.8769471780352, -1"
820,"208.55249531917934, 246.59090818915234, 159.02442849543775, 3482.6018889329494, 1687.016872250986, 140.7123936567617, -1"
821,"985.3066092537648, 8581.93905764696, 564.7871623319588, 174.4475078730296, 368.17245371034676, 348.8280579122768, -1"
822,"220.58023837543033, 77.05229911471406, 2174.9798744014306, 83.39642108502835, 5759.66518897764, 118.63576706573502, -1"
823,"284.64515434657034, 4596.890357104141, 1551.2130566314056, 1355.0642126716193, 564.7002192718795, 369.84694418845453, -1"
824,"779.6769272913583, 1203.4041856251588, 279.0998573578585, 194.44740964667483, 378.1321680855191, 2999.1120174794546, -1"
825,"1573.051616647615, 471.2909518311753, 4221.686707661481, 238.68359861950194, 144.3199959320628, 674.2436257501569, -1"
826,"174.9711436981299, 225.17694877691295, 111.10782761792072, 988.6254757661021, 1037.6716272440294, 582.8903607630691, -1"
827,"808.4170905328965, 397.68540798900364, 713.034053920868, 172.1642185128799, 1065.212647795086, 500.749296079831, -1"
828,"1129.9891018453873, 331.98431977449275, 422.5541695127551, 207.08855539195025, 356.05249276801976, 2100.2489485896217, -1"
829,"405.9471675860538, 227.68580723149995, 6798.233903335499, 238.1447037337789, 816.424312528781, 623.7085654610246, -1"
830,"1148.21489086444, 4712.5669756109155, 159.75378481631788, 1953.3307820105338, 440.4781330445809, 509.10044763561626, -1"
831,"251.58589937712594, 2904.271598126092, 175.94251277469297, 90.76476586904913, 237.7190938353916, 1613.1766478345558, -1"
832,"699.9124497775707, 702.5360637355524, 953.9524000335468, 209.5736413434684, 912.4930860321917, 817.4504094749514, -1"
833,"5290.3060628273215, 582.2735976437627, 132.2011709656844, 568.1698797414238, 1475.216155019135, 393.4964638079573, -1"
834,"189.71597921489732, 1525.864991533921, 366.8649556886059, 1435.7705103406017, 460.09912163278034, 940.9916411315548, -1"
835,"115.3592353843294, 255.05809313223625, 194.29979586423423, 280.5145961555451, 687.5270418976971, 581.061745471953, -1"
836,"5212.313653809392, 91.49168355045308, 1492.8158542096617, 170.39763918099166, 1350.43756208024, 755.9475978355467, -1"
837,"250.76861524496542, 525.8704308677736, 393.44969200768827, 441.7546905942851, 1115.9510224640885, 371.4956410786005, -1"
838,"2843.869117416671, 94.57978469851811, 1296.3961879586946, 491.4232010443607, 302.06448517500246, 235.49790789854634, -1"
839,"2869.291416000926, 488.1010076507934, 1504.7007565448434, 473.3315436963279, 293.0723054211878, 372.47293940952267, -1"
840,"293.9886893787363, 2528.8737960642293, 92.65061232112538, 628.77729162594, 360.8545367913964, 1459.4816334358773, -1"
841,"1711.7999511350265, 385.70733267633625, 166.31014016498656, 225.9021577064268, 187.76678365169892, 199.06311906551477, -1"
842,"463.24611534607516, 337.5472850245534, 544.033418314564, 856.7924643809229, 745.7885126365973, 325.06387174109796, -1"
843,"723.4970507270389, 246.05006434371666, 834.207935635636, 2548.8010201187285, 272.9229740094264, 323.08697688091456, -1"
844,"10419.175683996573, 423.13477675152535, 891.770872891525, 574.1641683061415, 347.1167470667884, 309.78667418687763, -1"
845,"129.66699909835873, 540.0123560643782, 2666.5727626222015, 99.04481279817254, 2326.432599674013, 126.7806671888315, -1"
846,"2725.1005795993246, 729.653256369173, 757.7266888571141, 421.24731867647137, 339.74755535456535, 125.72047086704191, -1"
847,"928.0206701914901, 87.84426981561494, 287.7447713604862, 269.1238036755706, 2157.3693418918365, 959.2878335038846, -1"
848,"591.448689324943, 779.4794429572376, 257.1553910662809, 372.5692219499681, 352.7781508353662, 2069.391977770111, -1"
849,"1187.7378406453854, 3933.493625810867, 505.0217638622466, 151.77783805481403, 591.7183494863795, 101.46337852879324, -1"
850,"171.9108200225464, 487.30675775059956, 89.13944017071962, 265.0720733880497, 180.37986603397894, 340.98677414049786, -1"
851,"1274.5657233784732, 412.9656386757782, 265.7903164734136, 7005.941356887617, 916.6059541563997, 55.31695953900518, -1"
852,"304.06952518663564, 869.3147797158048, 1137.9603326882227, 702.2756058204668, 260.9356385548283, 149.86514445528525, -1"
853,"220.41288100114866, 899.2919703714952, 665.9184775670549, 204.54942088357356, 127.54071397164113, 222.96678732048636, -1"
854,"4317.248836528837, 4455.778039288377, 378.54528951691043, 1061.0738821416144, 168.84785488100803, 1199.354843511166, -1"
855,"237.42037751094358, 1903.5727477997593, 162.48126903404165, 244.62617082102324, 699.2199242275616, 303.05836822694516, -1"
856,"528.9399753880596, 476.3061065517468, 761.9379017589338, 635.1370189904181, 478.4004756248775, 896.7106371610903, -1"
857,"412.7426399651515, 1059.5780844138478, 167.95486102963184, 229.02469147079483, 78.57685919227234, 2115.6832800199154, -1"
858,"805.0947604116537, 5818.415787688664, 2097.4436217219186, 270.7111339710228, 888.5346497899758, 533.0111451202091, -1"
859,"576.6792264841067, 719.5242760453109, 51.67217983127294, 224.9300539815935, 825.8451279639123, 610.7336518645768, -1"
860,"228.01330077399635, 1062.2875283408844, 185.43423667407046, 200.82840183281752, 1059.2934392601385, 100.75452692415004, -1"
861,"356.1072166211749, 681.885515488563, 876.4937003820266, 193.99668737306172, 736.1067232231144, 1676.7171611003178, -1"
862,"1864.016672957571, 555.3514370888845, 303.1178178463857, 491.53419755076027, 397.4991261427434, 124.14953492048282, -1"
863,"670.5026327542006, 463.3133782344806, 2509.6947869062205, 140.53041818061774, 220.2478370033166, 709.0186169409621, -1"
864,"724.2251773745601, 240.75198281286976, 77.06028659969544, 1044.5125785074697, 869.2478994765086, 166.0009916671853, -1"
865,"833.2841393378113, 1960.7447970239841, 108.89595896437739, 797.6539614310284, 138.54271713574673, 898.258304327311, -1"
866,"2584.0843378283503, 361.1149923107877, 451.8902570824036, 145.6970156654188, 215.30426086695283, 648.8967047924427, -1"
867,"804.6895973763283, 1497.8136254700967, 546.7389328687298, 541.9964297604688, 1472.0296231198954, 340.3655112798145, -1"
868,"80.45729361750833, 611.9804704426521, 121.99840773483146, 685.819645136073, 262.4480960154945, 212.53823987856774, -1"
869,"4729.243493774101, 939.7664156270465, 278.8517103062382, 157.94542641383254, 65.48470524654462, 609.5555119427852, -1"
870,"5154.917082145301, 3250.7230976695682, 137.85823952729478, 323.7143430129508, 892.1392347622129, 272.54353335416045, -1"
871,"97.61315584669946, 7121.061383094151, 2849.518134388518, 717.1309050844421, 360.10598367805466, 216.90274708842176, -1"
872,"1704.437612916592, 350.643671103596, 663.7580358411503, 1483.4926833748775, 872.8573252558065, 1124.8702749728568, -1"
873,"298.2310541085237, 336.5779038134915, 1279.6675154846826, 156.81816105292836, 1999.2228295834175, 606.8785133514625, -1"
874,"584.171557489122, 552.7094500000553, 1154.9824544747653, 1326.9565970916833, 653.3664537463284, 182.71750593351473, -1"
875,"682.5963204460991, 248.21209877397607, 1284.4248107347814, 146.28903734938163, 503.5427700606541, 865.8213479798563, -1"
876,"3196.378593289239, 69.33325962462828, 191.19169040638607, 362.53753165529326, 89.2123160074668, 390.0128286056977, -1"
877,"1280.2873051136153, 176.7964676454196, 3022.1865860525986, 2629.5906357014, 146.22115132244406, 270.8822157909424, -1"
878,"523.1206965042091, 278.7012479569196, 2575.0292398495426, 591.2927860706645, 164.08959212244523, 306.10011559547576, -1"
879,"843.4542202817094, 1985.6035137756694, 584.9606803524348, 533.3985871397166, 188.4101456387401, 241.55663845442348, -1"
880,"2346.5677456068083, 617.8269080593408, 70.07342879817972, 180.6419146277823, 554.068299854556, 169.247692530481, -1"
881,"1189.8797581953318, 1824.3131222990996, 177.9448667018871, 691.7021164277362, 731.5210920378074, 3771.2778881130025, -1"
882,"853.4946861605033, 1122.446003054964, 221.76258488064445, 325.5190404787829, 2390.6826351575914, 1074.3922716972459, -1"
883,"189.30107591763164, 2368.923548897955, 684.1851538729303, 192.5890696271381, 1248.6354375959324, 172.37928791776426, -1"
884,"356.6357693935956, 282.9671572252044, 2470.593360617336, 1004.4452464826734, 726.0722324572839, 441.2617191375301, -1"
885,"1562.4690260874102, 1282.0072335083935, 314.1764231291387, 517.087288193566, 116.31324066099253, 575.3057856098342, -1"
886,"592.8428712272629, 594.6820509797802, 555.1852830351539, 300.70642606985695, 2810.918782324593, 366.0378349167911, -1"
887,"287.4167633067505, 412.3263673085763, 1041.069631438586, 3050.8189912703738, 472.5974469038632, 280.7297568395915, -1"
888,"1203.3952614074537, 220.114974241023, 205.0943449537102, 431.75004457049, 333.08819445780415, 384.8594934459901, -1"
889,"1109.1922957128836, 3157.0706804481224, 1329.7258149025708, 109.04791477753349, 241.32344511028413, 268.51371199732, -1"
890,"403.98691840103754, 514.5472981046838, 173.60494640600916, 340.2367064191054, 514.795749761396, 274.85764654613774, -1"
891,"659.8679581206295, 385.8350829347078, 2825.644921217382, 3846.459126208586, 156.39436526469393, 251.4878812432999, -1"
892,"5001.396495609457, 942.2353286010008, 501.3544041081329, 295.40059344266064, 396.67310323779077, 230.80292317148903, -1"
893,"509.8570232743183, 799.7017593462954, 1031.6362020980496, 297.03300583560656, 85.10845219522436, 245.84707308325895, -1"
894,"681.9877693271218, 3673.454601348009, 1676.7067191315832, 542.7613500967354, 115.7014801405901, 80.89379467446864, -1"
895,"306.08506602952895, 567.5042975197241, 215.32742659883132, 1162.0081097344346, 2373.862967322015, 149.61833114411516, -1"
896,"562.187659444433, 1611.3105221203355, 155.09578150129897, 283.0259137377295, 112.9176343254454, 469.6411192641615, -1"
897,"826.8582440443356, 289.36938796158097, 164.3942813383041, 932.0051758604179, 1017.134350406221, 158.1723839557044, -1"
898,"1192.7310146573675, 372.4281664566124, 426.5339256332394, 622.4971979904624, 5554.009253090525, 166.55662139000245, -1"
899,"1757.2617609824276, 4153.49669573844, 247.46613508862166, 691.4550179586083, 60.18610519389021, 282.3941458051715, -1"
900,"507.5914382171837, 359.05691179308224, 158.9370441059409, 884.4069149451507, 229.67949628453795, 101.10399411854988, 1742.3788147861346"
901,"1168.8265244598488, 438.2733925467013, 348.22182111099033, 1180.2822670223286, 749.9996802482583, 97.29773659201206, 128.25516652632547"
902,"93.43432080987782, 177.87717233920839, 1053.4590054337307, 53.485922063644395, 176.43307412271037, 294.20761441979744, 3770.3538999206075"
903,"176.46092249214325, 64.56971827257392, 1412.0106487159503, 686.0941277645416, 668.1656599635547, 343.3771334676554, 126.2894162337623"
904,"997.420519935928, 459.3601365930539, 340.0037806867583, 214.9181247915368, 1102.942136929034, 323.26251166968734, 143.84352003994013"
905,"341.87643824239854, 190.19793821601084, 386.5672849172005, 681.8415878635784, 572.4843003217687, 120.8288051255208, 434.2625980534265"
906,"820.7262834847584, 352.74894217192826, 1260.457716341985, 276.25923556865604, 91.42971642643658, 117.53899417880083, 174.93604110925727"
907,"854.6995473311911, 633.0723356149925, 674.1396603635699, 188.95555903338905, 5528.5637052750635, 312.3712812604414, 4262.797902238894"
908,"1910.8104111312923, 1184.0827366958567, 471.331971429875, 239.9610498806445, 376.32756676903534, 339.8767183139461, 222.98362586137858"
909,"1135.2322334344512, 1154.7618823997095, 54.37461096478377, 1057.355082012346, 338.0121690800912, 879.4932297266605, 3046.7718236991172"
910,"1659.1267418996563, 599.4156655016657, 117.62216045655354, 544.8154696072942, 715.4413450321852, 133.2784634697922, 1135.0919224573008"
911,"789.0765116429517, 147.59440959103307, 431.0302785113203, 2445.248668783303, 1383.1886099663054, 733.4401302491588, 189.87822613689804"
912,"1181.889702824595, 936.4251723070759, 994.3879907806191, 2207.900532277115, 56.84189991578922, 330.4547892054226, 247.5253582719734"
913,"775.4998066763849, 257.08606910165264, 614.4555187552356, 67.17826458999932, 1673.822589324631, 689.1420638672454, 292.55768365382363"
914,"925.3919789401967, 712.0718455677169, 443.8000686134835, 926.9316936381678, 252.66544883535303, 457.0129315325253, 516.3984464423997"
915,"725.259318108691, 2531.082754370117, 517.2290529374319, 309.8706729559789, 853.8194329859249, 714.2807456644881, 1344.9304700011317"
916,"376.2288566410166, 632.3218786852166, 374.66884593655783, 1737.5233536969222, 1096.5782742042575, 763.8998262970856, 2860.956476429059"
917,"1152.9861341138542, 185.68046976883994, 115.45066367736523, 274.14605787135565, 524.1373347107178, 361.1083264948602, 246.92764284333552"
918,"103.38801163771005, 628.9487066574375, 4510.115849698284, 962.4714489489688, 652.1434066147095, 342.8231468435886, 354.54976113341087"
919,"236.0219852326866, 35.97743749023583, 170.8687589463048, 520.2500406522686, 138.23187501155806, 318.4243456052007, 46.56400790262384"
920,"808.7070499520553, 3384.1866423164, 958.4941551913746, 298.7965938692175, 197.52920694453695, 373.0328574313697, 1526.0382948316224"
921,"281.5304129597778, 219.76409952332625, 187.61829731806336, 2295.594870311641, 345.98210437399445, 1996.9530800730279, 424.1167286843611"
922,"1060.5170849297956, 879.0350512443597, 808.8192986143089, 2153.274305658425, 61.52299987137803, 698.1574791380214, 1031.4544590722705"
923,"734.4011347044483, 5372.222813667001, 2759.8130273111346, 1902.3691803700292, 563.334957285726, 310.34351714829126, 355.6884248117432"
924,"995.3147864821002, 706.3772592253632, 3101.1137409207695, 3975.613628090881, 453.5942141992736, 1388.086194208642, 266.60175175583925"
925,"90.6910262457431, 56.04723061580465, 1730.8903597782519, 182.3597855556824, 2533.7605559181848, 68.13183422194594, 275.9255819087747"
926,"1209.7738567926128, 445.94862767907796, 84.31574518862817, 676.5952504246542, 104.11593882449333, 338.1341500727744, 316.4332787879115"
927,"437.72986770357466, 745.9627291543527, 357.98701557637463, 665.7106038762485, 152.69116931193724, 66.21964130523284, 1290.8103940212047"
928,"506.2610622168944, 1268.224607492294, 326.72008191336386, 72.32806783678683, 400.27981903815714, 386.1326363195165, 2472.6268071212"
929,"374.14823421950496, 149.19436596171053, 285.87320253834554, 512.1182534618413, 263.4328540115118, 365.693193628085, 2735.176542667464"
930,"561.6484631236023, 208.33813855437202, 717.540037378863, 320.34771926084716, 1257.6186493863754, 382.14302327625387, 730.9949368495527"
931,"893.3148973452346, 1204.963193363284, 165.27221923270838, 176.9342944056372, 828.0356797511331, 426.97153933505564, 490.709653443403"
932,"938.903032529603, 106.0674077528281, 918.7377840090475, 401.0175775495145, 1701.8750960254379, 298.7227959649781, 300.98136245695093"
933,"711.014602482162, 71.89576798331248, 1043.1003554276203, 75.61718160125235, 397.1846735952857, 988.8409424892005, 1918.547544511294"
934,"1294.1127599330578, 667.9628190066157, 2799.899870229598, 158.59228770205223, 1456.3045332289785, 166.59023477596494, 1779.5564411184564"
935,"570.667056206704, 251.5752796474644, 923.4291836415337, 282.24882575321027, 256.1125592465091, 1392.5624253506103, 263.7702163614249"
936,"1057.5671991961426, 565.7112201213608, 301.69024009445167, 264.8875088158782, 449.92085098838413, 377.6667591731679, 499.2169809259562"
937,"1348.2553738855288, 373.5861933504759, 229.0143494415001, 1321.3208208495791, 606.8947817229346, 241.976922284785, 379.59243047261646"
938,"558.7353498354947, 1254.7217811494068, 360.0764186721341, 235.08715577616402, 45.34770099091217, 647.3637073688462, 137.24290573539474"
939,"3461.9988261192366, 1729.9845063343787, 979.431903783948, 623.0070629938757, 402.812083860471, 180.30854345495095, 387.3863660057163"
940,"217.39399730270893, 187.682516340097, 645.2951476815595, 409.22045283094695, 1527.4018132133901, 992.1721237629223, 214.26134616568734"
941,"100.12875341698782, 2704.8302843107826, 741.7277370775696, 2081.173218613511, 444.10338150959115, 973.9988805632183, 81.06838938394755"
942,"75.10615845798786, 101.80601865134417, 387.49789755262833, 596.9040537532176, 715.2964165129633, 1011.389923549905, 99.81295001793964"
943,"1614.6381141702666, 295.42797325561247, 97.66372888690734, 107.35870237059319, 672.1433797588006, 2615.4968065047747, 287.4051887348667"
944,"2477.8103177111043, 250.45629779728736, 671.3218379809027, 282.9610179824874, 2770.5966990880356, 1105.6831807497745, 368.4864005196111"
945,"567.8264802958831, 183.2659812798999, 116.3870454915985, 298.0405702637348, 1146.0576326488294, 183.10426325287213, 182.18113555636006"
946,"964.551271315683, 485.91933714022605, 635.2976615748755, 1002.5066220269441, 299.66056832984634, 926.7089247002217, 143.01274843656273"
947,"2153.0666709754482, 924.109115494274, 247.17385103661073, 908.1048586758546, 435.262742029095, 197.17293376834985, 307.631147061064"
948,"853.0179851267746, 188.6372572813116, 555.5407705994846, 268.33684911453037, 314.56660172319454, 368.92908728518063, 296.0955286315495"
949,"297.2428490235576, 484.6708454660112, 2780.3899452467085, 1045.1989653344208, 363.56026599079854, 634.198234090054, 603.5744125771695"
950,"3930.8131212637463, 182.87792167015294, 798.1961030565061, 837.8458387718566, 695.9778567038262, 1241.2566189134293, 145.17625134538582"
951,"1131.4003698766428, 91.93597024332902, 1445.386500874144, 366.7624276471261, 451.52957031703306, 145.59607156742925, 114.93078366909795"
952,"334.8395771615765, 1669.1462071652968, 1184.7610941291375, 77.48455418871893, 640.4232915385732, 352.8130188499191, 300.8797447102079"
953,"293.9422061993356, 145.34250919992246, 161.20569790815193, 1638.5429457597804, 230.34923225743404, 1758.5160477787701, 430.002634416741"
954,"148.98750548593105, 2218.940987188914, 406.55977801015933, 590.700305234091, 311.5245695916147, 663.2365160636022, 235.68242252367173"
955,"2532.8125435583474, 561.1044910312274, 340.882928398168, 286.50972833542164, 152.07164721210617, 377.04995095352524, 221.59887828947518"
956,"337.43128530583954, 3556.295639951819, 411.80616775470577, 436.57534201927734, 734.0505125838814, 237.62441261299745, 326.73165156755397"
957,"345.1324916275323, 1463.5076863217023, 4373.964020567772, 366.34375040549116, 298.2631501464879, 234.84534167427702, 548.1112533718847"
958,"435.4823836269674, 358.5560258557427, 415.2987763912157, 568.2795048667133, 383.40864563492335, 733.8089737453087, 421.48889868630147"
959,"729.920058679504, 239.0720926478945, 1156.7337264152927, 8043.626142768755, 226.16788893724654, 321.6761314037873, 372.8769461210459"
960,"256.3952925820341, 330.21762199395243, 519.4784227514064, 150.37089541619952, 640.1742348709829, 378.16316968181565, 473.75111079851933"
961,"808.2074346965197, 3635.3874216368235, 302.6268867431373, 615.3605538944736, 4135.87890877889, 259.4705400458651, 381.62032989954207"
962,"735.3676544456723, 62.78804383931287, 611.5896519551716, 805.3387463684124, 422.9610053160043, 677.0871388453476, 439.3086578845923"
963,"1464.0931281063822, 947.4617194728995, 559.3135189625103, 454.9764901221902, 512.2335474844797, 213.9176220344373, 2395.1690743223803"
964,"7916.133748396329, 461.929242301835, 863.7227326149145, 405.05919561639894, 48.9503681303471, 734.0414525136603, 910.4486007283613"
965,"166.3602360424774, 100.03511516318676, 1285.9846169682878, 351.7495975419448, 139.90076249537202, 1092.1054651854877, 202.08124713880193"
966,"1095.5865616895017, 346.9496278399805, 244.7640684028491, 390.066045891016, 4648.465564887125, 109.13340301462644, 74.37544200065125"
967,"350.652109095814, 97.5036935959809, 837.4865196973412, 338.15795851976, 211.32756335166886, 169.64815117501266, 1262.4192792901538"
968,"2082.722799805447, 286.0149501139696, 105.139744788932, 265.19543694902353, 696.3638582550699, 2925.4329715490358, 843.434787077239"
969,"1920.332755434734, 506.4542189027362, 308.78940531552223, 339.3284673412212, 249.92810514262808, 351.486555087609, 295.8860843590045"
970,"316.6050664810842, 168.37546246089462, 573.7059684711905, 1582.3785122997958, 2224.885314562383, 143.24095583099438, 404.99928285769136"
971,"1012.7487645413406, 1258.4237410182507, 117.59949883915925, 826.5653264383359, 204.1420115718928, 1429.890644009696, 78.04981758887116"
972,"293.2147843868448, 750.985323331649, 2710.1147621548357, 1448.2821452167673, 438.39010352147176, 889.6021451650406, 294.46065697768387"
973,"611.5225697409977, 2510.0027008356806, 519.4203981970305, 790.9489655539628, 1057.2323100401102, 95.68252868666237, 162.31072948409835"
974,"214.94282274624965, 3580.3707544023528, 1020.4247522625087, 339.10256718303503, 898.3174753690948, 77.49980078369433, 4375.159401112275"
975,"820.4515370641452, 180.96010681616775, 280.2019099035284, 653.2433048572655, 148.81020006099772, 660.2653242461143, 1204.2624848502871"
976,"603.3918683041592, 881.3282009699491, 1023.9690981800475, 1364.747391753468, 864.6051050260899, 348.6770523580741, 1482.8419819247056"
977,"554.1542115283017, 392.99941905640276, 820.7870607189394, 132.20982678217842, 183.5495971843086, 356.27360206533723, 2884.2799883847065"
978,"449.8250582044458, 431.5564581120761, 4004.702676188156, 711.9503732878277, 263.14413121676114, 171.30302715172408, 384.7069044291053"
979,"730.5738530180304, 1036.4491950497932, 1391.70243002036, 79.09710145324946, 265.44932622549493, 145.37477847689343, 80.40877405436281"
980,"400.06865469183384, 278.84510432894854, 539.7723835067819, 1480.007439993216, 239.3340788315031, 91.38517912993781, 384.1885658587592"
981,"1150.9098708906504, 3008.722117997058, 264.17023976154996, 1747.2068435604974, 1621.7471995990438, 302.6314602785375, 725.7418367457032"
982,"2759.86403313685, 227.62583614854788, 2369.732435941277, 72.17748623899507, 484.1332119494519, 4157.920086778787, 186.26148828575862"
983,"854.6865996371181, 540.5401916925059, 1679.979201062346, 731.5848256803662, 1072.9502650694037, 1496.0942300070146, 660.8170563837564"
984,"333.8619918746117, 1727.8620353893311, 1724.3274899421194, 105.98056585047048, 149.05362793934808, 133.4469008976435, 502.9097825405054"
985,"568.6629299857765, 184.6137125357372, 630.9672922275333, 695.9858004213766, 278.71953660194805, 1029.7138342609271, 49.995551239927075"
986,"180.03673626303467, 430.9131447238307, 167.05861225129817, 538.3286693972758, 2954.5771832750243, 481.59456402893693, 195.45733231109548"
987,"4968.589341535423, 672.6410076600192, 1403.95913884307, 1365.366620113714, 425.04630273462794, 904.4663134717141, 309.809004988458"
988,"1404.2959520558952, 204.82176225596606, 243.9912092108138, 443.3888666610158, 1479.1915969754011, 254.9088030047073, 126.0666449752646"
989,"364.0076737160434, 401.3711003071165, 919.7882600527939, 340.90867649058356, 7048.344575386243, 236.35060926688163, 259.4137854829164"
990,"6906.048436408719, 178.5780743713384, 275.0930143031701, 517.0922072477204, 409.8361494481009, 204.99115299752074, 397.3511118410159"
991,"5985.597951143092, 243.2431774515331, 770.0896634967144, 182.50755246509866, 1315.0696203416242, 81.34904341842268, 234.27620367324053"
992,"176.4109273792106, 202.23506403910625, 467.21539620395714, 229.1856277433726, 333.5127529844659, 1030.321588359655, 346.83062964319646"
993,"1929.7487769884792, 3316.984050721415, 338.8959604756969, 634.4938905498547, 84.94711573580773, 592.0194837269532, 819.5166554190038"
994,"525.4986313576815, 265.1481864546369, 185.99004777513807, 1180.0133969063327, 315.3304342980035, 190.87282903076851, 397.54778177918604"
995,"945.7031602740376, 5265.463878664655, 569.055336147335, 338.7899365905862, 457.2604646823328, 113.78404308308642, 117.32664151429438"
996,"2329.7853236421483, 714.6074655264475, 275.3398550433907, 163.04101571708523, 875.4083874028578, 2290.5643983261816, 1054.3668429322138"
997,"964.7256149567534, 133.76474916431067, 566.6792256381584, 1264.069947071299, 960.4927738778475, 325.44341881558535, 581.2487971106266"
998,"1359.7570411260708, 2262.782566907613, 1280.8918779649712, 3770.9617375703897, 402.2209508258377, 194.47898007069037, 689.7496043167453"
999,"211.99405359123597, 470.34698157028686, 748.4015582331513, 3039.0635115391024, 958.9896493804576, 362.4335460962074, 318.3059874711896"
1000,"1148.3570409842473, 728.2534371818222, 496.3638497921946, -1, -1, -1, -1"
1001,"204.3597177490916, 640.4445727665353, 160.78409003156455, -1, -1, -1, -1"
1002,"900.988991382982, 433.360372848578, 191.4060269238602, -1, -1, -1, -1"
1003,"849.3214183854326, 386.86031525130693, 3225.8932273036103, -1, -1, -1, -1"
1004,"2172.504661267209, 300.9887722801776, 2696.3944274265327, -1, -1, -1, -1"
1005,"2140.1337185157086, 249.26432459023442, 369.0110270666306, -1, -1, -1, -1"
1006,"3342.7917626266926, 695.6834635156506, 262.7036015063492, -1, -1, -1, -1"
1007,"858.9801116024871, 1000.1512438493077, 68.33955045110437, -1, -1, -1, -1"
1008,"502.0164754467993, 2048.732862358952, 1513.0444875654214, -1, -1, -1, -1"
1009,"521.9130371046067, 2191.891153994388, 1038.1410452355958, -1, -1, -1, -1"
1010,"534.8431131770442, 150.85269682445127, 1895.8987122103094, -1, -1, -1, -1"
1011,"834.9090721495693, 1325.7136685283856, 977.3739429582747, -1, -1, -1, -1"
1012,"301.8994519864515, 126.58856290990528, 754.6830381020978, -1, -1, -1, -1"
1013,"1497.923776052104, 91.57724179319891, 152.2346334188809, -1, -1, -1, -1"
1014,"193.77976728139274, 721.6212136265387, 622.0066919987437, -1, -1, -1, -1"
1015,"1439.8520684734845, 551.0816722084023, 626.2337269253471, -1, -1, -1, -1"
1016,"4107.944848205841, 152.25122069308458, 590.7639363731813, -1, -1, -1, -1"
1017,"875.3978431278431, 303.902942600204, 284.0821145242197, -1, -1, -1, -1"
1018,"1460.6939318489108, 3504.157784929341, 342.068507903707, -1, -1, -1, -1"
1019,"146.98939770400506, 551.0427312297195, 245.4694880272266, -1, -1, -1, -1"
1020,"445.3620473673716, 2353.847304934883, 2950.769648214861, -1, -1, -1, -1"
1021,"1500.3684524377843, 54.95959590380749, 6206.650789625965, -1, -1, -1, -1"
1022,"175.0557427432004, 98.93696792674476, 1201.0377195395606, -1, -1, -1, -1"
1023,"1147.249743905165, 4039.6967612114768, 485.68337036953267, -1, -1, -1, -1"
1024,"82.18545083671297, 162.76897195306913, 200.72118261577177, -1, -1, -1, -1"
1025,"763.0262424083991, 568.5508690771569, 291.7205077955815, -1, -1, -1, -1"
1026,"1305.2692818021756, 1458.8255486790588, 2875.810463592364, -1, -1, -1, -1"
1027,"293.3393727979106, 492.6331791975258, 888.9341644369457, -1, -1, -1, -1"
1028,"818.2304026126144, 565.3995892897013, 760.4205462622111, -1, -1, -1, -1"
1029,"683.4161006386685, 1413.6879377443074, 942.0768157319285, -1, -1, -1, -1"
1030,"778.9978003117315, 667.3071048231768, 1292.7688971460525, -1, -1, -1, -1"
1031,"1142.70455122331, 854.6058726947683, 197.23959296554182, -1, -1, -1, -1"
1032,"701.3860110104586, 952.7598701094188, 3572.104527689761, -1, -1, -1, -1"
1033,"2104.233628549323, 187.78807255869182, 6534.214938152682, -1, -1, -1, -1"
1034,"984.6936295486031, 2542.3728592142043, 335.28499224356, -1, -1, -1, -1"
1035,"672.2562589588963, 375.7896025451124, 316.2981418247985, -1, -1, -1, -1"
1036,"2358.4442234567405, 205.43099851400072, 465.75259235831624, -1, -1, -1, -1"
1037,"1218.1444949148581, 1483.6642600823725, 354.9875409022576, -1, -1, -1, -1"
1038,"781.0949243962896, 1448.221419985785, 947.2003780764674, -1, -1, -1, -1"
1039,"207.10058234090994, 1505.4997172173998, 260.0425766712076, -1, -1, -1, -1"
1040,"1193.9324704544642, 1004.2129435435673, 2876.47189532834, -1, -1, -1, -1"
1041,"281.3213821334019, 179.40259686128516, 180.98299105384078, -1, -1, -1, -1"
1042,"777.6605633659779, 271.18788319512987, 3155.2419208085753, -1, -1, -1, -1"
1043,"544.2849925942054, 3847.5546109259135, 228.0645962645494, -1, -1, -1, -1"
1044,"244.35466624820225, 514.425610172576, 2065.5515440406275, -1, -1, -1, -1"
1045,"1305.753851215118, 677.8593756019171, 282.2254475163302, -1, -1, -1, -1"
1046,"542.4174791900133, 478.6285446352574, 291.9755056907431, -1, -1, -1, -1"
1047,"2419.405633321595, 2387.594346673485, 626.2261132542709, -1, -1, -1, -1"
1048,"128.23271009767197, 202.56654994531542, 5288.841985622298, -1, -1, -1, -1"
1049,"709.6213320886286, 245.6031652163179, 1227.1677360510557, -1, -1, -1, -1"
1050,"10103.51741612048, 152.93873282702515, 170.2048540845438, -1, -1, -1, -1"
1051,"1273.889982527146, 162.64849466133361, 339.12278862568985, -1, -1, -1, -1"
1052,"701.3165279600257, 1645.0397228144864, 140.10770106024336, -1, -1, -1, -1"
1053,"6964.425546506339, 2245.165218288828, 227.749369246777, -1, -1, -1, -1"
1054,"745.8824257628139, 444.48528233305524, 117.28804219877054, -1, -1, -1, -1"
1055,"2120.618499935615, 901.8041651774513, 144.36762462010248, -1, -1, -1, -1"
1056,"448.1122964605294, 470.934244787662, 652.8005406970392, -1, -1, -1, -1"
1057,"1294.4375935684793, 85.08710472753569, 316.23073380146536, -1, -1, -1, -1"
1058,"528.6423205081599, 6676.252598686409, 331.5442643413224, -1, -1, -1, -1"
1059,"453.50148140479075, 139.99086299349668, 729.2584349966764, -1, -1, -1, -1"
1060,"967.6619084661135, 158.82223775458124, 845.8287907303945, -1, -1, -1, -1"
1061,"751.1539648940733, 1596.069966588201, 399.00791097812674, -1, -1, -1, -1"
1062,"2896.848924091645, 270.3438648002752, 370.62876098974243, -1, -1, -1, -1"
1063,"1081.990758921437, 409.334803205088, 347.1206553247351, -1, -1, -1, -1"
1064,"517.882803520456, 394.27640122525617, 498.6771283346712, -1, -1, -1, -1"
1065,"402.6568230478642, 380.61404636273505, 243.37494892484344, -1, -1, -1, -1"
1066,"1145.2730266779547, 1819.942189878811, 501.21864875170326, -1, -1, -1, -1"
1067,"862.414845772304, 1045.4149136343035, 205.4558334397226, -1, -1, -1, -1"
1068,"467.94641482654976, 374.19194640983756, 1042.3068722399337, -1, -1, -1, -1"
1069,"822.0233436867546, 1676.899602826928, 812.0215059049207, -1, -1, -1, -1"
1070,"183.39887655788797, 478.3707311386871, 546.6299978308705, -1, -1, -1, -1"
1071,"426.6329661916932, 632.2239241449606, 517.3557441802828, -1, -1, -1, -1"
1072,"125.32469029636141, 404.7310036025982, 514.9646067725192, -1, -1, -1, -1"
1073,"1252.7479688660098, 555.7624809775477, 173.74378767796674, -1, -1, -1, -1"
1074,"176.68190717353025, 664.4973120661491, 745.3453153647044, -1, -1, -1, -1"
1075,"422.9043310390757, 99.19610084298708, 813.3984489649038, -1, -1, -1, -1"
1076,"1962.502784992932, 390.0964542630551, 2493.0135557567387, -1, -1, -1, -1"
1077,"780.7401399597701, 598.9696534434726, 377.71364600922243, -1, -1, -1, -1"
1078,"3104.878369977222, 964.3190173147315, 110.65624652672236, -1, -1, -1, -1"
1079,"641.2022557267858, 723.7196989199765, 1090.593355258573, -1, -1, -1, -1"
1080,"55.42084126247363, 6213.347921888603, 974.4741883971914, -1, -1, -1, -1"
1081,"1907.8199294515516, 1948.8634534085986, 414.8401527769281, -1, -1, -1, -1"
1082,"197.55485445038346, 400.63586489194785, 104.00854898148407, -1, -1, -1, -1"
1083,"4917.066444052867, 86.51192807734463, 621.9384707949378, -1, -1, -1, -1"
1084,"558.1123169472281, 2854.382699085313, 2810.8366896410575, -1, -1, -1, -1"
1085,"211.06792630801328, 395.81500669470023, 4886.271411712601, -1, -1, -1, -1"
1086,"3036.5566607339038, 668.3592701207579, 570.1328850146363, -1, -1, -1, -1"
1087,"964.6205268331024, 1728.271191177348, 299.29820822783745, -1, -1, -1, -1"
1088,"3768.318009701532, 1090.1823748818713, 397.7746698896445, -1, -1, -1, -1"
1089,"714.0482536549711, 873.9071573169389, 908.5143889199298, -1, -1, -1, -1"
1090,"5248.8145457907785, 254.8086133658087, 129.744356626823, -1, -1, -1, -1"
1091,"4330.84958374887, 294.5641482260155, 513.0876780312004, -1, -1, -1, -1"
1092,"360.71348709274037, 291.69759948709395, 884.6938491549397, -1, -1, -1, -1"
1093,"187.86059723308645, 214.57652764530903, 364.62387917378413, -1, -1, -1, -1"
1094,"398.03014219343424, 327.48739990311543, 164.72092510563675, -1, -1, -1, -1"
1095,"1802.3173760795003, 390.86967663256405, 433.3626948617374, -1, -1, -1, -1"
1096,"215.3329161388851, 1416.9670895421589, 118.56594543224372, -1, -1, -1, -1"
1097,"222.7902021605227, 590.8186835719509, 667.6392482793153, -1, -1, -1, -1"
1098,"385.78084166041157, 589.8217234270124, 114.20293532977331, -1, -1, -1, -1"
1099,"746.3463344165572, 147.2892135144231, 536.7090083264462, -1, -1, -1, -1"
1100,"1874.8167203239163, 1221.8335560601374, 221.89292652679626, 691.0521107404043, -1, -1, -1"
1101,"1899.341517152391, 1374.35126618975, 365.7324187979325, 167.34164147357262, -1, -1, -1"
1102,"304.39918218599547, 652.9516237892221, 1381.3115355345383, 1144.2003876644555, -1, -1, -1"
1103,"1519.6188148754773, 491.7590990935989, 1012.585931687024, 620.0261957567952, -1, -1, -1"
1104,"260.26008660759817, 502.2077738640131, 76.0828821700866, 2510.550465634376, -1, -1, -1"
1105,"193.91351063988157, 2954.4486608066263, 3440.629097549285, 1251.8959727633983, -1, -1, -1"
1106,"301.3938114897153, 603.9751173338681, 344.18859753276337, 815.8326638136236, -1, -1, -1"
1107,"283.3316772785728, 519.3970012028096, 773.3156465894299, 719.4314019808504, -1, -1, -1"
1108,"1908.1141940738307, 6930.5592915173565, 423.40705177991674, 939.9293961198703, -1, -1, -1"
1109,"8173.92318666792, 503.42242245312275, 111.68885310478032, 397.26702702045554, -1, -1, -1"
1110,"1658.303056304146, 449.41320301260225, 823.4846147111971, 269.21387611806233, -1, -1, -1"
1111,"3108.3529699598726, 118.28506931992592, 628.3625873007429, 299.71688471951626, -1, -1, -1"
1112,"2292.3343187369373, 121.07536981512136, 1601.0197299016245, 706.7808485140755, -1, -1, -1"
1113,"779.6794065387267, 2596.055528310117, 354.4054007580743, 367.58805136025035, -1, -1, -1"
1114,"868.6958748658903, 349.42121021605175, 857.3538743646295, 558.7793382207553, -1, -1, -1"
1115,"10130.337197064333, 1048.9261796394376, 1294.3737316231661, 832.717845258787, -1, -1, -1"
1116,"142.051718922972, 241.59635596450553, 1033.308019566954, 175.28185552321764, -1, -1, -1"
1117,"2278.503092525962, 1751.4370355739682, 219.66946791517924, 481.4101287200382, -1, -1, -1"
1118,"3111.3015114762406, 179.62926898073573, 209.53549165240557, 117.77495721084213, -1, -1, -1"
1119,"788.0622339038291, 204.8554344427571, 1058.7977593273433, 151.87238780251593, -1, -1, -1"
1120,"141.30611221005435, 1103.3755305015723, 3976.707806123447, 720.3453484846791, -1, -1, -1"
1121,"2960.7342491512836, 1745.501141641275, 294.70515867866607, 941.5861865987501, -1, -1, -1"
1122,"941.1682932042307, 410.3764182396243, 308.87626392354235, 462.5309714156637, -1, -1, -1"
1123,"4217.622914010989, 1027.5747251489088, 1201.8350317747067, 131.2960192399832, -1, -1, -1"
1124,"344.3451454039691, 573.444460529898, 3084.969861516782, 3471.9522034670376, -1, -1, -1"
1125,"2772.7341438868184, 1179.7640919782625, 1443.428587402336, 573.8805377059449, -1, -1, -1"
1126,"6993.574474224955, 382.05215918559685, 1597.5766351412317, 865.680797130086, -1, -1, -1"
1127,"4926.356399835786, 453.89647525281185, 382.2429590131786, 220.20434953521783, -1, -1, -1"
1128,"1299.0133285290112, 1035.4890139416145, 1036.4176615578424, 1280.4507421461753, -1, -1, -1"
1129,"2913.3472495583765, 129.37037525404457, 797.0630556608133, 1026.5047599494937, -1, -1, -1"
1130,"5455.210807767649, 532.1874047211294, 2258.4087052149707, 408.4123355026363, -1, -1, -1"
1131,"294.7666509096175, 1284.782950133062, 1037.6666899714646, 877.2051477329708, -1, -1, -1"
1132,"754.1011656659919, 434.60604327692397, 840.7298803669783, 541.9510677598794, -1, -1, -1"
1133,"231.2569518823965, 172.46197908925893, 5407.083251006811, 326.7590728245224, -1, -1, -1"
1134,"288.5837914557642, 148.13196294942844, 391.7900285196205, 8918.953360238287, -1, -1, -1"
1135,"243.7216475919069, 855.2785342371831, 120.67064394248078, 328.62008935798576, -1, -1, -1"
1136,"474.2982791893646, 1812.3531091001578, 1194.5134060207415, 389.42162136783713, -1, -1, -1"
1137,"3744.6521913283473, 68.42382045567939, 485.66915687039483, 1511.4574432469824, -1, -1, -1"
1138,"55.225410603587335, 454.24202329941863, 780.4268668132959, 427.4894182857065, -1, -1, -1"
1139,"369.86770877704214, 267.5562467961386, 562.1852828533855, 382.6351362174717, -1, -1, -1"
1140,"818.4545336471936, 534.3955230119365, 3084.095449227935, 197.3835214741395, -1, -1, -1"
1141,"815.6985926516398, 124.74223532897766, 271.2271898078663, 914.6736309893986, -1, -1, -1"
1142,"823.7711726179685, 1967.3746385584386, 175.4447583398492, 1446.492485969457, -1, -1, -1"
1143,"1615.6183593226122, 121.32557910874314, 378.8623198750008, 1643.9834658521897, -1, -1, -1"
1144,"324.8046986243646, 779.1322767065288, 133.14344745239032, 803.4947606713793, -1, -1, -1"
1145,"244.67696389260732, 1326.9197175322427, 744.8972788649062, 1676.8044901706187, -1, -1, -1"
1146,"85.22919237787636, 1018.8719450714628, 1883.514493422499, 274.87835318299, -1, -1, -1"
1147,"2609.9608807862633, 332.32426852502, 1150.0522399203053, 629.6539915751622, -1, -1, -1"
1148,"901.3164431226759, 972.4593301907572, 846.5853587631336, 1106.2495364365345, -1, -1, -1"
1149,"1036.2074946810844, 3796.4484098920825, 228.43432448181892, 240.5388599412065, -1, -1, -1"
1150,"126.48631287841734, 243.45255852787454, 929.08695505185, 885.4664586094613, -1, -1, -1"
1151,"965.1776793500424, 149.94230569001846, 408.85941171893785, 84.57269990913201, -1, -1, -1"
1152,"340.3387773281863, 1594.246180924176, 762.0184422532379, 409.80377581129426, -1, -1, -1"
1153,"341.489435819682, 1314.3989670310136, 6267.545128937035, 52.21444808716647, -1, -1, -1"
1154,"2359.7691750613344, 170.6709158149029, 127.42454685758469, 753.3327771607675, -1, -1, -1"
1155,"3321.064304062587, 3081.376890757382, 218.3681912299191, 1022.0593418771994, -1, -1, -1"
1156,"520.2133477001704, 221.0759004420086, 358.8502764306967, 403.1747867751525, -1, -1, -1"
1157,"320.9900482773009, 237.0852338984013, 649.7562805884073, 892.3755472584764, -1, -1, -1"
1158,"1361.9026267487948, 871.7091938793117, 366.9593636254494, 315.8128905892921, -1, -1, -1"
1159,"6177.947630349212, 1943.678617036603, 202.333811038683, 303.19982596832483, -1, -1, -1"
1160,"622.2884208918051, 1292.7002070469557, 140.55404757906646, 626.2965421270544, -1, -1, -1"
1161,"707.3196288489161, 4203.4492301624505, 573.7660023662817, 148.76380682727654, -1, -1, -1"
1162,"1163.3546405611532, 741.7826814239974, 133.24623773123366, 889.6265790512443, -1, -1, -1"
1163,"1391.7852287293344, 378.0557112065545, 447.094001750068, 726.0531745318297, -1, -1, -1"
1164,"1701.1858861729438, 222.28304687882843, 757.951489201613, 1292.4206100325005, -1, -1, -1"
1165,"8774.433095919187, 836.5405108177414, 180.28052495041152, 1208.7456737109978, -1, -1, -1"
1166,"197.1473710389336, 1434.177253033176, 2155.33211598922, 429.89034832598816, -1, -1, -1"
1167,"10094.144584912188, 214.50360586878253, 453.6249969794006, 344.50952292810996, -1, -1, -1"
1168,"1575.4113721066076, 2297.9734164415313, 471.92170918840645, 231.5949061688763, -1, -1, -1"
1169,"792.6926417180323, 409.4275310541384, 154.39996202162595, 217.28112019423764, -1, -1, -1"
1170,"1147.6448997434834, 559.9253979461032, 381.0374418487945, 1008.9309640731874, -1, -1, -1"
1171,"485.6803782125154, 1340.031576668288, 504.9922794634721, 1690.014700274006, -1, -1, -1"
1172,"497.3756113582294, 470.4029383555244, 1249.6857657046087, 2430.5240273420113, -1, -1, -1"
1173,"1384.1283625954031, 713.86101836442, 662.1262214008153, 1348.9949332466745, -1, -1, -1"
1174,"2205.0027255606565, 424.4370680688312, 105.79655598322411, 1409.5495431068694, -1, -1, -1"
1175,"1025.9727015605215, 181.6040348042418, 4159.871618290488, 115.61879710160773, -1, -1, -1"
1176,"4695.487946276602, 538.4902890690688, 70.33297714163939, 640.1296593102301, -1, -1, -1"
1177,"901.5758064909108, 819.176830246626, 1116.726009443839, 112.99315286397399, -1, -1, -1"
1178,"1531.0467364146834, 637.2593025392262, 322.97654835739803, 56.85807254700873, -1, -1, -1"
1179,"1476.3786829081478, 181.38628664843895, 1355.2214518558674, 159.01236614298858, -1, -1, -1"
1180,"1687.88039381607, 1109.3159914245948, 3819.551578921575, 1083.9107867324828, -1, -1, -1"
1181,"386.776578195447, 949.6136796574474, 1973.3773275045576, 148.51538873598528, -1, -1, -1"
1182,"284.7108777310664, 6241.781775865989, 1593.0322761583773, 2658.9992852852974, -1, -1, -1"
1183,"97.29997339215947, 3238.2549425521206, 171.06475385644725, 518.7885288936881, -1, -1, -1"
1184,"830.9609631423994, 274.7642018463248, 2888.4044319644736, 1181.0673055382695, -1, -1, -1"
1185,"3394.3254265816386, 124.76672309863673, 1063.3714559734099, 74.96641837091272, -1, -1, -1"
1186,"270.1858153878861, 2023.6524775273297, 954.9540852701373, 316.31307772435366, -1, -1, -1"
1187,"140.96405348711315, 1373.3078644222367, 426.69064954752434, 683.5223464646504, -1, -1, -1"
1188,"429.8361011657631, 864.2501578779597, 717.1500538298668, 4278.899016383562, -1, -1, -1"
1189,"3847.1223126820464, 678.3226239446495, 279.4752715797045, 1048.7114706068405, -1, -1, -1"
1190,"8794.314524286492, 236.14755204874885, 407.60799726188105, 640.4091351693307, -1, -1, -1"
1191,"1001.8274174816518, 150.11773931132996, 1044.9156215078485, 356.69677533136667, -1, -1, -1"
1192,"2309.5699881037976, 1847.4282052908247, 1501.9593510819996, 865.5066719000654, -1, -1, -1"
1193,"907.2649274752598, 58.96018626550447, 662.0421809521471, 1121.5978769729081, -1, -1, -1"
1194,"563.3833966535815, 2187.3313690377904, 790.8291481727001, 196.7855856587828, -1, -1, -1"
1195,"269.4149057053584, 88.74969211435896, 1259.2183799005259, 1043.410508649302, -1, -1, -1"
1196,"4056.333311341995, 530.0332962571397, 1440.4540629488583, 1556.181367462952, -1, -1, -1"
1197,"227.84940629629048, 483.7353107313776, 353.9714493207764, 444.8908656525311, -1, -1, -1"
1198,"4921.027356011477, 1183.2897636126495, 754.6882282240356, 664.3454643169666, -1, -1, -1"
1199,"4157.126406332871, 5013.761480339548, 72.35053556191355, 833.9851558464288, -1, -1, -1"
1200,"1473.5931395696566, 584.9842674830297, 617.2749094524826, 128.95880750627913, 367.351977291616, -1, -1"
1201,"5446.578085062855, 1161.746076037361, 2602.992868654918, 281.9855887804848, 58.68868349664315, -1, -1"
1202,"2807.902144077612, 191.1779575224176, 105.90494626890765, 242.2528308620665, 7520.8308656714635, -1, -1"
1203,"3646.70564491381, 693.8568861489966, 464.4599579210056, 738.3619131715936, 1128.5555283234025, -1, -1"
1204,"835.2962573190434, 372.3611505107052, 114.80427770439998, 1720.9221613803668, 5571.079908650085, -1, -1"
1205,"627.0787770755521, 289.3570197541151, 296.5522736697483, 279.1091872617204, 106.05542081930409, -1, -1"
1206,"151.19159243622488, 436.3799951372663, 715.068008584225, 1942.8267994533533, 445.44910217025847, -1, -1"
1207,"763.9944235451242, 2110.2994428001284, 3394.69395831258, 228.82044888885048, 125.73277197324686, -1, -1"
1208,"2793.1834298086333, 874.4329167199326, 344.27975348301817, 751.4955527464208, 2680.1012574203332, -1, -1"
1209,"661.0298159954287, 525.3567667824651, 337.89270692567516, 1178.0431046418987, 380.2364981433305, -1, -1"
1210,"1231.0731410801122, 225.5802921264879, 2382.7579052527994, 1480.6203123001712, 240.43479676410226, -1, -1"
1211,"186.2709860347298, 774.9602306405118, 302.3446123940378, 673.9433681064243, 649.0056895034295, -1, -1"
1212,"542.5846023991103, 704.5383928025859, 306.142468510379, 594.10029188902, 780.4856855171661, -1, -1"
1213,"1862.1967724647502, 147.60765546896562, 3482.6052403776594, 250.03136410229402, 545.2591737766951, -1, -1"
1214,"1579.369320706478, 225.3460907369781, 413.80969175407677, 715.2166469669606, 1015.8919087592116, -1, -1"
1215,"1584.5622347009423, 427.62303191171355, 1654.7932761518712, 402.1707439390918, 1790.3194040466428, -1, -1"
1216,"325.42384514883344, 353.86605977112146, 138.97482281182994, 390.84564735784375, 258.5708793293014, -1, -1"
1217,"885.5924182038839, 168.28531641346592, 368.29227035966073, 1454.7161393313645, 1186.7142352821788, -1, -1"
1218,"239.74030834785498, 597.7575473536812, 481.0318517426796, 312.79969116662323, 326.6417874727573, -1, -1"
1219,"573.8310551101787, 614.2184400882625, 1054.7771019739118, 1023.3872546024052, 254.21679515020696, -1, -1"
1220,"339.12109132608646, 9527.820214696712, 2064.4710272147872, 468.7472160020431, 186.0076848326011, -1, -1"
1221,"293.90223077304364, 1231.0898607501185, 381.57773502126355, 368.13744205907074, 1227.9433482074219, -1, -1"
1222,"1074.067923013803, 676.4160271452258, 332.1440876369986, 2159.4658052929917, 162.34891095277027, -1, -1"
1223,"508.59346895745506, 9306.767140537637, 2718.280466398477, 294.7811838441387, 231.1278825000082, -1, -1"
1224,"8721.02036152981, 542.9711967373579, 345.4010103764805, 354.0995143927086, 263.35338919789876, -1, -1"
1225,"150.26628556885743, 439.7660811723139, 567.8374380494721, 272.2539882909078, 1986.0596548990534, -1, -1"
1226,"1769.7822560741938, 179.7035053327414, 110.42523475538982, 317.18158400572065, 378.57688497095245, -1, -1"
1227,"1177.5689011614427, 748.1452411550935, 796.560949587932, 368.9474130967129, 219.73226556226325, -1, -1"
1228,"7620.146765365442, 2249.543882303492, 704.122280779291, 323.9110052833866, 626.7811384873468, -1, -1"
1229,"2827.8535487054796, 1469.842415520232, 1258.6589161941881, 532.094944055605, 1207.5713839239927, -1, -1"
1230,"732.7262575868821, 731.1096592808127, 1339.272319848219, 196.54396655192937, 653.2720216805576, -1, -1"
1231,"1483.5601469640833, 453.6405784504367, 395.8953630912968, 1522.0846310280401, 587.6097152651245, -1, -1"
1232,"599.7325131482711, 1444.5724712362717, 788.5605166882846, 338.3969182844824, 724.773158076117, -1, -1"
1233,"2839.077987817576, 2133.021780982881, 392.7737551496873, 202.92719432410445, 158.5188570377494, -1, -1"
1234,"332.9739595805892, 946.3751037891312, 1059.0690585131572, 2013.0215602199037, 465.8843502307461, -1, -1"
1235,"1157.0053992305986, 1579.2551315659925, 524.2149071088161, 1285.4006351008468, 68.38907693086287, -1, -1"
1236,"131.4347252375813, 1245.2577986203887, 136.32161438464883, 564.6662347141515, 762.4406596320183, -1, -1"
1237,"872.4834613878586, 501.0922157749302, 6415.1795081472765, 664.468407253361, 1050.416593629106, -1, -1"
1238,"709.8993586194748, 675.5109416522606, 1560.28832990499, 444.9106820259881, 183.23959227935143, -1, -1"
1239,"1292.0212918483926, 228.2203491233917, 862.6304541878412, 382.7299365277041, 913.3368996057158, -1, -1"
1240,"791.7949529821985, 709.102047872105, 416.7755665956289, 1107.3175182819434, 736.4810820937992, -1, -1"
1241,"1529.995716767552, 573.1479000286938, 1495.1185387727733, 606.8326590667116, 316.8119438140144, -1, -1"
1242,"150.77286467643785, 656.6110555629135, 1345.7091872869541, 485.1219266235113, 913.5638571694524, -1, -1"
1243,"397.14828592923476, 773.7529225526505, 516.2318462402707, 503.72249260388963, 353.35229548953873, -1, -1"
1244,"557.4218395774917, 728.2687213457029, 1274.4299324237772, 320.08147591916645, 150.76548512209862, -1, -1"
1245,"805.7517866873951, 473.167895424065, 1572.0183569407484, 312.3362244178948, 136.49840582217894, -1, -1"
1246,"1646.184678845893, 5059.645510022944, 188.5075565030998, 130.83838336353205, 453.6192909981022, -1, -1"
1247,"3418.1133259636113, 868.7838992313666, 1753.2254747932902, 477.89669952874743, 373.64443070923954, -1, -1"
1248,"588.8071878682135, 2247.9831534304476, 247.8334202499734, 529.7709159676045, 946.6953947017289, -1, -1"
1249,"4010.823236283144, 278.1956653117503, 243.94759154208947, 395.1823906037958, 1101.18447239325, -1, -1"
1250,"1261.960662491161, 2852.708775238933, 673.5653714464559, 2271.935280417464, 1424.8972771245067, -1, -1"
1251,"358.84106649029263, 274.30366726109105, 200.81736309607606, 429.0648725734708, 345.111936577986, -1, -1"
1252,"805.3145081158807, 395.87209796246367, 1073.9656392067532, 1315.3199595862209, 886.0155350041637, -1, -1"
1253,"1527.1459672752944, 442.3153951691802, 574.1040327250073, 1208.239521806978, 817.1905413901825, -1, -1"
1254,"971.8268595661268, 282.37475024061143, 95.8157253624305, 365.2065826983087, 313.32174986987087, -1, -1"
1255,"1175.3564223355645, 191.37852239421684, 1834.9408798083873, 1050.3382339942916, 164.6810043876732, -1, -1"
1256,"430.5066034184057, 377.2372362447971, 266.8477285929363, 232.61424061801566, 361.72724483645663, -1, -1"
1257,"1669.4844595139732, 412.2952042842538, 422.8040567265802, 182.92589906139185, 423.6381293108922, -1, -1"
1258,"1316.3704650440395, 456.54979573853876, 833.3499004360701, 4392.103578640576, 779.2001928840903, -1, -1"
1259,"656.1816434767984, 818.9517598433979, 956.062757316795, 2774.9700521883206, 106.88549199206138, -1, -1"
1260,"1246.3770270464345, 39.640441943376, 2501.824472424131, 528.678004010826, 143.08852711412246, -1, -1"
1261,"1303.4242881257692, 510.7833445985704, 1278.2509193279684, 353.70936458749975, 473.98639130050833, -1, -1"
1262,"447.3603140547792, 411.15003095739337, 178.63515727936993, 430.0438466017023, 470.92714296793315, -1, -1"
1263,"111.52757803716472, 1191.1136416999054, 1782.5342837648532, 332.87295931254425, 105.15766828528491, -1, -1"
1264,"585.578912010356, 2459.6843630705043, 962.1902099949621, 551.2761769552741, 319.452960712215, -1, -1"
1265,"2891.0302095142524, 423.9625119729952, 2259.5516750441407, 880.3265697747827, 2146.702121616633, -1, -1"
1266,"215.95462815503143, 148.5728059907446, 577.9169272065757, 336.07729789579105, 1107.8927600530214, -1, -1"
1267,"866.84728366691, 1399.5233663459715, 632.4121707390013, 825.3206509843143, 81.1289297935207, -1, -1"
1268,"635.3798189324084, 1297.1134359055707, 447.3984543471381, 951.6971009939728, 217.5111356824317, -1, -1"
1269,"158.31152258877626, 1573.9605087351858, 379.3711159190623, 541.6790289127575, 312.4989914285171, -1, -1"
1270,"15738.856619892635, 83.43982515569792, 112.49110860616531, 1694.7716379491508, 366.06140521518535, -1, -1"
1271,"205.88609534212927, 65.95374535394583, 1012.5341669119307, 358.5724199198394, 598.0394877547251, -1, -1"
1272,"267.11843364488686, 293.45754922066857, 97.47846696192278, 5754.231840618312, 595.3320882591856, -1, -1"
1273,"441.37519204393556, 6840.119633566727, 205.1833659444567, 273.9761840323721, 327.9300119514082, -1, -1"
1274,"839.660507210013, 162.68077791695492, 294.01154359988595, 982.6621638480793, 942.1377732793771, -1, -1"
1275,"1820.4878858006596, 1507.882811615801, 5230.179982927356, 920.74953354015, 173.24254723435882, -1, -1"
1276,"204.70160228226626, 808.5123887443302, 1720.5132270226077, 681.54936033234, 1996.3353193432322, -1, -1"
1277,"429.4304338388516, 3908.2809898204905, 4195.407979230881, 756.4486649560691, 616.5468067013777, -1, -1"
1278,"1874.2963152458788, 150.39488798666696, 386.9915483699459, 90.64223013982897, 323.76985191783064, -1, -1"
1279,"6128.292316844613, 1514.794148712699, 917.8595623192891, 299.11342492099067, 255.6426045998898, -1, -1"
1280,"338.2055021949998, 328.1105354927184, 106.87367012258382, 698.5250930069284, 498.021810652995, -1, -1"
1281,"431.617855116292, 362.2364849251923, 1769.5523463928973, 452.75646177893077, 1716.5058310800641, -1, -1"
1282,"704.9392201962733, 1650.5848338977828, 243.4334184957467, 1686.6572611412448, 1679.1998181128336, -1, -1"
1283,"900.9041168439193, 452.782688227887, 1522.9902756548286, 4544.349538185358, 272.520263271738, -1, -1"
1284,"213.60619099142363, 598.495729641188, 958.6195126334254, 283.44655310588064, 743.7787284133727, -1, -1"
1285,"1536.0790239631367, 198.81461372859957, 59.23466308705812, 345.0890597868556, 88.28545295801966, -1, -1"
1286,"552.3017939791869, 1390.1559970247704, 351.35118331499484, 874.1910330783194, 932.058439285993, -1, -1"
1287,"3353.2412032868674, 149.3161081565837, 2403.6790416000326, 1942.3464081724264, 187.73919654303108, -1, -1"
1288,"270.51343816856183, 333.33519045779656, 968.5043651810455, 531.2366806752576, 2265.9150526975454, -1, -1"
1289,"294.95037843521396, 296.82261731981407, 1836.0028548558744, 186.56272822738998, 732.8756663126593, -1, -1"
1290,"595.9536881053812, 5801.732146868002, 324.353165801781, 257.95859912195897, 200.49827676769644, -1, -1"
1291,"1601.8216685647603, 516.1004153962219, 903.2169591322972, 763.0189487903468, 2107.89435198495, -1, -1"
1292,"2236.094040369358, 165.85332371578403, 606.6094660364517, 783.4186525271875, 3133.9652470479914, -1, -1"
1293,"1457.7477034740702, 243.91788827535203, 530.6595114437483, 294.1300914330868, 234.81015901451127, -1, -1"
1294,"444.71898046535455, 1718.5280280129837, 248.0229009618788, 4819.054041348345, 1194.1218259567909, -1, -1"
1295,"804.6586766400181, 688.8284892838553, 261.2050921534183, 700.6717977157115, 342.25485571573677, -1, -1"
1296,"1548.7270648205913, 395.4901120778096, 408.10408341825234, 1567.9148825841482, 325.33357123804103, -1, -1"
1297,"719.1077246725908, 324.36450225247586, 377.90101394643733, 276.46073204143045, 3833.174627899195, -1, -1"
1298,"541.1783590225333, 1146.354047094685, 1054.7649542979477, 66.56940266482124, 389.1396830367687, -1, -1"
1299,"658.0063277248738, 1355.6917848161127, 272.93112492863077, 404.55191722231956, 212.54474455688984, -1, -1"
1300,"1228.4207879786813, 277.7934330914279, 541.763639943086, 855.880596985421, 271.7358838235792, 597.7320356438988, -1"
1301,"525.9340380660459, 608.3032528776823, 284.40945781935926, 2921.32050405824, 823.5858424400147, 215.7912918488226, -1"
1302,"3162.673235334937, 3457.9315723523273, 1173.4056919123568, 420.2978103800167, 535.5910376741931, 73.52094551111156, -1"
1303,"1794.5843501593213, 1723.4722651859734, 578.2790782534639, 192.80569457207324, 251.44164962402618, 286.4028214852756, -1"
1304,"273.53939758155326, 1818.005972108044, 925.5311455206146, 1586.2072393171807, 224.76216625996685, 193.89658225240373, -1"
1305,"1124.5787486126635, 521.8249201169679, 882.8737083963495, 7957.866451916177, 622.1528979136668, 385.83847602964056, -1"
1306,"299.6959992448585, 699.9671381720735, 596.42249165886, 2228.448199159204, 1052.0729006437557, 344.3582409678927, -1"
1307,"173.95296266957442, 319.3281093520444, 148.90210177254062, 1932.9263563159543, 454.65313551173307, 338.9407968888428, -1"
1308,"2358.626546313417, 154.72892941257408, 485.35291926322077, 429.78575571590255, 2394.610350552214, 255.3308268923857, -1"
1309,"1071.9194130179571, 423.1196599816287, 7427.141395539162, 784.8895512279155, 347.0186865533103, 282.9864679698959, -1"
1310,"1495.892826496027, 342.50265168682694, 848.8812516425205, 982.0167249217623, 98.96875343792489, 297.7956903255741, -1"
1311,"235.84866602960534, 684.1857464950872, 274.48607996992314, 317.6722990829312, 163.43089805009708, 229.97358883998234, -1"
1312,"1743.708020089678, 596.0579747882816, 414.8394028923278, 329.6656635116109, 127.281292181577, 1345.44419558533, -1"
1313,"681.0488516318284, 1026.4204206675129, 5508.138159538255, 232.87729273874868, 309.90074200254446, 1094.1016924933, -1"
1314,"162.29873566081366, 963.6107109690245, 484.93538569859066, 396.99453019960026, 326.59026250812855, 5677.435958586921, -1"
1315,"14540.615289609344, 152.14546143737158, 479.3455955163529, 212.6929778333332, 719.6077519502398, 259.7091000373391, -1"
1316,"917.2638550638696, 2671.9791941516273, 3021.658114130964, 432.7506169432396, 244.2299303626801, 928.1946254440259, -1"
1317,"1869.4171765555911, 741.8991235135483, 242.58340419772645, 2883.4894889767006, 2269.50161274055, 683.0850336069898, -1"
1318,"425.03877884232656, 1497.0976663814013, 1095.3892855792456, 387.1482477456012, 94.70742201144377, 485.9911991299098, -1"
1319,"356.3606599357899, 322.39268337589925, 10250.922084100268, 142.69225126617292, 290.7972881548379, 1916.8216635613298, -1"
1320,"1349.3362358647753, 1790.6918049271196, 1190.1716355156063, 1197.9892139708027, 143.2157885358148, 205.67323449035493, -1"
1321,"1153.8230562998451, 89.23070307850853, 1668.5640949359727, 855.8611382125526, 207.11466014301976, 128.9598424908785, -1"
1322,"446.9603982918159, 317.83986983952053, 829.3342189814871, 4906.122543031328, 673.2294517909777, 184.9481834688089, -1"
1323,"125.89848701620932, 4613.946930370246, 408.51225430961193, 283.91791236661004, 673.8879602326268, 279.7042554955165, -1"
1324,"539.9725480203421, 247.38240549520617, 431.00811068780274, 520.1975602607854, 1510.8995781716467, 885.6094342111472, -1"
1325,"783.7516579917456, 809.1008834998238, 1040.9317476729884, 108.59154665132412, 215.12131329326363, 487.4142392233275, -1"
1326,"438.138527758426, 317.9729513038636, 195.62796393282864, 774.4304624673493, 1136.0271326892832, 99.5547309835939, -1"
1327,"379.53450376667877, 346.52675787642414, 5074.857348969627, 768.425704579789, 1175.9713651904299, 146.9003059013682, -1"
1328,"405.7153878655554, 489.2983371345001, 940.0844139788977, 411.15111318636866, 988.6963274550786, 348.9638802631562, -1"
1329,"1898.8075557484135, 332.7107073874406, 262.7337418528866, 576.8054536178462, 149.8773343659586, 485.89797250125923, -1"
1330,"145.91734089322657, 2990.061447138159, 2074.9784170396742, 1203.1591307859603, 1761.3733953249107, 312.0688182191773, -1"
1331,"288.69116931765143, 1043.6079911861254, 64.65082769482609, 352.0043782066179, 1473.6945976461657, 219.127591148653, -1"
1332,"663.8911949472825, 59.910178694460086, 92.70004066367827, 394.39844223161913, 142.1679944310708, 370.42793599271386, -1"
1333,"2839.1608821595532, 690.5316798849343, 52.030020698567085, 1780.7869008565517, 254.43412765700174, 557.4396082937324, -1"
1334,"806.5732601013564, 666.2059747646645, 172.01357669514445, 348.36385870517233, 138.9694422806544, 385.49684937816585, -1"
1335,"350.0795695781154, 266.6087843560402, 717.5728406135222, 702.5358575939085, 322.4203180761259, 2880.0738940613746, -1"
1336,"782.5606202093182, 1062.0266452178055, 1792.3823885104966, 448.32944846553136, 993.10696352692, 260.3362038204201, -1"
1337,"776.7152885742624, 446.0221604971561, 556.0180856957268, 390.57732174740306, 244.7386195520795, 451.82197500518345, -1"
1338,"650.7850389548091, 75.08394551311372, 629.893006247224, 1883.0894049336557, 353.96984708657766, 1349.1724852008012, -1"
1339,"878.273757370478, 1131.7339074881781, 499.0611157087863, 2062.3163851357235, 595.6530491753655, 883.3012803593928, -1"
1340,"554.650375016628, 233.6930407850903, 3527.9902923532836, 1832.6057967324891, 582.7193200374602, 328.42374499130153, -1"
1341,"961.3676681562804, 772.0238825927306, 653.6832207557155, 3744.2668250975494, 421.8367314341125, 458.4639841443541, -1"
1342,"419.0431785243602, 560.598470432926, 616.0781633504695, 89.82386014043084, 1187.4239105269955, 687.563676858967, -1"
1343,"1899.0485585531196, 103.04179754689324, 675.4771475406765, 90.98762567740317, 82.55326582227912, 594.474597900617, -1"
1344,"1452.754630115988, 306.238776097933, 1497.6773403720729, 2507.582588766081, 341.6567664982315, 115.97563897479233, -1"
1345,"2044.1385341070097, 221.66920923335215, 317.56045569896037, 172.81209014167726, 364.7515959032056, 178.75978692465523, -1"
1346,"619.791331975233, 2395.076107941251, 1006.5591520616222, 152.9202256025613, 301.3733334964499, 225.49251521979522, -1"
1347,"2990.178347140819, 370.9537573575744, 349.1460600466236, 174.55715714284128, 457.8757570818075, 458.484388656955, -1"
1348,"2974.4418694840165, 1034.706528242239, 337.6392196869348, 469.5258109500379, 325.72716893899513, 812.2220070279697, -1"
1349,"503.08240860045083, 767.7542839589103, 1084.5324346644716, 187.38799863765706, 1082.3582004308973, 3878.137234115282, -1"
1350,"539.7311815425135, 603.3795399682929, 685.5816785578705, 302.4206694186355, 126.92478018033694, 66.01409013441514, -1"
1351,"2082.6256750909106, 362.8874576265744, 738.9211119089575, 1068.2980759794916, 267.9595542633602, 3381.684263909917, -1"
1352,"1152.9468715106482, 3771.824609889302, 2089.315845042771, 343.47588791885283, 2829.962774380467, 250.8103945898469, -1"
1353,"5698.468888256298, 411.6709020576444, 1277.4939465353314, 615.7855146587102, 823.0440003514268, 794.9966988446647, -1"
1354,"326.04021154291564, 343.80555498229904, 376.9181481965279, 110.3235166202326, 164.40642617710233, 2666.347361272407, -1"
1355,"185.14538160129763, 857.3018569651801, 774.0941173539725, 244.67518656791864, 402.99789043365075, 281.0453709901405, -1"
1356,"389.6793489042007, 843.2860551455723, 119.15576382105878, 1494.4494031878176, 1893.9627784736049, 352.7636907159026, -1"
1357,"130.86863391338326, 5520.545420980951, 307.5750333955206, 190.84494842873966, 347.5367483363835, 206.5881153698607, -1"
1358,"126.08837430530976, 1106.6192144905465, 834.1720728443916, 284.374013685293, 1024.2501645901593, 322.1817239243281, -1"
1359,"2139.968328074881, 1015.7582624527448, 488.93716908058224, 2155.0081793983572, 209.88679091140173, 313.7345288278762, -1"
1360,"1483.5733172384141, 2585.9332885097224, 912.6869410761225, 347.8664706418483, 724.3323029120365, 378.0146477849097, -1"
1361,"414.75329089717167, 895.2139237335267, 178.03541280242825, 635.3053990889451, 223.2710760421959, 462.90857914355814, -1"
1362,"2746.6792575071486, 206.4729425605173, 203.94899657427172, 361.7638240413397, 3241.87627075031, 794.3380340434271, -1"
1363,"253.8356759412717, 1349.3382772273517, 281.4483761664315, 2237.4273526964357, 709.6558305686299, 273.7731610488261, -1"
1364,"363.9299861069855, 557.4745956891841, 346.69323955428024, 294.2249661972887, 377.2953347939842, 315.07446063566664, -1"
1365,"263.0140380405555, 523.5323738447424, 2108.8743825555935, 4395.103564600825, 1252.607974735416, 85.66953603626425, -1"
1366,"3756.5996480437752, 534.1157032176694, 1323.0596299699696, 649.783004736654, 305.58062304326387, 508.9734616978489, -1"
1367,"1796.8811549779607, 172.18406303703813, 344.24764302500245, 175.59753352431414, 469.15662917005056, 188.820491936114, -1"
1368,"71.94690192750909, 158.70460410863456, 1473.285387447199, 937.0708039543795, 290.9976569018362, 407.82864831992447, -1"
1369,"1286.5971829786868, 696.182823153408, 416.6203042597589, 1150.833888852606, 130.7947789104175, 1228.959129567939, -1"
1370,"717.0585625035576, 1644.454245551401, 2254.6703433522084, 485.29670926333847, 198.9644892272261, 417.4269770886197, -1"
1371,"754.5047561527474, 491.53360207297794, 311.91722873856685, 3442.799718612867, 93.65387992503986, 1000.1771723426692, -1"
1372,"695.8939239801608, 733.3619036726284, 2100.1856932018186, 446.8727860132275, 228.7860159808236, 2191.3843201829172, -1"
1373,"223.1298082212743, 206.2464838026434, 10116.987874661723, 118.3739955770159, 278.48937069240156, 1837.8945224930567, -1"
1374,"477.0744994266971, 754.7244772544775, 208.44227869469168, 201.31339835065842, 728.175459086015, 327.99291301984516, -1"
1375,"2096.071409129994, 687.8769487145972, 250.39402517138268, 1831.553601229961, 299.37540256656786, 1636.5345883773512, -1"
1376,"715.2804029154652, 723.0334007716704, 985.2027396602085, 246.89018726153, 581.1985816822868, 460.7258518238789, -1"
1377,"175.6598906569549, 667.9620805038484, 202.63239515266187, 574.850160865427, 8002.291235454914, 2986.4734979816462, -1"
1378,"900.2332084688757, 415.39096943728407, 1921.7087669991033, 2050.6856725524326, 220.30439285401374, 194.2952329104464, -1"
1379,"885.1173389111977, 2333.513447834885, 483.4889477268419, 2457.6410957559447, 167.95621400255527, 336.9629446910778, -1"
1380,"2228.758271892645, 1966.923097204998, 667.077215782884, 2854.7422950848845, 222.08912070001534, 96.64516477613228, -1"
1381,"962.9607150713144, 5502.618561688769, 1599.675250499283, 333.22534802320916, 308.64149493723914, 394.43836996505667, -1"
1382,"3463.41884734343, 507.87397652197063, 509.81212055936163, 1075.941463320988, 1909.5431726600298, 123.10481554192165, -1"
1383,"313.3292724620839, 220.10294228586588, 2554.428454703017, 370.2834330489877, 650.2998147316546, 465.6025469687251, -1"
1384,"448.73899981275326, 562.4427047670113, 214.03294296383086, 888.9038088788635, 340.27064377210746, 281.17440077039606, -1"
1385,"742.2317291202396, 425.43716049196047, 492.34336095366587, 1053.3796238841867, 405.55707426594347, 483.3504686604883, -1"
1386,"1420.0204826965946, 396.586674277796, 320.5632322025781, 358.53157401024157, 510.19484983159, 279.1355036519569, -1"
1387,"175.6377121512818, 6406.53075455235, 417.5727254681235, 83.61505016208675, 129.93641164335645, 405.3719874912765, -1"
1388,"1787.6884088745155, 318.8491511911858, 200.6964248110674, 1077.9428540078954, 317.1972341056255, 704.5953063952423, -1"
1389,"383.72292979395803, 277.49029910160016, 192.75141414633165, 291.8672034410338, 1130.855199185355, 423.2876292409904, -1"
1390,"292.72434675813554, 5283.8019078137695, 486.2579057390794, 76.76325596619982, 722.9098225609314, 217.97982578568985, -1"
1391,"1515.133194748984, 599.6139567897044, 1019.880031939962, 661.129099013309, 549.3036237198008, 755.4711872301821, -1"
1392,"2236.1903631003597, 1179.1091834198169, 737.7086725149812, 716.5336420250685, 661.4739206350629, 64.23558659239062, -1"
1393,"864.7797812379965, 624.9373499636131, 727.0776661315022, 989.3541455062873, 353.9176698225874, 280.0704221971376, -1"
1394,"1304.5379785804116, 1241.5116023582157, 279.08402413159666, 259.5101143223959, 235.79114147510342, 98.78915264503064, -1"
1395,"382.5404264125775, 319.38891226648525, 958.2284678753184, 1008.9971152537373, 153.03447423429304, 516.5772042254524, -1"
1396,"1428.3056865675692, 688.656130411338, 206.69062382987232, 697.0462601268596, 159.11600877338944, 73.15839659569427, -1"
1397,"159.73179783606486, 7055.18771922374, 113.61775530592799, 121.47633261813772, 223.46563873386737, 407.8012644935087, -1"
1398,"439.0341994328557, 223.81123466488387, 270.7613542216649, 1406.5832914367138, 621.7761601228101, 1177.9222960795041, -1"
1399,"379.1307663940734, 1964.0984614294364, 627.2447978349933, 1261.5229652711823, 387.8931116193444, 581.7436359133297, -1"
1400,"429.15971909761186, 954.0314423713849, 354.1814797468531, 605.6993321148088, 364.8037180609223, 269.2160744336234, 468.0168893256918"
1401,"2756.5117164280086, 426.8485877123329, 653.74532785815, 184.21640204752026, 531.6650282712488, 1554.8058292707046, 1034.931758367422"
1402,"318.0433580780159, 2952.362518200337, 822.0000161883219, 428.67218255432005, 462.2764298586601, 298.8367942505325, 511.11032482502566"
1403,"546.4557139444526, 109.91655135619934, 1400.5309407031523, 1766.6995693892966, 423.66439638086587, 362.14813953955365, 84.54616621591776"
1404,"912.7392710234056, 433.2056512259511, 519.0453167292136, 2177.9724362389907, 504.9036220698714, 7702.404497213241, 712.7769831671043"
1405,"1187.1367343987392, 601.442771627544, 465.6966017246447, 620.1984177861123, 658.0639876856233, 216.36447732023387, 265.7439309935887"
1406,"243.6459003372047, 1268.6035614703048, 768.9381134923622, 2924.908132240538, 745.1646514161655, 246.01325440432876, 1160.591997410438"
1407,"417.0413062946308, 604.6051726461938, 318.5118263925211, 754.343324625896, 1938.9431796220906, 1424.8648078632355, 329.7976064536484"
1408,"1676.4716841276263, 89.28917333916995, 458.30726166143825, 673.61286398165, 275.3906824648295, 182.3249615691318, 154.9537054684884"
1409,"673.8701156927904, 2158.5986895725905, 455.0229958036616, 955.3664076300704, 68.2194442771583, 412.045475327359, 1900.1191851366768"
1410,"582.392424376208, 729.953751295438, 616.1854823332878, 947.9683729089587, 3710.1985760641774, 362.0277989316679, 1123.3512958830404"
1411,"926.5757839789687, 974.0342451594486, 3392.949929361592, 132.68002523165825, 240.2010105592534, 431.0514344940012, 903.0425614992845"
1412,"1390.1573685781711, 154.12663913787617, 124.40165247426215, 1377.5020779125643, 116.6469344153092, 506.6048418465246, 575.4508924974593"
1413,"1533.523725227241, 608.1191241737713, 115.58393802987007, 507.69087476733216, 635.0939524756473, 624.2266935027963, 369.4364845707473"
1414,"326.782657168285, 943.0929527459616, 2103.4574259100877, 352.988778362307, 244.0438673356732, 248.13354620549424, 400.1520357491571"
1415,"1645.4195945364127, 320.4217291274091, 744.407067965718, 1191.7747796928224, 351.2175289808135, 507.9414606098014, 483.08773815201005"
1416,"1710.733168492623, 1571.0289755272233, 1436.4141203105362, 763.3506429327578, 2663.012576566555, 453.1155771155967, 689.3315423818176"
1417,"156.0797844886336, 555.8576673578411, 513.8751798927266, 4238.413914476335, 502.9539990556063, 182.5014630624295, 3285.3003335546473"
1418,"3881.020936821115, 125.54160956422807, 131.71710155672827, 193.89672461413474, 1454.0359750813684, 244.24338819371422, 990.5406043037912"
1419,"4986.426055214783, 573.3070664774327, 2353.0633779204804, 488.6242053398896, 342.6891512395761, 924.282088662292, 206.04623485681657"
1420,"747.1573749043465, 723.9999771633563, 348.91520320281313, 146.1850283657988, 1280.4428751459006, 588.6934978446508, 477.80135158911725"
1421,"361.8591351364916, 213.92818625042491, 727.7485067428205, 1698.9076006787868, 2118.945183004681, 121.02296765912985, 2673.2252074010694"
1422,"499.5397143686572, 199.61518945876202, 1959.9905408084553, 305.88090391910424, 4420.5240948248065, 261.67062673422936, 125.50432939528321"
1423,"1128.1075223504456, 391.6943790556787, 331.3378368331217, 922.9449127545154, 54.88145878225406, 1013.2384350899343, 207.12213788704798"
1424,"2573.6558630627164, 219.52779565205938, 344.3770827059936, 814.4041640766554, 455.70845322916665, 83.7017697894286, 1908.532224151658"
1425,"998.3204791726403, 1743.796808010572, 1055.892501905439, 375.75062502464704, 171.2427224289894, 430.73235820408087, 408.1687296145471"
1426,"630.2511956920864, 708.7350457836645, 427.6043382351322, 588.1533089508114, 486.66340690489403, 206.42187589363277, 204.78231492491483"
1427,"775.1661479338494, 1484.8199687699498, 256.70533992951204, 1620.7328503189299, 97.73131401427511, 195.03479196899323, 306.2268749108357"
1428,"487.3902185540711, 396.23898298565973, 809.9169424634281, 208.98164494242857, 1255.2009782350958, 276.3146100030681, 473.2444929345373"
1429,"1585.306302139512, 378.358732047712, 237.1363854591522, 616.8879947230498, 325.72482789632363, 486.0355136821609, 1461.8027299238524"
1430,"594.0293341436457, 123.96404258126535, 544.2532343813183, 217.12227053170844, 442.7658954935449, 224.49106201441143, 506.9181115371876"
1431,"1217.752574339444, 323.56657988282, 904.2869928722507, 779.1227001127211, 153.79872399034986, 214.69367540899083, 261.7300158479269"
1432,"1619.7167105840265, 1083.276739321443, 760.4690412554322, 823.2607000195878, 472.04755937089897, 81.51732513566219, 520.7372167964096"
1433,"447.03537567015235, 1012.3690894681737, 396.5959851677761, 421.57124198989777, 176.58793250420223, 482.84382667343, 489.64566077197026"
1434,"1238.5818152658358, 214.20162066125192, 1366.6630883517644, 167.30166640921863, 235.8651745215231, 435.6589131603914, 59.71807107424405"
1435,"535.0000594761717, 1176.6616558290416, 551.709160931835, 198.3711152267254, 77.55186872502118, 474.9174451678691, 49.42221971257182"
1436,"7990.42621484593, 7405.099618305012, 618.0534429766949, 183.19739685335583, 500.7693491938266, 409.1507251959713, 1237.1600416085655"
1437,"1665.311222526755, 342.03208466605463, 726.5571801910957, 635.1338810204727, 1262.9623554412158, 460.5700600611228, 603.0234293589236"
1438,"162.52364658337476, 547.3669577721372, 858.2300223465858, 802.9565132174167, 437.3399669919459, 405.2840726041035, 182.85823279650725"
1439,"194.28379865130148, 1737.2610011354407, 107.59998691885428, 442.7794411135244, 308.56356002766825, 1925.8988858356936, 412.83400847327704"
1440,"104.14098433544429, 730.6527664600441, 214.04229437995235, 143.64946753623775, 218.10450712800036, 104.13705096528558, 1725.5952402337857"
1441,"153.45832222017046, 261.5204342682236, 281.3458561880291, 2881.3028114295444, 640.900205521751, 111.52346170246925, 1687.6958145211238"
1442,"308.9325322145494, 1468.7867513684782, 828.462629280182, 360.3798178515566, 335.318615846786, 312.6325103635945, 82.65142099833585"
1443,"573.332439021966, 480.89239004256956, 172.03711851778093, 137.85958942903886, 524.0404048570115, 508.3250788140152, 384.7296027853503"
1444,"1714.3411019807604, 2432.065938010067, 149.20692194986026, 702.6241573533732, 187.5593106822809, 271.19924660524464, 467.1241679150041"
1445,"331.1096013032481, 10025.368330901974, 652.7941844523157, 849.464944589322, 184.01634028944733, 195.30072802145926, 295.0390355285117"
1446,"1014.6694060679154, 8092.853514399976, 234.7047196549238, 198.39350171613617, 68.81748845630507, 491.3774653494743, 772.4754616820686"
1447,"3373.132908213116, 296.5143771299085, 623.6819798375012, 4441.502678032428, 1179.8936891676005, 496.0940613074978, 747.3436455013439"
1448,"1096.4833187034878, 466.67706659098684, 490.69916130507875, 1072.7690037387488, 325.7686961491649, 686.0616095258792, 428.6996096652949"
1449,"502.3113591605554, 696.2446952420102, 164.91508496113454, 766.1455323332815, 1220.4231056603444, 1002.6547737691133, 200.37304248096478"
1450,"1133.6685547992536, 653.7460295973314, 1224.966473770851, 3090.2572410523526, 48.843810147267284, 2220.24593414355, 136.09387425915008"
1451,"683.3887606729379, 365.3843556558661, 149.34111839422286, 3105.345842911605, 786.8262532521742, 459.14260545555834, 428.6221873038254"
1452,"156.45451502386996, 1153.7253423747798, 4866.791059489377, 377.95571348394907, 321.81866371836946, 94.95124100872034, 465.30030836718163"
1453,"2405.326788153371, 301.35793248691937, 526.8610523503049, 222.38471475884165, 709.7993938815806, 82.42928692074021, 882.601028073946"
1454,"916.1948813953561, 2533.4316819146193, 2731.846181447054, 365.67431721293235, 680.6168690710825, 511.2176884925, 1369.6178294035055"
1455,"452.1636692946925, 703.1861271163237, 193.61947124958493, 1303.084895688021, 263.33699380302295, 769.5582596097415, 2154.1470997766132"
1456,"405.31472966562313, 1878.039137539142, 2054.511164303933, 1145.0109513386585, 601.653747941089, 279.22622575769486, 146.68029976506125"
1457,"560.9361157561397, 485.4746142430187, 459.7526049894424, 137.38352557894902, 595.1459977930838, 344.63030709682124, 356.18571697010486"
1458,"1523.4395631210411, 96.99737000189359, 543.3070724970256, 850.2421695762085, 591.8642484575676, 364.1465211190209, 156.46367154442044"
1459,"986.4885112569895, 264.9095922141053, 389.5881692962141, 688.9923949294405, 79.6291285719136, 194.49629494804097, 328.97831656725367"
1460,"383.0787272085771, 2283.481745199344, 215.84651752916966, 191.5577978913621, 230.74741441570237, 122.02024265790314, 348.963112372272"
1461,"211.1650038963432, 1633.8036402774528, 589.4717248177581, 982.3722843762581, 764.7879892011157, 607.17884585864, 4848.678729601296"
1462,"112.17306465650228, 395.94852583788315, 444.07262515342484, 1368.2966558246972, 1115.4221612198191, 190.41238954770154, 335.4576957368089"
1463,"219.01639774039126, 376.45321856486567, 328.307981867803, 817.491900388469, 520.0318144419978, 331.6578855430162, 574.4466165810747"
1464,"1175.8581352629917, 7879.058557637063, 275.19472643917203, 341.86252905603124, 231.40845465542685, 436.43366278219287, 161.04399699553102"
1465,"753.4139339875438, 522.9954633144932, 978.0636937652102, 562.4059772339052, 341.91157770844086, 279.7586451426737, 230.14504934048313"
1466,"193.37105108540663, 1907.6617146555088, 1386.5517086294908, 383.8924378886994, 454.9109038159067, 648.0861446659436, 357.9184614413905"
1467,"994.7410965205133, 317.3457877328809, 620.2602233451195, 214.82108780749058, 600.4200806409103, 132.23167376986368, 546.0848585137787"
1468,"316.7405083308241, 531.7747204238539, 1759.8577647162729, 463.85236513925213, 57.67166361906534, 1472.5473084867563, 96.54269186339273"
1469,"1485.7365062936074, 557.5520498403675, 271.23966709801715, 1574.584038778304, 766.0431063809189, 1319.5493356202337, 211.32529639485577"
1470,"730.0852731705878, 834.5793048337496, 400.2059832564741, 411.90250098132736, 93.37938843837048, 3740.5471065081815, 790.5060509896517"
1471,"1026.3243143963948, 462.7841883204418, 196.9097525304496, 570.6061595840683, 230.1341092517844, 177.41783919787574, 298.9838966231749"
1472,"243.44236295696686, 255.61324775905953, 1643.8647763356105, 434.58598476999623, 365.9483095419996, 206.25450100564325, 919.1251338737085"
1473,"4622.935053383755, 597.1499599213369, 121.56369504655184, 1063.7279272457802, 260.81992563270904, 143.34392143161566, 488.9922515670629"
1474,"611.4760960591643, 7303.806227462997, 65.52456791624746, 1241.51018842836, 409.3551394530052, 168.27258573896864, 464.4687694667106"
1475,"1030.2151629087605, 847.1963142568218, 304.4733416221278, 320.1123113481018, 1583.6190595324333, 2105.336754785073, 87.19573716870532"
1476,"1407.8367339191645, 52.59030372478064, 1462.6040296507026, 236.97077267067408, 1921.3431033659642, 167.91989501490482, 1092.636830903135"
1477,"532.1110785737174, 477.41882880375107, 339.12645760702793, 315.1926239902793, 519.2010285097645, 991.3032903318718, 464.42399080086557"
1478,"269.3262181784485, 2393.724998047616, 846.8381807865446, 418.55766080228636, 508.40507221249584, 2356.275157262022, 837.9063159476844"
1479,"1084.900426719093, 306.2902627751682, 235.45315703501393, 191.65701489394655, 238.99432111595533, 1140.890715038052, 327.2803865719138"
1480,"316.37142795743574, 2633.3481008218237, 578.0128056347527, 421.66216807023545, 2669.2228908484885, 896.3629211776484, 1364.3927363177818"
1481,"862.8551501467686, 369.8698513726554, 1121.3698585651564, 1631.6481371019404, 1014.9416860482578, 2725.7780598056647, 523.6444483817875"
1482,"675.545782616241, 1626.0970057052984, 4467.681976485535, 338.104789746543, 2516.174458784092, 293.9323028129886, 974.6739263690404"
1483,"519.4792731639627, 1274.855000452552, 1644.355679095485, 607.7728540480576, 191.00173605669445, 310.5834522597357, 76.74081796323333"
1484,"1976.858744006446, 188.9992975467004, 366.5316523072702, 205.39751569657727, 219.8842594205899, 514.7074271580306, 782.9524148040598"
1485,"944.9265463639751, 274.703795732284, 813.2266212474821, 404.14167882101276, 203.30106282342234, 5598.240272396713, 235.53021026923048"
1486,"105.35730539768429, 377.0282744732535, 217.26243392432596, 3656.686248479138, 544.0331097873477, 253.83284888174822, 486.7509740542349"
1487,"1367.561112218291, 1248.2055246871041, 308.07623999665964, 382.7472259747442, 978.95308224804, 1028.1448330399414, 603.8165825541133"
1488,"1685.8707299541838, 57.028856446801285, 59.31697699495986, 323.9739548225088, 1520.3313027154163, 1144.8171741921951, 104.55937700848071"
1489,"170.73272081205545, 669.9823979726467, 4595.796024586169, 615.6688455301239, 381.41969640807145, 332.589966655629, 671.32813803975"
1490,"360.64634528303293, 2798.4500218755284, 43.80929639689411, 1178.169455698686, 1455.5931687599577, 660.2836256386975, 43.57344554063229"
1491,"827.789367221436, 2082.621319851573, 338.35313829622294, 52.68166935681421, 1151.7999314188803, 453.13501226675476, 564.7149611186271"
1492,"4335.430015834865, 317.60540057617715, 92.35352568581109, 172.74466956949007, 235.71221262200427, 252.16671797981456, 1435.0174629717208"
1493,"361.56263360965784, 1580.6831042459282, 404.26924831044624, 124.05367681550683, 1514.7801711215693, 220.13068449413782, 313.7661905177906"
1494,"3954.9263819951534, 168.1519716292989, 166.33370861214118, 501.69697685922534, 2480.999753373414, 743.9385473933293, 2290.094766161671"
1495,"5953.507785321266, 263.4127075535383, 498.4663862891061, 435.7510684331508, 1439.3101807926791, 1271.6706290306915, 406.82914936855786"
1496,"73.00515597221398, 306.08230655102, 491.8759412685696, 3026.0104070025905, 863.7317431950487, 3379.110437688285, 577.9758633475112"
1497,"565.3488222678365, 288.6909472700294, 631.662674098553, 263.20900211575923, 338.07969152406366, 301.4266572636022, 433.7281385531329"
1498,"319.97906173840425, 1479.6767459521539, 335.03628300185574, 215.03034799054305, 125.84634509805238, 742.8452611371359, 2392.4759682837816"
1499,"751.4121030685372, 183.25024874695927, 234.40414329132545, 1809.3495680170527, 67.74803633964811, 328.758515644907, 201.3051885337054"
1500,"188.39495438415634, 484.84719343359086, 3323.17611664723, -1, -1, -1, -1"
1501,"127.73099548922825, 741.2331752692758, 727.8468670898567, -1, -1, -1, -1"
1502,"2237.0746680885804, 691.4047070786356, 1048.8406713195354, -1, -1, -1, -1"
1503,"2691.761439351637, 733.0109241521357, 901.9059073039319, -1, -1, -1, -1"
1504,"939.3809593894811, 403.6536452217568, 1402.6872209323758, -1, -1, -1, -1"
1505,"382.70252906906956, 2578.5736125062726, 614.955883321396, -1, -1, -1, -1"
1506,"2187.7392122445917, 329.08952764271316, 562.9631881372159, -1, -1, -1, -1"
1507,"538.5529154737725, 973.1861760009131, 649.428446388194, -1, -1, -1, -1"
1508,"814.7995880552695, 199.55832144632717, 706.6844811587594, -1, -1, -1, -1"
1509,"402.51352808310855, 953.0626401027131, 264.5859941554412, -1, -1, -1, -1"
1510,"430.270472765185, 146.96533773926535, 351.08529088356727, -1, -1, -1, -1"
1511,"112.21613764061144, 644.9248784447612, 5317.969908073756, -1, -1, -1, -1"
1512,"5210.752547849859, 884.1008450004251, 827.7956827598862, -1, -1, -1, -1"
1513,"599.3748400259615, 1554.0624958961441, 632.6127673689531, -1, -1, -1, -1"
1514,"1223.9781523155136, 1252.9004682218483, 67.3468322518413, -1, -1, -1, -1"
1515,"619.7448138783825, 682.3875578872554, 150.86635819339273, -1, -1, -1, -1"
1516,"2226.879305401352, 2864.8565803275133, 60.022513900823114, -1, -1, -1, -1"
1517,"1713.643888621937, 508.1761871141685, 74.35724254533977, -1, -1, -1, -1"
1518,"367.99171818146425, 444.3328006833109, 53.43934185851336, -1, -1, -1, -1"
1519,"424.67059840940516, 169.07599953227606, 337.12257253847054, -1, -1, -1, -1"
1520,"525.7107279193839, 1049.1441752983078, 1734.6169738592432, -1, -1, -1, -1"
1521,"459.73596439172445, 212.39161377689214, 2206.4228789521712, -1, -1, -1, -1"
1522,"294.1420900273311, 94.54474431108193, 810.7293600794503, -1, -1, -1, -1"
1523,"944.6365593808857, 445.4700174157673, 113.9498103789756, -1, -1, -1, -1"
1524,"378.0414391486178, 202.2064088084363, 648.4977973178447, -1, -1, -1, -1"
1525,"672.3516642019362, 664.1821409185259, 292.67470216456513, -1, -1, -1, -1"
1526,"521.2022727077884, 684.5932445081237, 1336.2994523322886, -1, -1, -1, -1"
1527,"1003.7957821837882, 173.3610465051431, 755.8355202253076, -1, -1, -1, -1"
1528,"245.6501753252601, 293.13609148449575, 159.47449393377406, -1, -1, -1, -1"
1529,"1864.4444480589862, 3019.3284257257874, 124.54043225274788, -1, -1, -1, -1"
1530,"1540.820930931493, 551.3265916970845, 331.7935359351344, -1, -1, -1, -1"
1531,"677.4289873916795, 863.5917554825444, 834.2931033804598, -1, -1, -1, -1"
1532,"4346.544398321606, 958.8827095886568, 986.5946058951705, -1, -1, -1, -1"
1533,"793.6317451373245, 152.27566944645218, 944.6216143227953, -1, -1, -1, -1"
1534,"642.7697342926924, 708.5714674966738, 454.2612184063222, -1, -1, -1, -1"
1535,"211.00893018655498, 56.34469434344483, 390.0313547880111, -1, -1, -1, -1"
1536,"189.00474674992037, 705.7235615092656, 201.4614378304658, -1, -1, -1, -1"
1537,"699.0262229199907, 271.89635869696497, 862.219360979172, -1, -1, -1, -1"
1538,"206.70947267320153, 295.21456817339055, 41.476794882864155, -1, -1, -1, -1"
1539,"221.30102186344547, 709.6652943978459, 559.2562945597276, -1, -1, -1, -1"
1540,"327.0509703974153, 156.2944231948218, 618.4941246266251, -1, -1, -1, -1"
1541,"484.5873983291774, 360.06810359870803, 1787.272708578472, -1, -1, -1, -1"
1542,"622.5369489182089, 176.96810645992088, 175.77125575533387, -1, -1, -1, -1"
1543,"163.18321092549513, 106.45800603344682, 278.2110485356597, -1, -1, -1, -1"
1544,"1020.7951344149863, 239.82769029693986, 627.8938503885845, -1, -1, -1, -1"
1545,"592.0795181613432, 227.0758897970213, 111.5807400879324, -1, -1, -1, -1"
1546,"6142.224578533015, 635.6468005006067, 130.88349090985227, -1, -1, -1, -1"
1547,"334.7564038816892, 621.0866348012776, 4263.132277780567, -1, -1, -1, -1"
1548,"184.73946513610036, 451.61862561308027, 342.4763304474021, -1, -1, -1, -1"
1549,"750.2247353107002, 161.78426054396803, 196.0584068174251, -1, -1, -1, -1"
1550,"1046.5251515343928, 1484.6174175143206, 1246.424113960597, -1, -1, -1, -1"
1551,"92.52830540048873, 389.93410691952516, 211.96984512054905, -1, -1, -1, -1"
1552,"374.2250828184349, 190.33240600646798, 283.5187712405174, -1, -1, -1, -1"
1553,"73.0339476400602, 466.84514501615894, 1243.327243695766, -1, -1, -1, -1"
1554,"563.9411897345309, 557.904298922746, 257.94559359110286, -1, -1, -1, -1"
1555,"159.4827710836091, 224.2893737781407, 464.01325818219277, -1, -1, -1, -1"
1556,"326.03195347920126, 1007.0673682834973, 442.1461141857387, -1, -1, -1, -1"
1557,"885.2260535543635, 186.98670049588114, 386.63458851618043, -1, -1, -1, -1"
1558,"575.8994593461317, 1673.2562644572454, 289.0683428358117, -1, -1, -1, -1"
1559,"446.36821496565483, 337.3556153257162, 857.6084961423032, -1, -1, -1, -1"
1560,"279.6267903273978, 864.8326656197103, 107.67452993803032, -1, -1, -1, -1"
1561,"369.11933867186224, 735.3006424569307, 471.13141523412327, -1, -1, -1, -1"
1562,"367.411535906601, 3352.171346930133, 86.79324372881518, -1, -1, -1, -1"
1563,"478.0508654078492, 231.05653827182027, 218.9249017269652, -1, -1, -1, -1"
1564,"2191.0140940648125, 897.7994515671201, 66.69725025272906, -1, -1, -1, -1"
1565,"2847.051041454807, 449.71393718616724, 463.1423688393425, -1, -1, -1, -1"
1566,"1445.8940039591362, 762.645269088699, 2640.3617001586854, -1, -1, -1, -1"
1567,"275.24537204755865, 303.9109465120061, 124.1135485122606, -1, -1, -1, -1"
1568,"887.8689412652735, 1018.9788328453607, 138.5620615271423, -1, -1, -1, -1"
1569,"257.33146851025367, 865.4880502639642, 1047.2511300130325, -1, -1, -1, -1"
1570,"575.4115023091392, 173.8050755645034, 680.1567807810187, -1, -1, -1, -1"
1571,"224.72523759639896, 709.8278583949073, 957.2293812756919, -1, -1, -1, -1"
1572,"334.8688895205384, 367.88818235172425, 354.5520659268022, -1, -1, -1, -1"
1573,"1167.0822375094995, 1314.7583635879605, 1786.8394180252608, -1, -1, -1, -1"
1574,"361.95908021230184, 339.264373838102, 2372.5891598337853, -1, -1, -1, -1"
1575,"733.4855223910549, 2099.362552672825, 448.4035990732747, -1, -1, -1, -1"
1576,"1853.003952788741, 686.629854330338, 456.86437495194485, -1, -1, -1, -1"
1577,"180.14741072950807, 289.9434825044198, 411.4064144422389, -1, -1, -1, -1"
1578,"1603.6403224624773, 268.05965244972117, 446.9553941949056, -1, -1, -1, -1"
1579,"337.4887011441949, 195.64742860266725, 523.4402131579886, -1, -1, -1, -1"
1580,"1847.2230840684645, 3067.3442552219926, 459.5986431587387, -1, -1, -1, -1"
1581,"417.28967066328687, 917.0632643328217, 588.9563647240461, -1, -1, -1, -1"
1582,"781.4190728706458, 908.4795270785237, 134.7313990717684, -1, -1, -1, -1"
1583,"294.19825666574866, 2386.5756591720874, 516.6759940279678, -1, -1, -1, -1"
1584,"235.2649880150264, 186.87961589498624, 170.16009232443653, -1, -1, -1, -1"
1585,"2288.470906667815, 43.881343525590154, 299.5077270487001, -1, -1, -1, -1"
1586,"269.2649529614663, 269.50719752294697, 165.75906091278065, -1, -1, -1, -1"
1587,"75.82572303649485, 143.23521524041195, 1769.6615615750861, -1, -1, -1, -1"
1588,"183.38362503108783, 2107.2564771221423, 517.4692883829216, -1, -1, -1, -1"
1589,"275.5613457338253, 928.9091344843479, 813.664924421033, -1, -1, -1, -1"
1590,"1033.6490769766751, 5290.304421533308, 351.86008649160675, -1, -1, -1, -1"
1591,"561.7951281887895, 431.88787103618586, 280.5763806531262, -1, -1, -1, -1"
1592,"1000.5974990267667, 4475.53434988428, 350.32993135568523, -1, -1, -1, -1"
1593,"188.64634935763814, 123.56417512250634, 1692.3662306274177, -1, -1, -1, -1"
1594,"1548.568886328443, 1151.9884405561647, 854.5711559502421, -1, -1, -1, -1"
1595,"661.681444282142, 937.1888889066001, 153.88627099364163, -1, -1, -1, -1"
1596,"1261.564495189237, 191.9110526950162, 1749.2433099943373, -1, -1, -1, -1"
1597,"327.2076942305106, 704.9525785371708, 236.9448388252292, -1, -1, -1, -1"
1598,"240.44359404434053, 980.999928392591, 163.5680706489476, -1, -1, -1, -1"
1599,"1575.5903307712824, 509.978616006872, 298.8399493502395, -1, -1, -1, -1"
1600,"2617.439667292705, 193.97255349060347, 408.02588741693415, 131.6294018148164, -1, -1, -1"
1601,"566.294041560797, 956.2266709325148, 630.2553314445614, 2779.415864325921, -1, -1, -1"
1602,"302.1664498057818, 2223.0656858392404, 78.33897203821633, 804.4888992391329, -1, -1, -1"
1603,"245.58180699183006, 687.9153385584943, 623.4358421770188, 180.96183825216266, -1, -1, -1"
1604,"130.27721763239975, 822.1356107529773, 733.7401413308347, 2050.688568942733, -1, -1, -1"
1605,"159.22423531464653, 493.24426988129744, 833.0674745426368, 449.09396439259837, -1, -1, -1"
1606,"935.075687664149, 1710.8472401798037, 5999.178552005974, 355.5841411933959, -1, -1, -1"
1607,"478.390419088652, 176.36620167499365, 1216.1421905368081, 115.02394559150387, -1, -1, -1"
1608,"1338.6515774262925, 286.1862377663168, 138.47872396152, 2022.2445546777763, -1, -1, -1"
1609,"183.0383653444209, 155.06628478559287, 290.6858373266839, 366.5274344137407, -1, -1, -1"
1610,"286.13859494559404, 621.9653308366142, 304.3861537063647, 802.0109983504545, -1, -1, -1"
1611,"1037.7091257472512, 590.8071725603036, 935.195092199709, 756.8626769539644, -1, -1, -1"
1612,"136.71368257593065, 1707.667624311046, 574.3993102286586, 561.1403174268369, -1, -1, -1"
1613,"339.01650535086196, 69.38202369938733, 832.2886797996109, 599.0391694239331, -1, -1, -1"
1614,"3705.762925754074, 495.33324059265567, 329.04502934008264, 1784.2584282493544, -1, -1, -1"
1615,"524.2244531872033, 453.2678039256617, 5359.00601566148, 1656.3365674164056, -1, -1, -1"
1616,"429.75732493853184, 846.0184064598939, 246.1044056652686, 280.3300182568122, -1, -1, -1"
1617,"156.7337089863363, 331.27373380122447, 106.97883932367529, 248.26438366757077, -1, -1, -1"
1618,"159.02726323085716, 1513.7040964391767, 328.2379531960611, 160.77612343021926, -1, -1, -1"
1619,"599.9189461490803, 997.7678504803142, 141.1426807890709, 405.7582968408417, -1, -1, -1"
1620,"451.1363511489589, 3811.561200053767, 665.4166563436835, 166.29071820986275, -1, -1, -1"
1621,"279.2682361151611, 606.9340046129521, 67.64343488548353, 3224.349623676144, -1, -1, -1"
1622,"228.8626660724798, 410.1776103888859, 149.43850240048351, 465.3580777012713, -1, -1, -1"
1623,"68.46612486939084, 147.16064998848657, 724.2463514768394, 513.2352788863142, -1, -1, -1"
1624,"178.46466392830192, 477.8959976078424, 900.5077671671097, 241.4290081617534, -1, -1, -1"
1625,"575.1991962189439, 165.76814330941326, 220.53158841990074, 114.7832858791179, -1, -1, -1"
1626,"598.3826189551431, 308.62713544912765, 395.8688923489847, 411.60158776758664, -1, -1, -1"
1627,"344.1313179775087, 732.1740410741966, 1531.473863482429, 504.1215358648502, -1, -1, -1"
1628,"4318.715680865838, 489.4391235888262, 101.31493607820065, 546.1017756655588, -1, -1, -1"
1629,"313.77381836607043, 2787.8066977750473, 376.55779662730066, 180.42510751364478, -1, -1, -1"
1630,"378.1098923495366, 664.2217147844171, 156.06596599530397, 167.95675046260817, -1, -1, -1"
1631,"1651.5467937999829, 143.44057497342703, 265.3113269544442, 1515.244233443948, -1, -1, -1"
1632,"193.61505890485165, 548.5689897848464, 986.7089492161515, 60.588982134958286, -1, -1, -1"
1633,"330.909422779476, 554.9419464312439, 1012.1624180464923, 474.0914508553536, -1, -1, -1"
1634,"679.9366777769058, 130.67316615885218, 1018.3796069739002, 300.74490466203054, -1, -1, -1"
1635,"1554.4078559096056, 389.13441950440057, 1024.9084933027161, 408.04662423313664, -1, -1, -1"
1636,"1839.3199011140978, 1218.8888767075, 262.9434159038916, 1086.4730156137223, -1, -1, -1"
1637,"149.67303247261896, 996.8327604804155, 1227.134076998328, 274.3783264098504, -1, -1, -1"
1638,"765.4327552373277, 1461.5119519666553, 241.4542106792933, 161.83522335038953, -1, -1, -1"
1639,"1206.92115511222, 1523.5682151892254, 293.0192055518535, 208.87329446997194, -1, -1, -1"
1640,"357.0099863678399, 200.64258596435087, 598.8725321274703, 1192.8003537508093, -1, -1, -1"
1641,"133.18907732167386, 102.51651564482249, 472.74787653235023, 179.21963884669793, -1, -1, -1"
1642,"323.60860557673743, 996.000405992056, 269.2832152229819, 205.66916919529496, -1, -1, -1"
1643,"1505.783140641279, 7096.228235870954, 358.70264778032913, 370.1924855982668, -1, -1, -1"
1644,"681.6606550124408, 519.5862006957911, 148.54453094905523, 273.6040715141157, -1, -1, -1"
1645,"1265.0549113297175, 369.40855780684564, 486.1951339746381, 89.94179943623206, -1, -1, -1"
1646,"702.9075871792977, 297.72240490271423, 116.95781990758243, 362.5138886286153, -1, -1, -1"
1647,"177.1790679784672, 365.37378347221784, 1358.929593159285, 440.0538334950473, -1, -1, -1"
1648,"782.4209372652315, 958.2724934399848, 289.277552098918, 258.11384009595514, -1, -1, -1"
1649,"714.6548040886242, 778.597544828718, 1128.591755274524, 554.6797147332767, -1, -1, -1"
1650,"279.109483557482, 406.6542859739332, 2172.064761249078, 405.2027358423989, -1, -1, -1"
1651,"200.76273557443565, 800.5508795394182, 127.54046126880644, 869.2915186233289, -1, -1, -1"
1652,"1119.5377539596261, 249.42713488109257, 1212.5278006061733, 441.0061085474705, -1, -1, -1"
1653,"362.3185253029917, 1624.1202536477797, 264.117843370935, 357.03756028133813, -1, -1, -1"
1654,"230.31017271345038, 1467.3312908438095, 279.9306276165174, 358.43229905915575, -1, -1, -1"
1655,"1310.5252533216476, 299.1768036357047, 1527.2073737142284, 74.35496853836, -1, -1, -1"
1656,"1642.9605962831445, 242.07209249867913, 100.45368190451062, 190.1151528254112, -1, -1, -1"
1657,"623.9989901603092, 1343.0026443597935, 578.7663003141777, 143.67988938981216, -1, -1, -1"
1658,"982.6231960946462, 345.90431330684095, 424.15211343896556, 242.04206112246865, -1, -1, -1"
1659,"1021.8821845130614, 1052.8593441556932, 842.6505761018216, 359.5712223250884, -1, -1, -1"
1660,"345.7181441124098, 205.3891212687091, 143.18082567212855, 432.6658388374805, -1, -1, -1"
1661,"882.8847146076153, 1293.7945275836503, 131.82567858447814, 209.31403395518043, -1, -1, -1"
1662,"219.65828916178552, 1402.156013754843, 31.903748594749757, 477.1679427757444, -1, -1, -1"
1663,"3416.525386082273, 505.79594830407814, 575.3611342679371, 591.4298591619291, -1, -1, -1"
1664,"552.666314703413, 277.31931279251313, 1025.4666737050643, 1749.053179707898, -1, -1, -1"
1665,"276.89024657081086, 540.2713056090207, 68.41514351650667, 426.2960275573124, -1, -1, -1"
1666,"700.4104644815083, 874.5215602137998, 1082.3058700396628, 465.11826768951425, -1, -1, -1"
1667,"217.72419037239504, 441.071496354392, 77.75031877080517, 446.60642339841667, -1, -1, -1"
1668,"7090.115103286991, 361.91596681233096, 448.71022377009155, 199.62766626190137, -1, -1, -1"
1669,"210.66950612469873, 331.40398394375063, 1166.1536921744296, 362.20674114832156, -1, -1, -1"
1670,"338.63342984813653, 409.7051241669372, 651.7682323036469, 1487.8507296846, -1, -1, -1"
1671,"139.58481881838154, 288.8153928217156, 177.0690603524925, 910.2404990055888, -1, -1, -1"
1672,"2333.6255810267057, 404.832648095383, 108.71390062371597, 2267.801393464668, -1, -1, -1"
1673,"2513.906716814544, 1670.1520828390603, 396.3844433842101, 165.9528137390811, -1, -1, -1"
1674,"577.2721099621319, 753.6148101960052, 646.13970105727, 1282.3296231005604, -1, -1, -1"
1675,"5736.718098365413, 598.1663606632387, 734.9462308067934, 420.2219844453828, -1, -1, -1"
1676,"860.9337479024175, 516.1244121391363, 818.2739899082073, 614.8898910985869, -1, -1, -1"
1677,"689.3349500737995, 536.5193009792515, 516.9451898030301, 184.8568394554548, -1, -1, -1"
1678,"236.28276169899755, 346.79519957535643, 406.9632382175953, 781.9338087008798, -1, -1, -1"
1679,"2048.1352805334345, 219.84017790438276, 278.50390727939055, 428.9973682901495, -1, -1, -1"
1680,"1419.0343977785328, 993.5734805321043, 85.2751113164065, 684.571263556161, -1, -1, -1"
1681,"576.6007016032498, 315.2220084642202, 263.33283077867554, 196.80209863606729, -1, -1, -1"
1682,"880.3040234709352, 1381.8980999426087, 211.0979409258284, 398.57135948309866, -1, -1, -1"
1683,"570.4213424763394, 4008.0431951778473, 497.6993279414728, 154.2036127317716, -1, -1, -1"
1684,"2734.798383309993, 914.7716591562571, 351.499224926788, 302.8122723498219, -1, -1, -1"
1685,"242.4471467100911, 610.5819060513813, 1282.8388875722292, 460.26427344724857, -1, -1, -1"
1686,"612.0665885870844, 4491.393242110215, 100.2317878257401, 652.0410122045525, -1, -1, -1"
1687,"797.1464528743031, 46.44634060017038, 470.89619355759504, 164.31459072190356, -1, -1, -1"
1688,"543.8801933782415, 110.15417473805043, 411.3508951014184, 259.8104648496505, -1, -1, -1"
1689,"891.4677509275325, 648.4279813536215, 428.92806326348716, 390.6073799154774, -1, -1, -1"
1690,"4169.863817102167, 170.37605713240123, 121.60904262296125, 333.859732867306, -1, -1, -1"
1691,"979.3696245587154, 273.482492265888, 100.25021380691166, 227.99944343033934, -1, -1, -1"
1692,"2757.2312842858264, 6268.684259951907, 986.975959575013, 62.3382019358414, -1, -1, -1"
1693,"132.233539981668, 128.2267214159023, 120.80852280317984, 2744.4716419816878, -1, -1, -1"
1694,"319.2174475290048, 231.0778267389527, 812.426000880544, 243.13809607385267, -1, -1, -1"
1695,"969.5295896068004, 111.86699052734487, 1954.8501000964247, 113.56445783008942, -1, -1, -1"
1696,"121.71669829787939, 713.986399055466, 465.4407445997423, 281.1595349778181, -1, -1, -1"
1697,"836.9578784544842, 996.1264457630027, 320.1758872575803, 154.26330378340418, -1, -1, -1"
1698,"2018.827204891184, 802.0795838100154, 1259.4935094925318, 434.929191922417, -1, -1, -1"
1699,"152.7127032979466, 731.3007333577198, 3008.4894442293953, 134.168528291214, -1, -1, -1"
1700,"268.5297248331246, 492.1696520256144, 358.4737008277251, 261.933025403822, 168.22517577614437, -1, -1"
1701,"852.7321659843714, 689.2011571765457, 150.72383039565128, 202.2325044494017, 123.46208492699274, -1, -1"
1702,"93.62811234240993, 273.2963861156366, 310.3103140131823, 225.67993285364363, 96.32848945706118, -1, -1"
1703,"68.2363864741804, 2561.9482779318514, 200.6057867615797, 589.5184916411206, 433.16449215212396, -1, -1"
1704,"381.35428991100406, 1806.8799439773043, 404.787988017506, 397.58457037525966, 238.5369381548734, -1, -1"
1705,"522.0941828474671, 814.3185415700418, 525.1632424765369, 374.36285533651136, 966.4583275875518, -1, -1"
1706,"2874.586556617099, 388.26095596599157, 692.5651372277933, 1415.0001509827907, 111.34374371811285, -1, -1"
1707,"187.04189379505968, 2923.8426068565905, 70.61125547177696, 52.41405844699799, 397.23545437465776, -1, -1"
1708,"459.3251638720059, 106.12161839358521, 5313.845307580224, 238.20626594509824, 408.2728670936643, -1, -1"
1709,"166.526303376136, 437.379482133425, 615.2665022346632, 219.1777516907848, 99.7104361955547, -1, -1"
1710,"3048.8114703055867, 797.3206922538614, 737.95694841502, 125.637997890082, 51.720597884187086, -1, -1"
1711,"1810.074709569589, 174.3395903174057, 196.31341660128268, 388.8498869384413, 321.60707535686515, -1, -1"
1712,"220.07091603504722, 547.419099782104, 427.7900086516185, 688.1167099568474, 250.72520588051233, -1, -1"
1713,"86.26920823041934, 368.55142821097144, 1761.741609029465, 1385.70728272691, 712.1792669736099, -1, -1"
1714,"540.5872734341108, 194.14522333667725, 599.6216503336019, 51.24806455124959, 334.0309737665274, -1, -1"
1715,"298.3031766296451, 330.9722696813536, 605.764967109706, 170.46648489395085, 178.74646287978896, -1, -1"
1716,"226.41645640773504, 1485.0747377243006, 357.39642285121613, 245.8100645200623, 207.81754212843566, -1, -1"
1717,"55.979338983581684, 170.82120313202347, 2453.395391437349, 267.5500028282187, 456.51486097564793, -1, -1"
1718,"198.51052844890916, 415.1995443812882, 689.7801309753308, 426.4448812782976, 171.52177641809516, -1, -1"
1719,"299.6513797559588, 744.090319112911, 324.54479454837343, 855.4928326507069, 297.1897321916358, -1, -1"
1720,"1443.02200375399, 471.12175477021896, 2182.5208971941406, 118.78612916124877, 125.23645720660758, -1, -1"
1721,"407.8412132931981, 496.6940623975689, 615.826321549257, 326.1276527551315, 469.3912934366415, -1, -1"
1722,"328.27128552755147, 1046.7606037350733, 630.5478338090394, 546.3696397852341, 569.2055416538499, -1, -1"
1723,"762.6690230195607, 283.9810140942945, 236.23838053910882, 1135.4405221689144, 61.79830402942585, -1, -1"
1724,"451.7828706810047, 445.9325546870013, 1409.5105757038182, 233.68359193955027, 249.8100029007972, -1, -1"
1725,"780.6631977293615, 2810.9396572708138, 169.79831644977276, 228.01698351717965, 107.09988112531319, -1, -1"
1726,"138.63349381169553, 422.88434197580165, 37.85310650181871, 279.23512972006506, 1954.5940177746327, -1, -1"
1727,"349.608353216426, 707.0251987689367, 90.02370232259631, 124.49026250056971, 99.06135297020403, -1, -1"
1728,"664.9715964026614, 895.3599028841155, 335.17697757818337, 146.24070787329111, 116.25159729453668, -1, -1"
1729,"672.3595082938863, 1220.2166037542074, 456.2013483663059, 1063.9140601708557, 310.7651952312387, -1, -1"
1730,"230.04425603347983, 172.72093458665012, 3981.0861906954287, 1928.1669027486555, 370.1061168560649, -1, -1"
1731,"487.92881459054195, 517.3517497567998, 393.7591472366556, 232.22212832785914, 259.8759867171801, -1, -1"
1732,"346.81888500813693, 134.3895436767635, 269.270448411877, 197.62653149909812, 1911.537988248308, -1, -1"
1733,"250.16455683764798, 255.59533960287627, 125.83809513839353, 252.35394871069494, 522.9906662921572, -1, -1"
1734,"731.0404333078942, 307.5631529923965, 974.2919387819487, 421.6271324520294, 762.327460973636, -1, -1"
1735,"731.6282456973481, 265.35710103892507, 100.1493362613028, 112.39581698307146, 369.82204235264714, -1, -1"
1736,"901.4483340178851, 1157.828232976563, 566.5011839798435, 485.68351152338414, 156.96749256356657, -1, -1"
1737,"275.80413119146897, 421.417686237747, 1299.4988026130745, 184.32755646395165, 343.4506625954625, -1, -1"
1738,"355.1245258719018, 498.17661044822296, 155.45315968904703, 512.9958607838068, 231.51715883963513, -1, -1"
1739,"169.7678560280944, 2047.0878872368032, 691.0962243562768, 120.95035504156562, 160.68919787927587, -1, -1"
1740,"522.0553439548279, 506.0462264370931, 524.0777694438357, 337.2516682594004, 539.7641630102898, -1, -1"
1741,"1995.3595985348552, 2062.6569839836257, 127.52965265805395, 902.7059780028171, 396.73655128672624, -1, -1"
1742,"871.2404326678275, 4144.413391495448, 479.2748940146993, 2912.248049519476, 160.73613122467432, -1, -1"
1743,"1226.6012658946336, 125.77233094149747, 94.34851465726615, 770.4454194720444, 175.282567926083, -1, -1"
1744,"610.7366465298438, 3688.6344670736325, 2772.5941632097456, 455.98970242870433, 114.16661184946845, -1, -1"
1745,"2662.3868709062826, 512.3764943762613, 198.74087412257532, 588.4088049362834, 88.8219315805545, -1, -1"
1746,"467.858086759644, 59.699975018274685, 131.87796503819666, 688.9748335968461, 1151.599476892451, -1, -1"
1747,"678.3625861737751, 276.9356285943864, 92.20437808391377, 693.088085022068, 1078.99615493984, -1, -1"
1748,"734.5433896070311, 473.84012356822035, 783.2622686224876, 224.83608546395644, 345.9818165165649, -1, -1"
1749,"121.35956373494746, 293.6995670347314, 849.9034400968862, 136.62595753703002, 525.187872188654, -1, -1"
1750,"1720.0718204537447, 162.62358427865829, 281.02635489228373, 561.4998527401085, 141.33461251012702, -1, -1"
1751,"567.1509337308772, 672.3393910304076, 65.26894057845787, 343.02177308528616, 1515.7357056912717, -1, -1"
1752,"9905.534912812804, 214.75893548185013, 250.1218159563992, 679.5510880225696, 1138.2802630188412, -1, -1"
1753,"884.693005060963, 673.9614853111967, 586.3747912768328, 337.9273499810838, 269.56577865946014, -1, -1"
1754,"5744.632427060297, 2072.438556826511, 611.14696036637, 163.5237251550123, 99.83746802375185, -1, -1"
1755,"1460.3375761527027, 698.557452238729, 128.32123363240498, 312.36820504743787, 750.4423903504112, -1, -1"
1756,"1284.5700620725663, 650.6824601910047, 142.12274670390005, 1687.3229234703688, 340.4003187443093, -1, -1"
1757,"1011.0544101729955, 286.9233818986576, 73.12113334223417, 343.7258438557459, 340.276768232545, -1, -1"
1758,"1382.7179191635475, 177.46080286625343, 1017.4046484383232, 60.33256852669699, 356.22297374142937, -1, -1"
1759,"124.84220709380847, 121.0862728170124, 79.72796803785741, 1031.197519785107, 764.352101036946, -1, -1"
1760,"270.0208832225883, 1318.123093182233, 455.3089743321976, 2271.6135376020065, 314.161021318694, -1, -1"
1761,"189.9131525492964, 544.868388843058, 2885.519085569045, 336.25407485053205, 545.9489852226691, -1, -1"
1762,"235.12017722888933, 48.924607260873486, 329.9027151801396, 153.2751542637765, 190.7615965436455, -1, -1"
1763,"1109.558484527706, 254.2567018681481, 586.7978423641357, 169.05872298655322, 356.7449738928536, -1, -1"
1764,"1435.3184511259265, 1303.4897771757123, 612.8919146303626, 171.03220753670772, 1270.0639975511078, -1, -1"
1765,"88.74013608719378, 82.63350793006197, 708.0201157157877, 484.2009507331045, 1592.8693716746047, -1, -1"
1766,"347.421735515941, 2782.616221865372, 244.28854552116087, 1868.0367555596506, 107.45233710062539, -1, -1"
1767,"461.0849984365102, 314.55401909060987, 111.70058702684352, 199.96007648949467, 471.04958254070795, -1, -1"
1768,"232.33325513645823, 183.51714096547278, 97.02079912265116, 497.5310787467323, 466.4321971769244, -1, -1"
1769,"140.47946006660612, 238.69542064071544, 173.95612783568248, 300.9885851697301, 251.32670122682876, -1, -1"
1770,"1972.976636414011, 215.17250611397142, 932.8481871989358, 476.77078388930926, 1944.1155135660185, -1, -1"
1771,"973.1434769621067, 480.17981100773335, 71.3593931676797, 248.8645747474849, 244.1119070380159, -1, -1"
1772,"931.0829697672007, 239.68314343191565, 2941.9692131040947, 159.74239836655084, 191.10829349391878, -1, -1"
1773,"4332.873821719561, 324.97880878255245, 48.91061065850036, 399.5811060070174, 607.3711026781551, -1, -1"
1774,"723.0251374446783, 647.5368847497674, 131.81017388801362, 344.61498581512603, 4345.219186541643, -1, -1"
1775,"487.96134996394676, 194.18548226211655, 210.758852732091, 161.59727071788564, 335.93499993096646, -1, -1"
1776,"1223.8196405982558, 300.13054316245695, 79.77475009745692, 396.14795402161633, 258.89672777523583, -1, -1"
1777,"2381.788142920139, 546.5093501802403, 647.0310559297561, 540.0776585475652, 285.6047611868706, -1, -1"
1778,"545.6133684610979, 71.42189000955368, 233.50570558484728, 852.278981725912, 336.80678253881206, -1, -1"
1779,"773.5533224766717, 4102.230300460704, 38.3717618270512, 154.46029600987066, 594.8458815447373, -1, -1"
1780,"438.3678646884684, 322.04558285144856, 260.4969738979032, 958.694806997791, 259.62452294612876, -1, -1"
1781,"284.69816191190074, 277.6018371777917, 127.81974776060963, 157.74408095503154, 2737.930989328643, -1, -1"
1782,"410.43099942843816, 351.69651699235186, 390.32068197570493, 238.20207514925073, 77.06159096102877, -1, -1"
1783,"2852.6438392315686, 86.40794787660087, 314.6642417540534, 322.09331876720717, 396.88208080248853, -1, -1"
1784,"1273.2246295155605, 268.6833252461561, 235.44825986681633, 1671.010653173812, 107.0434407806996, -1, -1"
1785,"383.2373545780269, 1276.602719075756, 845.2978033438086, 749.714151436071, 85.83218509596423, -1, -1"
1786,"614.2000013201405, 316.3321849481559, 771.5596838997653, 1067.223364854236, 1275.4222369296344, -1, -1"
1787,"125.40514640751513, 407.5492982175689, 1447.8118180329388, 2935.1900184923807, 500.10608614525984, -1, -1"
1788,"1538.5756605153508, 346.1259333039818, 563.7313350008853, 397.0746783970709, 249.04511990802104, -1, -1"
1789,"702.4754175533742, 177.55344920167533, 1135.1252615876756, 678.5320536609876, 490.99252734240036, -1, -1"
1790,"124.83140927593828, 614.3601856653107, 556.8546383961259, 2154.3183839910103, 81.14085444902295, -1, -1"
1791,"2804.6655974133487, 211.23911783084907, 2081.0127839695547, 177.18837143522325, 764.423042050462, -1, -1"
1792,"1244.6690522848758, 470.57127872674937, 2122.997408641662, 3285.7551617259405, 121.2548092369655, -1, -1"
1793,"70.73929541472641, 1454.944502719482, 334.0047907221866, 126.19432054067468, 179.33885156748167, -1, -1"
1794,"1074.298991792952, 358.60527655525476, 330.59829130623086, 451.3328221244278, 1267.6751857438935, -1, -1"
1795,"488.2274939742676, 253.49321256416013, 742.4755988192801, 290.36683602369055, 1194.3261260696122, -1, -1"
1796,"674.7481295804312, 367.21505965084634, 1551.7672313673054, 689.6047007255945, 446.94710001227327, -1, -1"
1797,"160.94781540873592, 687.0995262446913, 132.04638370195997, 1289.2614800133103, 405.3474488636092, -1, -1"
1798,"297.33546871818544, 784.015186328942, 1463.5317042739555, 334.1275918345269, 423.4313091291206, -1, -1"
1799,"545.8791530010903, 370.2427236685173, 584.2700144538337, 400.4468798615166, 255.98379491894661, -1, -1"
1800,"786.1108676331542, 552.5687329841652, 653.1427789035405, 155.99153360369468, 580.9019916382782, 76.19152168858467, -1"
1801,"778.8707316867096, 151.14504797921927, 120.26033916586391, 548.310024675025, 92.34394888856534, 548.2960569594127, -1"
1802,"974.5831477640377, 544.0329711039669, 485.5804914327205, 236.23305617636765, 1453.2981891265813, 79.68939345574289, -1"
1803,"2180.2852161697983, 1717.375513631839, 1089.7401844342553, 421.8440697600924, 491.6585357788214, 477.7779037935731, -1"
1804,"462.8451011953539, 316.4814849625428, 171.38930409903517, 845.6492563860165, 688.6226257853398, 118.56695304138069, -1"
1805,"1612.918467556107, 494.32915754249984, 2261.8641743459166, 101.87959119450919, 70.57217836583507, 114.56703396201414, -1"
1806,"565.3819448541597, 534.9455921600758, 1151.9625395788128, 44.87353950650266, 749.1253783643864, 1717.4071632870114, -1"
1807,"193.20443645212657, 373.8186497613114, 180.62803540782403, 591.4760337130782, 71.49798149619329, 1369.305603957021, -1"
1808,"927.0854949490576, 1181.7498153635904, 486.00871250365947, 228.22777015903284, 444.3601353459525, 74.12356068868476, -1"
1809,"71.23712921469514, 144.09866634866805, 345.5300197136366, 83.50391519197049, 99.30805152638183, 1300.238487616471, -1"
1810,"4754.071764765771, 118.24621890069695, 1672.4915835239685, 350.6558011641123, 158.512589446361, 547.8297601664179, -1"
1811,"2646.041259380805, 1269.1656150413364, 1206.6078088916674, 59.324228753506056, 278.15649545835174, 485.95761521540675, -1"
1812,"544.6175846667949, 3489.067641405728, 575.9658624558208, 454.5343073803812, 77.83171830184394, 463.7500346168588, -1"
1813,"840.1344789442933, 1315.8172120042639, 565.4429924058902, 191.91012189557068, 151.98683670941045, 229.9905053606519, -1"
1814,"348.0990885384461, 924.5454606788626, 135.71125914107063, 275.9446762231546, 112.47557916501779, 860.4855710065963, -1"
1815,"73.66440016375623, 2405.2640325342336, 496.91203980993214, 191.2738770543575, 388.060217096727, 75.8142233343626, -1"
1816,"125.20795202573453, 1020.386678220844, 156.82430135480712, 650.1778157079737, 328.97616842716735, 640.5815688966375, -1"
1817,"1639.3291009833406, 317.79416018320944, 49.312136904253435, 370.00752137038114, 134.04958606642145, 87.5640619179045, -1"
1818,"635.4216293480602, 312.183725095372, 570.5126078872482, 925.756345573712, 206.55473792562105, 309.83426073881344, -1"
1819,"1246.2783632730016, 237.76073271113904, 378.90357093709275, 281.68037982427984, 139.46097642665856, 150.86387245221604, -1"
1820,"538.9366223806742, 108.17243512390745, 536.8652915543393, 191.07048624244214, 162.34532779697173, 130.80293120078807, -1"
1821,"63.70444218303798, 764.618829319952, 386.9939391055418, 833.4053543752609, 427.57404891009463, 182.12728527485086, -1"
1822,"175.01336566710285, 1273.428329734396, 155.17403455736417, 3243.3168532727304, 144.52529913320393, 100.37934646749218, -1"
1823,"444.53315109106484, 964.170705131558, 231.26386904539913, 362.17214774059795, 180.99063631651532, 1251.072222194806, -1"
1824,"522.178491212522, 347.59688476037775, 175.19445578614136, 2514.126587612206, 867.2744689279376, 191.38668682074234, -1"
1825,"267.3652448179243, 2293.7586970909497, 520.8145503836167, 66.30585173713587, 298.97551777959484, 339.0123608613832, -1"
1826,"204.12748545809, 243.7943873026916, 5728.177444394536, 285.122653792586, 372.7249678873328, 621.4376868377014, -1"
1827,"80.64942155000858, 425.9741948162329, 242.23248622172994, 384.4288459040936, 1486.7683163733077, 105.32126145313937, -1"
1828,"188.2873458477398, 151.76325504655262, 638.3165874475424, 768.9592557909089, 384.7226128769501, 831.6173954261577, -1"
1829,"628.2929004070961, 190.72288010525858, 774.3017600108167, 277.6494252215164, 1621.0052339198357, 172.2959223867693, -1"
1830,"1232.052996375688, 874.4797340127675, 1189.127824295964, 306.7755863252127, 245.89093364799015, 191.65397274467188, -1"
1831,"692.0434665059154, 890.7090668394477, 181.99759596564712, 225.08563513525155, 1122.7804555132984, 215.12636358040407, -1"
1832,"624.8275959618497, 298.69278434161333, 317.8232801312644, 142.08864100960903, 137.9764303673153, 410.026044317849, -1"
1833,"303.63528205378105, 233.22335167960958, 327.3691839860165, 725.1113505787984, 221.4725280044655, 554.1566510741752, -1"
1834,"34.26355618215658, 2779.268797402907, 226.15034431363767, 69.5840873639675, 465.68824724568344, 113.35347122663035, -1"
1835,"194.06217853348892, 947.0622504006893, 207.12809482710497, 619.871221326191, 460.11346751002617, 650.3022139287818, -1"
1836,"398.4371868096908, 713.1222820865141, 108.23379737455974, 327.2772969666191, 178.316351281577, 1418.7954772653852, -1"
1837,"218.100166254653, 506.2996384225538, 294.7785623388547, 1212.6304981459518, 748.8391559292359, 70.04378925924817, -1"
1838,"49.532372418410844, 1875.0564096209898, 529.7262654726659, 798.0358032449132, 438.47187697434964, 61.137062282415414, -1"
1839,"796.0862835936521, 162.53485739534105, 194.26632263151149, 874.079180989708, 556.4056382947603, 2598.416842077235, -1"
1840,"330.9533884667852, 618.1589996938491, 2738.025896731914, 1659.790463284851, 470.16553236687895, 168.58373950179345, -1"
1841,"352.9184427944512, 314.82239592269093, 617.0810853227822, 454.7537960968283, 2681.307241626081, 3526.4575750459876, -1"
1842,"268.12280524469156, 5119.418620072817, 1247.199257760958, 115.96667107713971, 104.16959309997414, 77.83043810258138, -1"
1843,"465.95669270193866, 492.6260870275893, 722.8187630513677, 141.52383558806207, 269.09108576417634, 143.08023222002626, -1"
1844,"686.9191161708982, 351.89530588093754, 125.38072573541709, 842.0019707172668, 2008.446057893107, 476.5730682215595, -1"
1845,"752.213484833746, 7995.773549658881, 315.49187461250546, 128.31387504296538, 283.71535733007596, 107.29414512068237, -1"
1846,"216.23469433228482, 86.12074617678877, 147.18766851208915, 225.27522290043044, 145.30852712779057, 679.2829439302608, -1"
1847,"2320.5692238945817, 59.80594007317114, 365.89187223078227, 225.88833426387902, 154.2912020030913, 105.02931209752191, -1"
1848,"782.2050532338092, 631.6317596178476, 451.0909294648904, 1119.5670659868642, 116.1418301003219, 255.55049230251024, -1"
1849,"348.87722205400155, 165.1327081963182, 626.0460778565166, 1592.761465824567, 1830.4949955774132, 213.2664009424305, -1"
1850,"1491.5083197908023, 307.19620252501977, 152.57803594633896, 4363.056053129635, 446.22317793622307, 832.4269670231785, -1"
1851,"1385.967212064136, 931.3878135532628, 219.99536899583387, 268.701663923906, 300.1372755437937, 657.9195448342634, -1"
1852,"157.9119224469334, 37.211163344098125, 572.2358723785584, 212.72680163090828, 377.96055851147366, 1397.2885987067216, -1"
1853,"206.97565922541983, 744.3558809557011, 535.1012399915569, 2942.552427483542, 192.0013527808258, 302.382060382116, -1"
1854,"105.97487250133076, 354.60404054313204, 460.6897867220039, 157.94818966149535, 169.32299875654593, 369.3734489993366, -1"
1855,"625.9911960169757, 494.06460432326793, 185.61854672775885, 1687.8531294328966, 113.33589421818274, 258.67603055657776, -1"
1856,"209.61285232679927, 2799.8215318821008, 2820.0706258481573, 288.1647322125265, 228.65557845587972, 576.9404504872895, -1"
1857,"309.3232177643945, 1632.2433251539367, 325.6342214967564, 485.94207263383316, 388.3692872424301, 240.6642865314384, -1"
1858,"620.199326936028, 542.3889206604625, 273.606140120652, 330.1680922062329, 366.51174812897096, 539.3799670613254, -1"
1859,"4475.418532853435, 246.3845978616664, 46.639069189029556, 206.8893650559907, 160.8898422476557, 233.0381847551077, -1"
1860,"655.0603366316902, 51.37925714921032, 454.09385479661654, 575.3291124153201, 685.7720758930266, 464.0874475714968, -1"
1861,"108.64169766144872, 637.9837803272037, 984.0593682383916, 1508.7804578010741, 403.9858555818165, 314.83080080611944, -1"
1862,"331.50337914184587, 540.3121508785864, 619.0226828781553, 368.2768041519534, 346.62750761814226, 736.9400026216654, -1"
1863,"529.6137101850766, 298.5210756763281, 239.76261318438117, 461.1313982476618, 1258.0317420934127, 473.1093930456049, -1"
1864,"295.23898008695033, 439.11170467193705, 247.6939551153312, 158.79154798906944, 804.7860686467653, 150.97604712837278, -1"
1865,"116.13974033743068, 641.7752796653722, 252.01166794263912, 359.3246127892767, 371.29936357653406, 491.8147471597058, -1"
1866,"1573.0910053549987, 2744.1851526631604, 423.5908239518661, 371.5271682602641, 487.91375435677185, 78.14390035182808, -1"
1867,"1434.7721251163844, 378.13551421987165, 2346.8583944415295, 307.1512724225026, 392.9196800263033, 547.9093265566273, -1"
1868,"211.16533981355565, 359.90299016377014, 374.7112159634621, 219.2036437088524, 204.55672578542465, 2122.840631131324, -1"
1869,"134.10947738523672, 85.06118505020378, 366.15503451586113, 271.9061275739671, 2135.909324913501, 4231.5507568124085, -1"
1870,"778.2222065558819, 184.83085896680194, 685.867317298767, 1640.211793863345, 177.40911982217037, 98.63468335849075, -1"
1871,"322.7693996598304, 321.7962879001352, 568.1376984311249, 133.81436062535448, 270.2593962648656, 357.5284644525493, -1"
1872,"935.2868784527459, 895.1307773933524, 294.84229782754636, 266.247537516533, 1871.7924336322312, 196.07362856420923, -1"
1873,"284.4809227724013, 107.05702451723012, 251.55879816831748, 130.61916912687542, 811.0736234171236, 244.76359674593715, -1"
1874,"290.47922846841954, 568.7176829257321, 341.41707881824954, 1143.964979920677, 485.6600998308878, 62.79032538028783, -1"
1875,"633.4424015007689, 1467.9194012065007, 1687.9362713077435, 315.94337574702774, 814.1097127576331, 1740.4524959558362, -1"
1876,"1809.739997624265, 244.5664720873725, 296.3234197970532, 434.6747114841088, 1148.2167154124543, 125.52524313702082, -1"
1877,"92.3643853191445, 304.366951719612, 893.633054953753, 68.51237462631337, 198.79981995465175, 1479.9663049933579, -1"
1878,"550.1840427066629, 1077.6673823995463, 1386.573055327438, 1906.6720085676639, 92.47438608823008, 695.7304079520657, -1"
1879,"191.9487028053358, 370.47632556002736, 142.4478847943007, 505.87428382271725, 1069.748350237743, 214.60803843023746, -1"
1880,"308.50871208761066, 115.16730672664018, 994.845280798281, 86.85147303824438, 462.5636639362757, 166.77078923348185, -1"
1881,"50.053898332255656, 121.04933099242166, 136.62296333519032, 283.32475188450235, 580.7173864413733, 2807.3197617500955, -1"
1882,"267.14757124648236, 367.68172279004796, 544.4571291617934, 479.04230653323356, 430.1649422591105, 308.1858470630383, -1"
1883,"766.3351896719191, 1540.7303014974696, 424.343014512061, 435.2948423303535, 415.9703538582677, 79.75832752323427, -1"
1884,"483.4874049985176, 223.84825759085183, 504.0386609357075, 167.16130182729748, 118.9879140537479, 217.60305348493839, -1"
1885,"183.12878578965376, 177.28665687915358, 340.24922390770143, 1138.8031287833642, 666.772584701581, 231.84541896227358, -1"
1886,"254.63753106298293, 404.3291840333221, 2900.467223370024, 426.81369696283684, 917.1008730180481, 74.98721665511002, -1"
1887,"164.2917169679186, 222.59176447985914, 120.11999484686197, 5737.906789645203, 1344.9909718728768, 202.64979153014608, -1"
1888,"69.18324803810856, 1071.3337054927956, 140.10493588568164, 2735.366487323344, 208.41925968218052, 291.3044291537012, -1"
1889,"851.9238300582471, 1334.633688857116, 637.1998689590758, 1417.7976458972498, 109.12522044280163, 90.07181120482134, -1"
1890,"3305.8902796744414, 1077.7134575163761, 381.7005121045215, 254.51747515017172, 1092.2563660950057, 242.47240665850757, -1"
1891,"214.23478262027447, 613.0588556600121, 318.92862841775536, 312.8337077831521, 214.31321264879256, 166.37609981768742, -1"
1892,"371.8894711567589, 418.69857475772494, 201.13324324821193, 219.65797075481566, 88.26273460578142, 1466.4277911580634, -1"
1893,"545.1596543187853, 155.24602580617446, 863.078838097997, 345.3828369361638, 506.4188439979071, 573.4384856181517, -1"
1894,"340.7382626811262, 450.96318012919494, 642.3714462747138, 420.2584472901383, 119.36035765794672, 1527.7029356905027, -1"
1895,"100.26652495729502, 110.74024267875566, 259.15823742201167, 691.4607346274763, 596.6861737417577, 144.97108396789827, -1"
1896,"164.2208362965166, 2315.3706436549573, 210.1624984178656, 408.46347821692683, 5071.677047512579, 961.8251133703226, -1"
1897,"1836.0252199123743, 401.6246044014815, 1320.406413318225, 180.38897438560358, 81.54317145574558, 107.16231975367224, -1"
1898,"428.57293560443003, 530.1936628443932, 293.2416027685448, 3612.7797884756524, 554.5551204528598, 111.56882095753515, -1"
1899,"257.6690920304505, 759.5318686258812, 411.13661691001676, 928.4895683523529, 68.886482984261, 296.095399801414, -1"
1900,"628.8266456442312, 73.56437679993994, 2262.9213521720962, -1, -1, -1, -1"
1901,"881.1685589652039, 508.6395542890383, 2600.8745980759863, -1, -1, -1, -1"
1902,"889.5699637661179, 2900.10872103603, 903.9554737266878, -1, -1, -1, -1"
1903,"569.7258589628509, 91.74874023308747, 1297.7079915400006, -1, -1, -1, -1"
1904,"866.8511777455051, 344.91446012187, 1962.7468265718642, -1, -1, -1, -1"
1905,"258.4835058584241, 306.372387323197, 738.2959641623494, -1, -1, -1, -1"
1906,"77.01088044928692, 565.6364540576719, 2583.0716306650256, -1, -1, -1, -1"
1907,"799.9216583096746, 467.0979117989947, 127.3480962306674, -1, -1, -1, -1"
1908,"160.59400328540733, 879.2210110017987, 4365.437190590102, -1, -1, -1, -1"
1909,"533.178472384478, 1888.9262052571298, 443.83715102310515, -1, -1, -1, -1"
1910,"1477.1093687537266, 670.4003373488149, 4263.594596869355, -1, -1, -1, -1"
1911,"674.3659935217108, 662.9598119594042, 95.40601832588425, -1, -1, -1, -1"
1912,"1153.4136084389452, 906.9381946201847, 2492.923786263486, -1, -1, -1, -1"
1913,"207.1188813512887, 5313.503881052127, 479.346072248896, -1, -1, -1, -1"
1914,"263.0782654302162, 2637.787382417007, 921.480678153581, -1, -1, -1, -1"
1915,"1512.027755903071, 352.42927215828047, 813.7758779894044, -1, -1, -1, -1"
1916,"232.66862493914238, 1023.4940481612632, 272.022327225531, -1, -1, -1, -1"
1917,"1088.6747748808239, 1024.0465446791936, 441.96535544981293, -1, -1, -1, -1"
1918,"1119.1516437352727, 605.0887049058297, 357.62494869350627, -1, -1, -1, -1"
1919,"2519.6407482914537, 530.4722653547597, 364.47789891108135, -1, -1, -1, -1"
1920,"8871.327816342251, 230.97959504184465, 989.192805598079, -1, -1, -1, -1"
1921,"1726.777030219301, 205.12584382097253, 145.07228292416315, -1, -1, -1, -1"
1922,"659.362518731113, 226.56973237320827, 633.5708568825345, -1, -1, -1, -1"
1923,"207.5731199039936, 864.2907817651461, 1093.8514053754661, -1, -1, -1, -1"
1924,"512.411005516294, 841.2713398974015, 438.01538899896906, -1, -1, -1, -1"
1925,"1846.858491884646, 275.4679610853988, 703.6822645606705, -1, -1, -1, -1"
1926,"980.829619096801, 192.01463636207274, 579.6144554420016, -1, -1, -1, -1"
1927,"554.473942488065, 596.7938463434538, 383.1265673783367, -1, -1, -1, -1"
1928,"732.2328555513227, 351.145178991888, 1108.8365652289724, -1, -1, -1, -1"
1929,"3223.9710712794586, 634.7372036361428, 299.31808624138966, -1, -1, -1, -1"
1930,"1122.121770054851, 286.9858911037774, 235.8540750043432, -1, -1, -1, -1"
1931,"859.9982341703817, 591.3205019567092, 2044.380448787485, -1, -1, -1, -1"
1932,"164.64800850161274, 710.2038700107247, 153.1177734286873, -1, -1, -1, -1"
1933,"192.37571423175797, 297.6896117047638, 345.33287338221515, -1, -1, -1, -1"
1934,"1535.0623034890127, 290.51230839727253, 295.89930415451425, -1, -1, -1, -1"
1935,"1237.754041982273, 96.22889853936584, 696.1950255026676, -1, -1, -1, -1"
1936,"925.4873368684315, 207.20288635433758, 234.56321349286037, -1, -1, -1, -1"
1937,"3099.3739214011985, 638.0319301220713, 5445.030860619116, -1, -1, -1, -1"
1938,"2106.7235404357034, 1971.082831941748, 594.3438260430178, -1, -1, -1, -1"
1939,"645.001456931924, 1222.0773834925203, 1300.712139096208, -1, -1, -1, -1"
1940,"318.5210573290234, 119.23978125747996, 1602.8987051360098, -1, -1, -1, -1"
1941,"71.46909425691888, 586.0552585605839, 1190.6738371413553, -1, -1, -1, -1"
1942,"1556.9358013702997, 701.264339096307, 541.1222253606808, -1, -1, -1, -1"
1943,"71.74994008582809, 901.4493674559089, 282.6740395262204, -1, -1, -1, -1"
1944,"1101.193271624128, 1251.416855638742, 1788.6521781042416, -1, -1, -1, -1"
1945,"5730.351639074823, 92.0059669008517, 560.447604537206, -1, -1, -1, -1"
1946,"852.2235551980979, 398.8774967552036, 362.4329439160849, -1, -1, -1, -1"
1947,"2349.5781611979337, 775.1710280108431, 942.9607793316809, -1, -1, -1, -1"
1948,"75.97674629835552, 494.88726347906777, 273.49564627523364, -1, -1, -1, -1"
1949,"1250.5266674257755, 1035.7200729869205, 843.9966929394432, -1, -1, -1, -1"
1950,"267.3752784584285, 587.7860273893181, 387.376288107047, -1, -1, -1, -1"
1951,"1248.7170567007404, 829.5396620482002, 672.6322360860456, -1, -1, -1, -1"
1952,"270.6740498640934, 233.51332113075472, 1037.333624947376, -1, -1, -1, -1"
1953,"876.9722920195436, 243.879424827307, 3145.9996492834166, -1, -1, -1, -1"
1954,"863.3162713944687, 472.67551220329756, 293.0287795450592, -1, -1, -1, -1"
1955,"948.4307047374558, 72.10298313598665, 251.84804298914855, -1, -1, -1, -1"
1956,"346.8520075548614, 777.893785593793, 1112.0704847877255, -1, -1, -1, -1"
1957,"3037.773477605945, 250.09959401496053, 301.24040497739674, -1, -1, -1, -1"
1958,"252.14758366984177, 200.46061791035885, 298.2204002218991, -1, -1, -1, -1"
1959,"245.76475537339246, 144.40849277818126, 251.10061709943687, -1, -1, -1, -1"
1960,"751.8489271028965, 1723.852071771917, 347.19627237623064, -1, -1, -1, -1"
1961,"2254.816223518007, 330.93733437092385, 615.9241337117994, -1, -1, -1, -1"
1962,"313.4230338438481, 245.0227860453765, 326.0261514848647, -1, -1, -1, -1"
1963,"1861.5258558402454, 1599.2064806920648, 516.4260826676044, -1, -1, -1, -1"
1964,"500.3688227752384, 285.22599541218244, 572.9057341986252, -1, -1, -1, -1"
1965,"698.7254220918654, 443.39289311562027, 340.0981909210291, -1, -1, -1, -1"
1966,"72.92548006550432, 1244.3780724709948, 301.0503597925837, -1, -1, -1, -1"
1967,"129.46115194616863, 493.319039487903, 183.10403080609925, -1, -1, -1, -1"
1968,"120.25180472252916, 990.6765984070893, 230.6562844190944, -1, -1, -1, -1"
1969,"2236.416044221647, 991.0657123516046, 3313.6834174916016, -1, -1, -1, -1"
1970,"3088.546033883437, 222.15628148066529, 2708.3408002020997, -1, -1, -1, -1"
1971,"1392.391863469974, 739.7790260031411, 1148.517237426122, -1, -1, -1, -1"
1972,"293.6869762899271, 1638.8075599451618, 168.68787804796162, -1, -1, -1, -1"
1973,"335.99842892934714, 703.2975543913328, 386.40929131908706, -1, -1, -1, -1"
1974,"1331.8957638455022, 206.73196883365657, 1070.843721270984, -1, -1, -1, -1"
1975,"243.90572101879718, 4539.651626367342, 428.2632697576903, -1, -1, -1, -1"
1976,"607.1200553499066, 421.80456433432096, 618.7776004193387, -1, -1, -1, -1"
1977,"775.2572476597476, 298.8117236905624, 417.88699479892074, -1, -1, -1, -1"
1978,"248.0910481527049, 1085.4865421566758, 141.66692300310686, -1, -1, -1, -1"
1979,"6741.552088002136, 2539.0416901993412, 119.76837485107849, -1, -1, -1, -1"
1980,"866.8853345714881, 330.67831964082563, 327.62472511136895, -1, -1, -1, -1"
1981,"566.157263133805, 70.96890940495227, 1049.4150360298956, -1, -1, -1, -1"
1982,"1755.339873375067, 770.0980428713883, 707.0751154736852, -1, -1, -1, -1"
1983,"327.6777814865745, 687.6206696265376, 747.6701470939421, -1, -1, -1, -1"
1984,"2488.1927749637734, 1243.1261768125978, 356.2577789982918, -1, -1, -1, -1"
1985,"64.98666769927895, 1403.5714489351642, 834.6983647798976, -1, -1, -1, -1"
1986,"8306.933527733854, 392.9240365905179, 122.86492159554811, -1, -1, -1, -1"
1987,"341.94035286312555, 506.93564140230546, 868.1875922276064, -1, -1, -1, -1"
1988,"3647.998078134402, 366.409506018019, 4261.108029239808, -1, -1, -1, -1"
1989,"339.0627420886983, 1031.6061008417937, 1316.8262948624981, -1, -1, -1, -1"
1990,"1889.57576179524, 730.4021418136291, 1015.9409007038294, -1, -1, -1, -1"
1991,"228.45544694344102, 3050.0010511163555, 297.35584969923866, -1, -1, -1, -1"
1992,"1028.0804879456227, 3143.393172784472, 160.6602916116857, -1, -1, -1, -1"
1993,"675.0347237173343, 199.16806129959446, 155.7981852325979, -1, -1, -1, -1"
1994,"1871.9217889801664, 1328.9846249632283, 402.5159109170231, -1, -1, -1, -1"
1995,"1008.8365432844654, 1067.6755277276807, 5087.65344558178, -1, -1, -1, -1"
1996,"230.83902863073837, 442.370580113772, 311.9056889415919, -1, -1, -1, -1"
1997,"372.9306376868808, 470.9956543790883, 2250.124652601138, -1, -1, -1, -1"
1998,"1034.800006974844, 110.66592520803647, 566.1032422576834, -1, -1, -1, -1"
1999,"1141.894632622526, 951.9377578235841, 284.71070098104803, -1, -1, -1, -1"
2000,"296.1276849430043, 371.70864389622847, 369.5875337195934, 830.4254073220472, -1, -1, -1"
2001,"1191.4707348115437, 1280.016047517131, 167.77456923783836, 203.39800927857306, -1, -1, -1"
2002,"2435.469049978167, 2925.2756281689803, 217.04999868352814, 293.1273747261213, -1, -1, -1"
2003,"1002.2467005184014, 586.0059844403017, 615.3396768475849, 2631.857285867887, -1, -1, -1"
2004,"2570.5530078198212, 1031.7290835676883, 1194.2255366728134, 473.984056869451, -1, -1, -1"
2005,"2933.0068185144733, 1282.2739959367207, 455.37894288865994, 420.77727073776566, -1, -1, -1"
2006,"1647.562309582081, 915.5378843650489, 549.5074494167552, 544.5455967713062, -1, -1, -1"
2007,"979.9933151316434, 1050.6217588348354, 161.5252208844532, 357.0760346578274, -1, -1, -1"
2008,"456.3572927884132, 346.7377396514859, 694.4839774377997, 184.01947486691847, -1, -1, -1"
2009,"424.7871747290134, 141.81128296129043, 1077.4297632720668, 366.29933687572, -1, -1, -1"
2010,"841.6736811172775, 377.6689447988705, 1783.3139078393096, 377.27144893485786, -1, -1, -1"
2011,"2289.333290630858, 33.25499725793554, 1267.5715019054885, 622.4328694444276, -1, -1, -1"
2012,"86.84475768693181, 949.8557068326569, 247.41676703451049, 362.08053366330944, -1, -1, -1"
2013,"1131.5565716173353, 76.7333392675658, 123.409526898498, 2071.005785014243, -1, -1, -1"
2014,"372.45570070133215, 883.2123877727604, 236.29615976572452, 475.1772815970404, -1, -1, -1"
2015,"1469.033285654743, 1391.4502322294982, 1118.9154846145336, 99.47661748613633, -1, -1, -1"
2016,"499.16586364225515, 267.0498060687494, 404.16968961998066, 269.3290166961807, -1, -1, -1"
2017,"104.70137422000008, 215.89489485216006, 1143.4259527496215, 1511.8539550784237, -1, -1, -1"
2018,"228.18969560830465, 1822.22032290465, 475.1531260469708, 739.7511766549028, -1, -1, -1"
2019,"482.2282656014965, 962.5852986774453, 2334.391842867359, 562.9077309508139, -1, -1, -1"
2020,"332.04658310960184, 828.752391975738, 554.7889444994469, 297.9641458984948, -1, -1, -1"
2021,"686.2380970298, 1098.382947754344, 139.46018515623373, 336.74381777230167, -1, -1, -1"
2022,"434.0788407482761, 257.3051350811328, 218.86430547834718, 681.61455730375, -1, -1, -1"
2023,"1015.5505675522841, 63.074767457236206, 1196.0713966541475, 298.09046902903526, -1, -1, -1"
2024,"283.2903386495157, 722.0237909785781, 1479.559641975933, 244.4830274052833, -1, -1, -1"
2025,"610.505211275537, 296.748721377702, 836.0843311154111, 643.4249445187256, -1, -1, -1"
2026,"715.9664219963688, 367.65584323158873, 792.0178648755184, 3985.2781883085154, -1, -1, -1"
2027,"456.2290680313819, 263.14191787067693, 1870.7103012995626, 913.8957960952749, -1, -1, -1"
2028,"887.5796423001536, 494.7813133956, 884.7271916621979, 1155.9041492150507, -1, -1, -1"
2029,"534.5393241577256, 407.156796905506, 265.8397446423949, 474.1564985827594, -1, -1, -1"
2030,"203.04475174460032, 2075.198855482041, 1133.7439992965103, 1005.1204635192404, -1, -1, -1"
2031,"470.01289073568125, 520.3531161069908, 324.66893267797, 293.4605226747569, -1, -1, -1"
2032,"551.4041957173047, 1325.7777082822608, 209.27045395111438, 749.669897361151, -1, -1, -1"
2033,"707.0301577177706, 627.7992411586268, 283.56494685239784, 481.0830107619717, -1, -1, -1"
2034,"476.49275277214144, 308.7116688275154, 304.8187879022083, 353.3164546316506, -1, -1, -1"
2035,"5334.874512167335, 506.79027264154865, 201.51341716118293, 1470.1704557310002, -1, -1, -1"
2036,"165.93669172639585, 524.2397188819692, 614.7952944034525, 113.81307811047233, -1, -1, -1"
2037,"916.1395188968002, 218.60033843606502, 444.127053015225, 574.2314385221827, -1, -1, -1"
2038,"201.8103021766807, 601.6012721283939, 270.9494067806686, 812.3019769391041, -1, -1, -1"
2039,"309.2126394805408, 411.1080553219966, 260.2722545534539, 518.5495394992296, -1, -1, -1"
2040,"650.0598542699071, 841.3167256611061, 504.840506838139, 402.15664497684133, -1, -1, -1"
2041,"399.8867669796406, 2534.1518096541918, 1230.1830509620975, 948.5117662156487, -1, -1, -1"
2042,"646.7219524788928, 1973.910672906277, 401.000407341616, 1823.9112895392327, -1, -1, -1"
2043,"414.3433236401471, 4206.5120332228325, 1827.104760677351, 220.72288142381564, -1, -1, -1"
2044,"365.31086981781493, 142.16437492534482, 282.3269128941565, 1581.0731668724707, -1, -1, -1"
2045,"410.20064350907603, 490.5430696754666, 196.76901422105993, 352.0501225523661, -1, -1, -1"
2046,"436.72499191330246, 828.7748966224353, 1917.8898914001047, 155.33632847267168, -1, -1, -1"
2047,"1026.1542103593322, 576.9839989912302, 565.6787173744849, 4139.837608303681, -1, -1, -1"
2048,"286.51930020930973, 2732.5854116511287, 264.25540577921606, 1706.5901256448294, -1, -1, -1"
2049,"1106.992983090584, 69.13700180443021, 3274.370736028276, 309.96830043007924, -1, -1, -1"
2050,"382.11395382612636, 734.4837738445231, 739.7303172714196, 254.11756322830175, -1, -1, -1"
2051,"291.24092560348976, 158.061304999814, 350.1065436755836, 757.7037118280948, -1, -1, -1"
2052,"502.66936143643744, 289.61357539819613, 319.62829063694005, 1035.047420188851, -1, -1, -1"
2053,"915.5680977725457, 77.77321728163554, 510.48154504650404, 424.4827418153392, -1, -1, -1"
2054,"1024.5227804749795, 1327.0193852408722, 926.3092764987748, 579.6033818673308, -1, -1, -1"
2055,"1957.7001586723427, 2225.6328400875427, 788.1272022684044, 60.66633394813358, -1, -1, -1"
2056,"63.255487394030226, 738.3475390943679, 129.38172224848245, 606.6201211321177, -1, -1, -1"
2057,"1805.6304532338643, 308.14938714235336, 309.00184121402276, 568.518080290757, -1, -1, -1"
2058,"593.9127201347762, 819.2932206026604, 379.6198808194979, 1041.5901953112893, -1, -1, -1"
2059,"1666.4497493133565, 1831.3647855588613, 555.5396922148925, 902.0411334634648, -1, -1, -1"
2060,"616.953821757716, 400.65423249465744, 391.1731035100889, 6194.500610628349, -1, -1, -1"
2061,"202.7081777732799, 1390.4015139843245, 632.2865943390286, 609.7499145845334, -1, -1, -1"
2062,"379.60037326463555, 171.194389640368, 538.0204065598941, 1957.9322607923477, -1, -1, -1"
2063,"1434.2737466020262, 1146.8577935389249, 1016.0172442413063, 625.6936967278409, -1, -1, -1"
2064,"1126.7130528612502, 270.8653466615965, 431.7887641992054, 1311.0148676157294, -1, -1, -1"
2065,"282.082288194273, 491.57737294114645, 56.3444193823434, 812.8800062437938, -1, -1, -1"
2066,"1281.3641173576261, 1727.0180507535174, 71.63456383303209, 154.11985788508136, -1, -1, -1"
2067,"143.0105691840792, 964.3496724257382, 201.9653333010216, 340.1083995600892, -1, -1, -1"
2068,"51.807258416679886, 311.8134379921251, 164.2375085533685, 217.07860916101166, -1, -1, -1"
2069,"321.2478918908432, 548.5353816442645, 117.02679795802935, 879.5491175649696, -1, -1, -1"
2070,"870.0828771788415, 70.42746335274367, 95.1615473243844, 300.551632830024, -1, -1, -1"
2071,"516.624249143155, 817.4124285378832, 735.2442810124567, 287.70744295060507, -1, -1, -1"
2072,"519.3294296012284, 658.4567519406776, 211.3875922183625, 74.65153624638515, -1, -1, -1"
2073,"1399.0553395105926, 308.14405966510117, 431.4768043040505, 1308.9439141507917, -1, -1, -1"
2074,"397.4231242611414, 821.3482198463164, 8556.179945621301, 1412.7339804556625, -1, -1, -1"
2075,"342.14553830732297, 612.350497788872, 722.9652044843635, 765.691360253155, -1, -1, -1"
2076,"508.2873202871991, 610.2468120271203, 100.134290647202, 81.07701297086838, -1, -1, -1"
2077,"5944.967007523394, 1875.9939626745513, 505.14881036837255, 146.80254111152126, -1, -1, -1"
2078,"1776.1065540753402, 912.9127163648207, 234.81401113884021, 344.66113351241785, -1, -1, -1"
2079,"654.0190329213392, 311.13944820891646, 525.5862135598633, 552.6171260560402, -1, -1, -1"
2080,"412.8133485554956, 140.4834682843179, 243.5770152112101, 126.83013091903672, -1, -1, -1"
2081,"632.5315805892848, 2560.6325675792755, 175.6978329385633, 283.2138585229632, -1, -1, -1"
2082,"64.16252342386636, 499.26755229152525, 134.9257854017954, 254.87034279054535, -1, -1, -1"
2083,"1044.9366208474785, 402.9440146248874, 662.2852176458957, 132.4624406960162, -1, -1, -1"
2084,"990.5011066479613, 1357.7074308426108, 313.86283232010027, 802.1586543380585, -1, -1, -1"
2085,"391.39529135708403, 587.116148004998, 599.4270235888163, 983.5312596089238, -1, -1, -1"
2086,"244.5393185218428, 1426.7521524326994, 113.93903037464104, 29.72590940255887, -1, -1, -1"
2087,"2083.000101464284, 7279.198462590504, 2642.266299586376, 618.1971884553183, -1, -1, -1"
2088,"387.75959656139764, 307.45787018813564, 588.7392608756456, 467.72077484064914, -1, -1, -1"
2089,"1267.091457344455, 673.2872171474907, 899.6221099694442, 526.1835847332843, -1, -1, -1"
2090,"638.8271945197446, 3800.3636574531683, 264.4743135926443, 220.87761240339148, -1, -1, -1"
2091,"1387.559253502126, 2147.4523662286815, 190.18554164985045, 619.8774800144078, -1, -1, -1"
2092,"380.86150096745837, 1185.695798135112, 742.5682398189945, 912.2472430348889, -1, -1, -1"
2093,"538.8256329633793, 124.49190164252431, 427.46497459705154, 285.4999681525894, -1, -1, -1"
2094,"161.4466749912576, 543.6220630201195, 178.57950159656036, 223.40242665044087, -1, -1, -1"
2095,"130.44868035289005, 125.98432273942201, 144.39258488403777, 305.42320955872026, -1, -1, -1"
2096,"1091.174292030406, 271.1952076623702, 414.6800593033144, 2461.938291003229, -1, -1, -1"
2097,"1623.8079803183878, 298.2614333341156, 8796.553157031592, 384.9249260096411, -1, -1, -1"
2098,"1599.430783568036, 544.5720698740555, 1905.0953095888458, 105.79385471649445, -1, -1, -1"
2099,"359.14377948142607, 565.4167874364849, 3905.337846398392, 483.4804908840652, -1, -1, -1"
2100,"356.1298468799912, 117.36899670023195, 1141.5894393548583, 1870.0495626640864, 273.83353395877964, -1, -1"
2101,"1686.3640529117542, 121.53681029819325, 516.7937064820514, 786.0658716941416, 1264.5879134774095, -1, -1"
2102,"294.4043725020034, 5112.875314133296, 905.204887905909, 137.38239219318513, 344.9243361615746, -1, -1"
2103,"447.0365795548156, 3256.1247835255685, 518.0457351578432, 424.13200913119124, 477.7088136738704, -1, -1"
2104,"1149.426241817198, 627.9978989484437, 249.55588848084352, 1234.3520596874998, 592.4650678029385, -1, -1"
2105,"696.2515952095471, 2160.9311304226985, 860.1395063845781, 323.1991297768405, 2689.4878426648925, -1, -1"
2106,"2343.342454425733, 153.15350499277372, 1810.8678200304003, 687.8763429591294, 897.2107211529242, -1, -1"
2107,"1325.1514684661188, 368.70700224616473, 594.8969358153107, 1859.9411213683302, 279.43814143181606, -1, -1"
2108,"941.1050792167066, 2020.9214535979145, 384.3074775838711, 161.5193858205399, 909.350716294766, -1, -1"
2109,"1552.5898795579076, 217.24878318875938, 1046.409131034962, 331.6889853867734, 749.0321674856324, -1, -1"
2110,"496.2261909961727, 657.6129421937607, 1251.330328047714, 327.7512338284653, 524.2222111499514, -1, -1"
2111,"1760.460798103333, 1506.226509723218, 407.79425002477365, 1230.6542282708024, 1464.6091123125266, -1, -1"
2112,"147.06464725513175, 308.8039897531598, 777.0267879821643, 1435.7238526190429, 173.2862402351004, -1, -1"
2113,"1799.1930919736562, 364.70959629906866, 123.55114746811813, 196.0304091038231, 359.40389309338593, -1, -1"
2114,"8003.869958496332, 248.43436863084767, 50.54633321876725, 489.74106462641276, 286.41235800189327, -1, -1"
2115,"162.6257760340017, 1095.6112146941202, 407.73124667456136, 425.1377875565257, 747.4105779404176, -1, -1"
2116,"821.8982046280641, 78.25280713414544, 295.3128703182623, 387.7772965356297, 283.05912761485115, -1, -1"
2117,"1170.4296648442041, 358.381212829948, 1004.8289747821846, 685.5496074649647, 221.43269330685672, -1, -1"
2118,"116.35414225927114, 101.49665435464304, 125.07842578791089, 110.0789688689048, 2481.302137324965, -1, -1"
2119,"510.43302469134244, 342.9871609391973, 6590.633979304816, 72.44111743830113, 245.5587402483843, -1, -1"
2120,"1001.5287771695897, 5686.449126180512, 567.3824938204083, 247.6872668357695, 98.66461109947835, -1, -1"
2121,"416.6359240128751, 152.7267804842711, 263.80366871451736, 94.64412958634928, 403.04870967251804, -1, -1"
2122,"899.3856977565008, 234.4736836821927, 588.5884890552613, 1491.4608926803137, 1961.4777583092366, -1, -1"
2123,"429.40575721833716, 359.8252452901516, 242.61864929477923, 384.81857885470004, 447.3193847604682, -1, -1"
2124,"196.9652240554199, 161.64459013448254, 150.23360989714385, 259.9313690812067, 165.95880866352383, -1, -1"
2125,"2676.8744737764982, 92.17415735631027, 109.65731450289866, 684.5702230254695, 112.19329843139451, -1, -1"
2126,"283.90392114374424, 247.23339061114893, 193.44431906736867, 263.9446610894243, 332.61979759020267, -1, -1"
2127,"1171.4119162820725, 622.254233119902, 241.06952052206947, 214.05534070713057, 148.4234445966813, -1, -1"
2128,"252.86156378970898, 1409.0683311893729, 544.5154398900578, 294.6780834763166, 601.8811882499042, -1, -1"
2129,"519.9489776560093, 130.64962394282338, 911.4141875520806, 2113.9501329206196, 199.15250622296378, -1, -1"
2130,"1262.3648092189233, 347.03360392881547, 36.32013987974446, 459.7131435373582, 269.1367906517151, -1, -1"
2131,"641.0087213799684, 1107.2731085955268, 536.6295599566027, 617.0987713347035, 461.78300781553605, -1, -1"
2132,"158.08573631627794, 1468.6342717420312, 398.5680348871595, 528.5006139270525, 127.76895043869706, -1, -1"
2133,"169.15121960068458, 482.3530153325507, 206.21114281302061, 117.8224056702319, 487.3053176247882, -1, -1"
2134,"2212.8702812539723, 115.40052393975523, 151.5255078879958, 4351.753363352579, 1876.091766644835, -1, -1"
2135,"2640.6227779971796, 266.3382576424807, 337.5427101490374, 259.3886297256831, 264.6358211174508, -1, -1"
2136,"418.32239126175415, 226.90078212591771, 895.5567761311154, 87.69034051158242, 817.8755826697674, -1, -1"
2137,"524.0862910606999, 645.8840005783873, 449.69750046001246, 183.81046429210932, 149.7689182488175, -1, -1"
2138,"7430.325758062727, 195.7252221177015, 4691.380977441933, 83.99468467201089, 559.6398438993526, -1, -1"
2139,"1007.5773852812275, 60.43022604660233, 1113.3019067129155, 3139.6170892586774, 222.2532632378652, -1, -1"
2140,"137.32329708208493, 608.7402325317244, 1130.1036299339821, 146.7803810660573, 883.2084534346411, -1, -1"
2141,"331.3391201489656, 1948.9783364363175, 3023.9400088444677, 75.62490231805879, 374.02943775115955, -1, -1"
2142,"169.1903153821068, 109.31724768695125, 623.6208901971456, 380.5453932764374, 428.55602667612186, -1, -1"
2143,"687.1884339531252, 552.8913267373756, 156.36047102434168, 35.09977371409609, 181.08704700943548, -1, -1"
2144,"590.8996178793049, 177.7088717479928, 399.03875238674533, 3109.093424836543, 499.3942082930214, -1, -1"
2145,"786.4156563957789, 421.30782125106833, 273.4306124665463, 147.29629429228766, 543.2529101616934, -1, -1"
2146,"412.0156748216183, 274.12289917886324, 638.3729732676027, 268.6404056180877, 304.9638139668464, -1, -1"
2147,"232.25601958806317, 2639.210646565777, 290.54489832513366, 1025.870950984487, 53.25236165025465, -1, -1"
2148,"356.59399391042155, 219.28913228334196, 260.55362329375265, 1764.4113856106046, 658.8804584065085, -1, -1"
2149,"1028.5658202356162, 748.7485304628655, 1339.6717008543696, 446.7626258721721, 923.5270289998862, -1, -1"
2150,"1158.050612397285, 934.2103741164801, 171.8578006774665, 256.7952439735675, 430.6430267763209, -1, -1"
2151,"360.00860170596764, 2438.689832942943, 450.1096020347802, 844.9996586396142, 646.5130367966781, -1, -1"
2152,"228.63135410461194, 522.1315438942569, 215.44147926028296, 182.4442648508414, 2008.9401614384617, -1, -1"
2153,"333.95530822653956, 122.6867419863683, 747.6571301803285, 1503.0527251085582, 65.75371637281077, -1, -1"
2154,"1196.7515759572434, 464.0868803619069, 273.29834358412796, 866.3138080195971, 499.39551306149826, -1, -1"
2155,"615.3442461148546, 712.6199790334186, 727.0587221826958, 521.6176026388475, 68.49298299276843, -1, -1"
2156,"267.15891296435564, 330.37952754181975, 434.795223143125, 167.89320488527437, 318.0781066486086, -1, -1"
2157,"76.8926006060463, 4957.176034384932, 273.6386937319983, 551.9194506770508, 72.714118819765, -1, -1"
2158,"303.7131644781484, 568.3988258194613, 292.4157208081466, 222.938375020294, 228.5149287550018, -1, -1"
2159,"279.28728713810824, 34.88930358203386, 505.8566263964813, 1321.5139207563197, 1170.5316830509353, -1, -1"
2160,"243.13292755705544, 715.0464486038173, 594.5835147726744, 1862.601878816864, 2899.9688330034483, -1, -1"
2161,"91.46006621734381, 259.93791655089683, 137.10264202338368, 729.2610864836736, 270.92835447166533, -1, -1"
2162,"568.1818926653698, 360.1158356724976, 333.14422948520445, 192.85649480488107, 473.99084313518017, -1, -1"
2163,"2346.5123748708215, 253.88344919688203, 354.54287508374046, 572.7981152554667, 513.4012797584292, -1, -1"
2164,"724.2186307498009, 267.2908207672017, 1143.089127228864, 116.23302497220912, 150.562204684638, -1, -1"
2165,"1149.8696492156068, 214.4477773882346, 156.9181331930588, 701.5085902517229, 354.87576117984145, -1, -1"
2166,"482.5159316766941, 167.26772814827615, 147.37615804009863, 58.824731173367056, 276.5533664157022, -1, -1"
2167,"435.8489851045448, 260.43530867169204, 1448.8303519711017, 129.02018146213453, 194.6159542112644, -1, -1"
2168,"1456.0269705169446, 799.9422200977042, 412.52672635768874, 311.20045569645197, 428.8919033611429, -1, -1"
2169,"516.7218253862537, 580.1521914276982, 506.22517542541783, 2663.247059685915, 415.4996689893243, -1, -1"
2170,"411.5321967991026, 1690.0463095976652, 369.9647940031616, 707.008772796798, 456.86334707078936, -1, -1"
2171,"512.7326532037883, 572.944300104318, 963.4749846223867, 1060.7659581322155, 52.520662072742596, -1, -1"
2172,"2103.1674732130155, 69.40586786750117, 408.260699092631, 170.19984053710976, 149.0799504994259, -1, -1"
2173,"105.28292007522779, 972.5614169353639, 151.08148489507766, 7217.600570188132, 1989.532714759534, -1, -1"
2174,"775.3129496165632, 105.48706448140028, 249.993655919647, 203.14860686517923, 530.7614159733753, -1, -1"
2175,"935.0176917332152, 4963.802349548177, 159.55848205310383, 354.5299924318514, 1617.1878359021146, -1, -1"
2176,"647.9604650772291, 162.11288407495178, 77.58133102008965, 397.0522104668472, 586.5866008375219, -1, -1"
2177,"509.4802405296448, 2421.073428574021, 654.2699186032575, 1182.7212842246488, 201.29841182935274, -1, -1"
2178,"1240.400791740632, 223.55459544511623, 458.3369949200312, 873.8403487986623, 652.6604373875449, -1, -1"
2179,"256.67536708852015, 672.9678717826885, 52.75740443569563, 270.4863912671295, 94.97949102522317, -1, -1"
2180,"1986.5183659485238, 5478.5642502560595, 145.66703827960876, 413.0667312322805, 305.725831158413, -1, -1"
2181,"520.0333696168502, 1511.2762530185687, 214.34450724185285, 1182.5172760946728, 1097.4879040765572, -1, -1"
2182,"729.3032856685844, 304.91879428744994, 1761.1186601595248, 265.62851129029366, 125.65577671438439, -1, -1"
2183,"383.8576521054366, 234.11987336014934, 189.43874053343922, 190.283104809277, 548.4575648688159, -1, -1"
2184,"287.96022910838155, 69.75596046047906, 524.5141717756587, 628.8333799933063, 836.9241822282124, -1, -1"
2185,"318.2336155345906, 496.74495116891916, 2840.40177541539, 3046.132305168117, 276.98683991651103, -1, -1"
2186,"555.65636538778, 409.45920892610536, 331.7165046183204, 255.72699218631118, 181.0705582312746, -1, -1"
2187,"752.007913199323, 236.2559439361035, 476.05863661697185, 152.91501410000893, 454.2363414967317, -1, -1"
2188,"2330.4998615356244, 213.8492634581902, 451.8673419359101, 457.84972334478846, 648.6028163598809, -1, -1"
2189,"1016.6887775923651, 1825.136951044194, 120.43493667868331, 2282.469724537432, 554.5361470004954, -1, -1"
2190,"2375.107040564009, 3247.925359363332, 540.4644420357633, 773.2189527311033, 255.8358593490372, -1, -1"
2191,"1233.332747892009, 86.22473619066761, 111.60960928115313, 79.96413412676839, 419.04886958911453, -1, -1"
2192,"1763.6270284516759, 839.7330767915322, 110.90925296574414, 632.214995540214, 80.95712757252596, -1, -1"
2193,"3258.1816918483337, 124.74414050279375, 391.05214827961015, 1437.937527828066, 2969.3763929558445, -1, -1"
2194,"360.73844898245375, 1312.3085160986577, 1033.3805232262923, 213.79225171350797, 436.3473711555347, -1, -1"
2195,"87.43881550028324, 309.93493009299476, 656.8190565706899, 1184.082023993227, 245.08157993405533, -1, -1"
2196,"601.1784726181546, 1190.3304484917212, 109.65586207772486, 386.6514177201345, 1718.5899023377622, -1, -1"
2197,"754.9346286686858, 1136.1462751749425, 419.63457122637044, 162.88519903150734, 2423.073755865955, -1, -1"
2198,"315.931203406024, 773.184655974628, 100.06788987213581, 312.0125805055849, 331.2059411386766, -1, -1"
2199,"350.8995203088891, 518.9465871701511, 170.7657631080489, 512.653911029351, 142.9568342777546, -1, -1"
2200,"174.1854215523606, 125.57300891727296, 2082.9952703969166, 674.3046745734383, 590.7981546443759, 268.4267958431391, -1"
2201,"227.23268424949674, 761.5733480127504, 391.1341575727929, 1796.8718687087953, 169.62587023454057, 127.46690326178287, -1"
2202,"1326.4301387949909, 2320.4089693225037, 1023.6178001256907, 194.52571593692136, 2051.3368321482762, 602.2132702202819, -1"
2203,"315.10585134389464, 243.78261088799346, 472.6995946789814, 1042.512102402231, 287.55156480826673, 409.5282814266565, -1"
2204,"571.2145922574897, 113.71379939355563, 463.83583090303375, 1541.0862477739415, 834.4077051354211, 295.6270705015386, -1"
2205,"302.0778210679802, 468.2039459043093, 111.42259032979693, 247.82225515747317, 152.66882553106555, 642.1057175895193, -1"
2206,"2098.1617238175777, 1261.7172067005588, 356.4667359109894, 7033.950312081707, 332.19748420785714, 270.89607935973623, -1"
2207,"544.490068947731, 2573.7729241602956, 193.16174693922824, 1307.2996530975763, 175.65137207637923, 192.37712685658911, -1"
2208,"482.37969979548217, 523.626957768888, 349.071606667452, 85.64624596398853, 475.40769066482466, 565.744900467714, -1"
2209,"966.6112874121233, 540.0650787506568, 447.96884876931824, 668.5747578939455, 394.6889272191656, 486.2713227953965, -1"
2210,"316.20211397498986, 793.1023681692473, 457.09448964174317, 550.6774259850228, 380.0946348501715, 293.5081255487745, -1"
2211,"497.6869938249778, 8210.116150657472, 340.65046802549233, 1477.350373156311, 347.08696788700036, 303.5086617018789, -1"
2212,"594.1039346309715, 2642.8109856663145, 220.60857077112382, 132.7797327075655, 62.40405918937073, 171.20501838069646, -1"
2213,"2641.42702700834, 693.6567406952297, 1199.6922623546043, 346.0280582634133, 150.69646425771782, 1291.2780749544834, -1"
2214,"836.6631343623941, 433.627876641738, 285.54620249821517, 57.4281128126113, 265.07156306716956, 378.0197831926141, -1"
2215,"669.0583062825241, 117.94191093377029, 187.28471125446768, 244.6881705675528, 653.5959289689107, 336.26904466141013, -1"
2216,"290.86966445184726, 259.7170657052728, 395.1973167398491, 303.8250954804723, 4334.167928789446, 3042.134680396376, -1"
2217,"731.4051300397438, 2102.527855051613, 144.63946379338162, 126.63836080455314, 152.76401944462606, 163.27428295401538, -1"
2218,"310.3062961804108, 241.1620295715539, 191.750988191055, 313.27724971869463, 885.8633534205476, 174.04964136415595, -1"
2219,"103.16526170581307, 919.5981146975287, 429.26337349093103, 753.877439807895, 163.4734326890433, 301.9196021573777, -1"
2220,"203.9429145307496, 206.13713256635648, 311.11606038657663, 1249.7597492504945, 88.12767393752064, 3359.799387644346, -1"
2221,"433.27077754852075, 2087.0889304084913, 299.92549833102186, 3546.937114076991, 495.6447171729384, 143.5488124341828, -1"
2222,"2545.517901710343, 266.8723747025949, 160.00277464068273, 1062.8911209908404, 325.0822715459019, 281.61087094503864, -1"
2223,"531.0064019473107, 2341.684849021547, 449.8197602289366, 264.5513198217722, 93.92521645020469, 157.6333967448498, -1"
2224,"181.15528830235456, 518.1830739595658, 659.9492999866361, 280.2857155042222, 133.96016532541032, 558.8356683948373, -1"
2225,"881.5671668161566, 8379.134357617246, 174.93521783608054, 863.9057489616242, 344.633063908263, 956.3286513690515, -1"
2226,"1330.2835406985582, 666.2933712991788, 360.80873519961654, 591.9247493039517, 460.85125354898406, 665.3157951400567, -1"
2227,"1130.2238263079773, 66.68113959733984, 205.067380004832, 201.84925930265604, 417.2709781323017, 117.07233039357747, -1"
2228,"166.29384337393162, 2115.170743982177, 412.34801494872556, 1815.2519705424268, 331.83219556973614, 381.3969129853898, -1"
2229,"976.6188702512881, 2744.0641245287097, 516.3767846038738, 373.19791402741635, 168.34580719950634, 325.2221307927555, -1"
2230,"575.9803366557511, 1293.6186711851665, 238.2932550044477, 135.34947054124962, 96.91477577880282, 155.70888248593832, -1"
2231,"1770.7086512567073, 676.6435868677662, 182.49269422299375, 119.7229923270352, 408.3299020691105, 293.0357770410486, -1"
2232,"539.1838823496121, 1387.580640392803, 475.3009692484202, 794.8620788693645, 472.98137149868285, 208.68311628413167, -1"
2233,"584.6382115311671, 851.0546815908616, 234.5770878819853, 683.0443929958266, 333.8317362068964, 301.42203296232066, -1"
2234,"892.9762189997793, 390.2070201162234, 3442.7503240497167, 1057.1357271195209, 74.42253739348303, 537.3310879788485, -1"
2235,"627.1170246154198, 410.21756404043094, 290.68390219602344, 907.3053532948678, 366.7755189783223, 547.6280071715915, -1"
2236,"108.19476606072176, 200.36973955427425, 1877.3085474574764, 1439.9745719465473, 398.93378262652544, 272.41643135632404, -1"
2237,"376.6109426379825, 72.6833869359381, 124.45868034065242, 500.76485545701615, 1003.7969462302248, 163.63813511269495, -1"
2238,"198.93659559998557, 1047.3041227542558, 885.2534225618324, 460.1185141894982, 964.4253256881747, 456.90158523735045, -1"
2239,"842.3160539561269, 157.84210084211423, 290.3803773581815, 561.6668565914961, 272.1194638414388, 204.11770593600733, -1"
2240,"294.67840605211455, 424.61234033192784, 708.4301906003019, 554.0899240266607, 330.5043644724378, 741.9166864239234, -1"
2241,"375.6808079897417, 708.0744544177855, 160.2475969375204, 289.148162683296, 227.82580517584557, 248.04707264574915, -1"
2242,"47.03874168727003, 172.59524993940894, 345.142725938091, 175.63065672169978, 529.8408008494425, 650.5969334765853, -1"
2243,"2054.2517895520295, 2480.716355339419, 174.5711202819372, 915.9362544583196, 228.69062813044073, 56.453630482881266, -1"
2244,"413.4952212802858, 553.7084752276238, 382.18313763914875, 156.28305374716035, 272.12478978291483, 724.8014405999425, -1"
2245,"552.3154053716811, 396.1349387411131, 310.4993950280135, 197.03001957322334, 756.7475533047683, 575.5290472764727, -1"
2246,"1005.9114934575961, 344.4880367447228, 1713.9550009489767, 258.5210030810495, 265.7386375846662, 499.8358951069663, -1"
2247,"301.6489684246552, 143.39944267171165, 2207.839059112505, 181.16399523427015, 262.58628941940054, 474.511817047481, -1"
2248,"289.85651399637504, 991.8856760480385, 7329.857863598546, 218.27038096942445, 424.97211088550785, 252.23322023980197, -1"
2249,"145.1663841644929, 1715.6433715404955, 1869.8880647959602, 966.3624767051875, 369.02974359183906, 799.4263674943547, -1"
2250,"433.4857245501943, 383.51506081116213, 676.6373603040163, 317.90899057387685, 410.89914589305204, 303.791081473032, -1"
2251,"2478.075810868697, 984.737563827842, 516.4440008266835, 300.8891831795479, 645.4698179273367, 199.05456548899767, -1"
2252,"1357.0169561106222, 666.7647850667933, 234.2021665770102, 315.1881807503093, 73.08100320472684, 864.4323568968955, -1"
2253,"2832.0108596776986, 5374.495277151258, 364.62867773793425, 333.102836491968, 196.0896806750181, 112.59763147643301, -1"
2254,"2336.091697974033, 864.7823939343424, 338.51436551577723, 327.41845821981354, 1498.9242133369175, 307.2298885857581, -1"
2255,"2947.2932510921355, 2669.481501001841, 5678.859517574068, 170.66898339654597, 466.07631649344216, 109.72776054430803, -1"
2256,"729.063030060148, 393.11026046303647, 361.8794233792115, 3384.1679926716206, 254.86148403380903, 1714.2065212278546, -1"
2257,"3737.9186303968127, 974.7580950632595, 821.5686328291342, 113.78631720427592, 395.736875808058, 340.8134150787938, -1"
2258,"5036.7219714607145, 300.9459483896181, 1235.4566221377647, 287.97451779061765, 2511.1582645302697, 73.96175974508199, -1"
2259,"913.3212123540851, 857.2403525124888, 748.4942185440211, 599.0875184356617, 103.58829185442426, 296.78106606676414, -1"
2260,"1147.2244275206547, 585.49813293989, 215.51638747403913, 2016.3508802870663, 254.97651813094723, 253.28178518226656, -1"
2261,"1757.9905004119173, 235.2710533688333, 450.45712178631214, 1099.982025605003, 4037.135544690028, 434.7655815246504, -1"
2262,"496.4768460612475, 151.88606278835294, 2429.0405282502, 249.3145908044266, 84.01851843595146, 4936.119469373359, -1"
2263,"1217.119306288689, 488.46337954310303, 145.78675371785988, 185.9097539816383, 410.52169280338416, 439.9489756093034, -1"
2264,"1467.6212358452315, 205.21230568755445, 282.0554787287467, 969.6827578203358, 341.0835520673578, 339.4420983825119, -1"
2265,"474.5135189753468, 439.7794853411789, 2559.898868864165, 382.42760589886717, 171.80661285291973, 190.02045264534712, -1"
2266,"778.0935613752274, 315.8694340793022, 187.44885759182034, 463.06919785650814, 535.8864003474555, 106.82952258399173, -1"
2267,"305.42441993003655, 543.5916268852586, 291.17328454047197, 2825.907305424921, 4917.7045357525585, 138.9016805124869, -1"
2268,"384.2153781979113, 136.84299611821177, 466.9247318962324, 367.29036434406436, 203.04810636333775, 535.9541781727507, -1"
2269,"622.9351353746235, 454.32592254616327, 525.1896001431688, 6902.458655275105, 318.62802321999544, 235.93154228179094, -1"
2270,"440.06953792582595, 542.0071015471328, 1005.1362844475732, 466.9285649448459, 389.041293445395, 635.7860996525272, -1"
2271,"1270.335355349554, 468.24164668850347, 472.1545369374043, 191.99414188806153, 322.7012865630585, 377.33080468421906, -1"
2272,"242.76299043575324, 869.1823976184542, 431.3899799138222, 581.0152533673898, 268.2154201055884, 379.0145304261331, -1"
2273,"582.7860481647468, 122.81256607754432, 629.2801577571096, 209.81753608928855, 362.0263352085346, 1686.362782434467, -1"
2274,"97.17473636880072, 169.064623138132, 142.15751735750905, 101.18306230339222, 274.61493910609386, 223.74499767804133, -1"
2275,"366.0516244826257, 298.38254390434315, 861.476135688577, 137.51765723076514, 204.02279912538768, 1137.5804965633085, -1"
2276,"622.9046232283879, 76.2920861592876, 1595.8810715105494, 107.23891219961048, 385.67678973120024, 425.09805255265627, -1"
2277,"3582.665475423054, 500.1391825684342, 408.29835767556955, 460.39825314721725, 340.14974808927974, 75.8850858008533, -1"
2278,"412.2792497515011, 8237.200104990708, 556.6115025328767, 646.696110901163, 253.9110188328487, 105.59017043641687, -1"
2279,"756.3523911496163, 284.16399249627125, 188.29084775714898, 1777.8687034868901, 574.673152637467, 369.9205209736272, -1"
2280,"443.89690698624463, 481.74629149712956, 363.5788442853479, 136.51749256464342, 734.3830326558883, 181.1782357317604, -1"
2281,"3611.996336301013, 71.41669609000297, 2279.5424278732285, 328.94374070813603, 45.702757703169866, 785.6530540364258, -1"
2282,"756.9613644948935, 789.5754723453841, 201.6287796274321, 456.5750697511394, 299.4187728465388, 889.2784192604067, -1"
2283,"247.1344328075981, 428.8418392107816, 837.8066821944896, 468.4879378090352, 320.2553047264535, 549.3456685199073, -1"
2284,"561.6097757506622, 1170.8144868482714, 579.1173320874838, 703.4134088645168, 821.5927838601564, 201.96103185199522, -1"
2285,"187.10740281784385, 539.8621437546627, 233.72537237516306, 295.0713997724643, 907.9257340037307, 889.2890657272162, -1"
2286,"1613.8256686784414, 32.56845876568759, 182.3074200388707, 291.9310031308132, 146.97176763424835, 308.29520202004676, -1"
2287,"303.80341556686966, 229.5661023223654, 402.38697686505, 1448.4646447882737, 1180.7700047036974, 163.8529636906453, -1"
2288,"497.10931355808805, 351.40899604795027, 1453.8838791519668, 664.4062957843992, 105.36935371528003, 537.1737820872944, -1"
2289,"178.7582619633726, 188.05886020575744, 288.988701709526, 1690.4362122088155, 342.63493671498196, 82.55539905517901, -1"
2290,"225.45412716851246, 154.49457344099486, 1699.4183470734565, 359.4594761252415, 139.5179234192027, 426.58403136003386, -1"
2291,"327.75071282467735, 1266.6741955451196, 6944.839392725035, 541.1709601417567, 2910.512609687503, 416.1242364846001, -1"
2292,"1031.7798530931605, 545.6676090725684, 325.8320501367413, 93.11079326008762, 165.7306116059175, 1461.7357402821322, -1"
2293,"254.64249634231604, 479.42804791111575, 853.1905540830054, 203.11995087616364, 87.70165952139513, 259.88758208887106, -1"
2294,"212.22963740057426, 353.6960948991501, 1751.3883046875708, 325.55081333471753, 768.4621698766691, 481.17935188086216, -1"
2295,"769.8018285588234, 359.0654488359721, 235.9332558363387, 99.05698677429086, 834.8604340126176, 630.6371546211566, -1"
2296,"1403.010584784522, 749.8538156845033, 487.01175921505785, 427.4094767905742, 562.2765606917109, 148.35597825736122, -1"
2297,"234.09729218627533, 674.4222003351025, 919.707078801198, 263.8903606110458, 226.91216060374836, 126.58840002274894, -1"
2298,"811.185642578651, 854.8820137069863, 363.85326604475085, 1377.1820491067417, 601.2232492750771, 374.53105498382655, -1"
2299,"454.39028174823113, 424.85760930575185, 121.9121599666395, 70.10907934006153, 247.06453294153945, 1588.7699215677799, -1"
2300,"107.9455827154312, 267.65444592117495, 809.7470007375132, 368.1075825808642, 48.33009166798121, 55.50638652055105, 338.09632970218723"
2301,"614.1956063140726, 1024.9819124571661, 120.67735231809854, 277.9985246372763, 522.4273967005028, 396.7521365078803, 1051.9196783748534"
2302,"360.8446078051336, 465.78523475516005, 1025.0754098228, 845.9535961353265, 298.874157601398, 1288.3355300640449, 512.8552750094384"
2303,"332.2691814649655, 787.7786438048779, 436.25539863519845, 284.7922215086925, 222.6611043942698, 72.4807965761378, 216.32849057693255"
2304,"348.29850347999206, 985.8292580591942, 1971.4510243883967, 742.8628816947053, 935.8426049764684, 499.32295214823296, 166.86896760396664"
2305,"481.25746177660403, 297.1642839008009, 570.6099729503042, 462.94334560594535, 748.8229486040568, 146.65307216155418, 242.44739279386516"
2306,"8087.624457418505, 497.86081813099827, 2400.006554205006, 253.84556414536559, 296.81746797862326, 745.0295131583138, 444.0688818009153"
2307,"3576.184619010371, 165.13353024854302, 326.1028161334756, 872.5317587458679, 66.52329764468641, 907.0882506033831, 2631.0055476043767"
2308,"556.7479657044244, 198.1701384980244, 2210.140836701755, 856.00961396495, 101.97815659818515, 253.86907627993816, 378.4008497449471"
2309,"316.3261787862162, 199.58856371202313, 598.7935334173886, 474.8869861255855, 532.2786816436553, 140.17767395463704, 94.30954539346149"
2310,"228.0132002005476, 448.07240920523986, 2341.282689273999, 424.6924655280774, 949.1432954712689, 600.5440591423227, 84.19396502181542"
2311,"341.49367023304035, 455.12758223163627, 286.2528166001738, 1449.4834505146255, 169.03750812406437, 513.8611939757677, 638.2474219919956"
2312,"302.3633689733794, 880.4984503411856, 791.8543055227472, 666.5830160147441, 78.66078405560702, 106.30149561756278, 114.06771891066978"
2313,"657.8659024355313, 662.2500760402951, 239.7347005226499, 247.1649808245551, 131.58391717874602, 109.39635529584373, 329.2055162789428"
2314,"696.9383233624834, 156.71807527685237, 952.3222851939729, 482.23168098558335, 99.63354864057011, 288.70766736059034, 998.6823165694317"
2315,"283.82484887671785, 306.06649067329874, 205.7012111512126, 114.33260323634579, 205.05826838516083, 532.0338162264973, 854.0693375655089"
2316,"259.40079885082037, 1971.4521999429771, 43.40374635176063, 576.3822697898102, 2235.614005380899, 3130.1215832976654, 255.4206716863602"
2317,"1066.298436223318, 217.3336499433772, 879.6573182711212, 61.560415454056596, 714.2694427968063, 342.08566082124514, 506.9735918844148"
2318,"209.8092517683999, 1191.0355935811601, 353.40797353421596, 857.93646932417, 1181.8170775599174, 142.853299248092, 843.1186378445677"
2319,"591.1624982261113, 2189.299533655243, 435.51845203159746, 565.0119085876667, 172.21924431403627, 1863.5648163375424, 433.06107613715966"
2320,"467.3493013716045, 525.5138971135412, 276.65902811143127, 976.3481069596897, 623.7950022701082, 372.1100054011182, 121.2011930128433"
2321,"1180.6119228810833, 242.72729243990284, 889.7797328793486, 225.20471563126, 375.44693795686703, 168.27661865051223, 466.3257222739438"
2322,"213.60864805756944, 576.2150500919936, 319.64518409126066, 1508.787347914537, 464.9529306555478, 153.954121023703, 459.3151108274855"
2323,"7396.084187573351, 182.20347752795934, 266.83211428387636, 97.63620276754273, 103.93596168740257, 230.74135571086293, 529.2751828342207"
2324,"1841.7144208819695, 341.4931082287167, 287.31416765255335, 403.20845665452754, 300.1407879157813, 2948.8762115336845, 230.56701320025718"
2325,"1684.6308851356716, 992.1805686916571, 150.1208832460194, 1855.5314783291929, 598.8993541154251, 63.74887710930952, 299.84278487126215"
2326,"847.1896809735146, 411.93171035590495, 150.37724576935636, 2783.2224884635084, 170.49641135312072, 947.5568122654536, 597.0680507150827"
2327,"846.1834383530396, 218.8104225632582, 1211.6883747413563, 128.35534063071236, 285.78626024069604, 319.39243779695323, 838.1902835358007"
2328,"1386.9163527737364, 83.47636772783716, 704.2466692757179, 1958.839873842041, 894.4907887405525, 91.67955693812155, 353.36355462591246"
2329,"346.39831366594296, 805.6502112971433, 5420.198769490283, 352.29101294062656, 209.21049541658778, 147.4685639318503, 103.9147465199804"
2330,"190.6919175046762, 2605.314782245081, 941.9464287828298, 97.82915365016132, 807.4116843060051, 217.7069696889945, 324.60788967142616"
2331,"571.5337049739941, 333.4509829560329, 145.9286257818307, 3629.1109188201353, 157.21516559614957, 449.23997156784657, 309.44164606349597"
2332,"710.9795502840342, 346.3828222555124, 427.57395620604666, 96.80727437669523, 408.811159467022, 234.2088995903814, 135.0812340977336"
2333,"318.0631535658721, 1788.0285421855363, 804.3171599966998, 494.18752133405076, 925.4846743668736, 464.46076334063923, 236.63779369893675"
2334,"425.6723618496635, 262.7812415841643, 1444.444065386683, 2635.4455998832723, 305.5384327058744, 635.8529840808826, 326.6016407597671"
2335,"684.1583551542764, 272.6521643582319, 7980.55773166516, 2114.7136050647305, 4247.177063233549, 48.937951262216494, 1048.4734283389055"
2336,"309.2926832995799, 509.99123600953084, 68.27129752657883, 358.49432497786364, 130.4019804685691, 100.03339095193878, 3952.341536289337"
2337,"199.76943150010976, 162.80160932882995, 699.9865996634769, 969.6545815814569, 179.26214782622566, 314.487442222153, 373.04779057629537"
2338,"388.169362637052, 483.48729091599625, 95.91555650444033, 284.7093747855673, 984.7672070787308, 147.41958775858166, 116.35668227244483"
2339,"302.08194798081024, 776.2569473536701, 174.15585126849942, 74.46236521000266, 423.7392313942675, 102.41732045228491, 697.1771771233418"
2340,"846.0234418290822, 1271.2931236779953, 171.50526929015163, 1154.719463806475, 206.62552826664466, 218.8935984975899, 869.1361143897916"
2341,"2792.9041643866394, 3616.3417270805935, 275.02259827780836, 463.54079018102686, 786.7332723771578, 73.02131646032588, 305.3932061733427"
2342,"2275.219915175662, 2634.5978996599506, 295.1295624503295, 402.9521171969869, 275.09815574999527, 238.00618074048162, 601.128004231498"
2343,"377.74987474000125, 354.35482117325495, 1068.1339587892112, 675.7890850017395, 3345.2557560932005, 138.3429776545423, 878.2953031724841"
2344,"297.20880932350093, 162.8210794238954, 836.3953427134976, 107.97194912270207, 240.2353027724539, 233.94138748718782, 768.6318650043958"
2345,"298.8412326105683, 450.1067000154177, 264.98580595844373, 429.4165721830208, 233.43734062236973, 710.3625629102814, 174.83504251447744"
2346,"137.5086992901915, 999.6905194963227, 104.78058894276816, 1497.1823022018395, 2870.476246958495, 148.6521949309322, 930.8770823682719"
2347,"124.08724382052853, 613.802548698439, 402.6680861321604, 1085.756101551728, 352.1482545148255, 267.9197267698962, 112.54529404703845"
2348,"2875.0322765002084, 1342.4201975088915, 351.3859872876004, 229.59753305981656, 76.25435547577297, 701.1501249843197, 249.1414279045346"
2349,"1043.7896477432537, 1255.7038435422864, 215.01652841534462, 2135.055157296355, 354.41084514160303, 636.2705502170755, 440.2711520041077"
2350,"777.0972838650501, 265.40264023108875, 254.21144088783407, 104.92783184568931, 59.44647774117328, 534.5323234373033, 66.11253404382293"
2351,"574.6849747336585, 77.93147969476878, 1193.7210946878952, 60.153160250168874, 196.66398852557813, 1487.590137986416, 491.35129097628885"
2352,"1400.2171106437836, 1343.6972208781535, 444.37060408670203, 546.6101522047309, 753.8360231406698, 2843.417365783153, 247.0093962899038"
2353,"505.56771500381404, 864.1991687380545, 310.04349755923306, 92.844737732982, 1240.2942576045753, 188.31143628223177, 128.0247316184659"
2354,"498.39057204607093, 1492.383257593282, 402.33871371893156, 423.547373127388, 449.52457148752245, 771.8462386061083, 215.07628898867085"
2355,"2794.4701528329047, 304.24385595305483, 78.32726764692578, 377.6659474411251, 323.9733966940363, 146.0892598206403, 191.13356949819593"
2356,"421.0531282472759, 530.8252080165313, 317.8299127888349, 903.378878326964, 128.86374622502163, 191.44368485697186, 462.18603169390803"
2357,"1024.2770367393084, 442.751463673465, 233.76166758989126, 7273.222025677538, 354.70799147007665, 232.00332121330527, 88.0364007750477"
2358,"331.69046181493593, 160.02955853124377, 314.58412103030605, 285.97919205862075, 1723.6065020819588, 173.1045515541402, 437.2624148193295"
2359,"149.74858646844638, 2134.521784811789, 196.26991875634707, 1949.761897999554, 497.3110212375311, 284.6398267027761, 480.98166745301313"
2360,"178.00455300595286, 330.99984427954206, 458.34038773747056, 94.38192878257597, 731.3998068002799, 504.62302456838984, 191.2102273787338"
2361,"279.79604402077285, 283.8632063771402, 94.36741242926425, 198.56700682429087, 2541.7644572409945, 297.15800883584416, 232.40414606999641"
2362,"1598.902318867135, 2683.3657345148495, 328.7158196223791, 154.05682574108164, 113.10145073747286, 282.049816286058, 989.3003956701754"
2363,"4367.005691750278, 1014.2711255924422, 565.6058448329073, 2263.9162548944023, 469.105566459184, 370.9283602252947, 1999.1418523297743"
2364,"239.15258700807652, 267.26852389369446, 603.8384533898198, 319.9165998952986, 791.2333608564634, 459.79710317541515, 3539.097036354192"
2365,"236.18295628465881, 1386.5704744445534, 655.3316766675887, 229.3074906300793, 201.6572781951673, 313.84855976106803, 54.232607704166256"
2366,"849.9792162204883, 286.72662767751814, 329.3393788692564, 1025.0751804800677, 352.11117371099755, 1167.8663027524688, 59.26283539012566"
2367,"238.86764898967738, 977.8627027561145, 169.29154954216918, 209.2009314527087, 281.44551869047353, 318.9106217189842, 900.3095735305163"
2368,"77.14481019670365, 214.1420231579154, 2001.0563641153399, 1493.657012784599, 1182.4119657106025, 452.7609607421001, 989.0710532214566"
2369,"1264.9533155981114, 64.24261109650696, 496.4597614664306, 60.280596269244185, 1182.051527427645, 263.85502526386824, 309.5263179239572"
2370,"1503.2480756833838, 304.87599953289987, 432.6103586264944, 277.4276728925041, 432.24031074884215, 85.23111284125038, 124.03325757976656"
2371,"299.7439148906886, 1204.0170763289739, 134.91830662161252, 292.03024915298965, 648.0242481207746, 425.66195811051017, 463.1154638591131"
2372,"286.0656765912182, 736.7598896811309, 289.1888892418666, 171.6702115625753, 853.2195853731139, 1441.1035396790426, 363.0208021038879"
2373,"396.5117395805795, 441.9216678507818, 558.1358030795337, 231.34547940295067, 1644.5814895811957, 4295.042402630035, 56.884656696284345"
2374,"999.9525239604558, 401.8641627877131, 529.7520125682361, 1793.9773622759049, 584.705922406165, 90.52966829031561, 267.5612774264921"
2375,"1847.4852509258014, 837.0909083429676, 271.90495853362245, 1902.9240444219056, 565.798318883215, 713.2023515486472, 94.8179489464519"
2376,"1375.7666190449095, 101.04405602829206, 111.91061412131478, 278.7614574159348, 803.0867750913521, 126.7735930740342, 712.1026200121485"
2377,"3694.853858188504, 48.650252287166225, 514.2030424650468, 237.40247057449466, 271.2232924427154, 477.6961453187112, 251.881767270807"
2378,"678.7872099154231, 64.80494525695458, 296.5500364518041, 100.32086005435382, 774.4299078013656, 183.91790702255582, 80.88799948825768"
2379,"164.9566751960867, 900.9886366652036, 752.1086631575317, 255.29373614792084, 319.07979587453593, 178.08519386474507, 496.153101513151"
2380,"52.76350953446114, 340.52742256074316, 536.0575259340944, 1099.7789602774476, 620.9511823761918, 886.9438145479483, 2373.7219461611653"
2381,"478.8412474393297, 2132.833253271337, 1450.4413709589185, 163.7212124906195, 347.6107980289987, 169.6714746905266, 152.05552524581023"
2382,"790.9719300755021, 4489.965991925432, 119.00767673247536, 1040.1449023224388, 913.776239389013, 158.88516609250155, 136.60816881043453"
2383,"173.03042120523997, 5049.670416358282, 409.14447386607895, 1314.7291890418385, 4534.5267070384425, 128.77242923883935, 438.7316378611309"
2384,"171.94987310938902, 138.71070113826283, 114.5870167496106, 1259.051978107443, 142.7468724008331, 426.1396456416428, 430.07276506673054"
2385,"404.99876478628113, 2847.406963580083, 249.3635037041772, 379.6940960307917, 194.63636735866768, 483.3237328193943, 613.9431019790968"
2386,"78.56240054108632, 1521.8851579864343, 2976.4497764194275, 215.42611468007294, 2906.3323983718788, 4063.9428988618192, 132.49852748666996"
2387,"751.5471115077346, 398.0475812344606, 1026.4613407854495, 420.0923223867494, 2820.1898572117752, 655.8315784506133, 177.65875627994967"
2388,"302.1326060381837, 188.77831313017026, 192.80883546565155, 133.9260412781927, 1147.1820701996878, 484.7310349665702, 91.4918689794214"
2389,"660.1945823310632, 376.25496862913593, 72.15531739748012, 649.8273439959991, 425.7865320292648, 2000.0659761836234, 1147.887399150479"
2390,"763.7747939345568, 329.905000040538, 1232.1406440043695, 2337.5362186679017, 2246.607988252641, 775.7690347120598, 131.38409931939955"
2391,"189.85017176160233, 145.9445499515846, 2462.806407351735, 188.53482937898326, 416.54223029466044, 403.4564944447135, 481.77491100121824"
2392,"510.95194382337354, 1739.6396942254087, 232.6123867782937, 2048.9993616226284, 1089.1594029866671, 234.2340059608316, 607.117939642357"
2393,"457.39563323234444, 414.0746483679952, 662.386322098523, 164.48838822107453, 926.1268379202105, 400.77628239542094, 525.3691189191549"
2394,"276.7081768953911, 496.4730414540263, 490.4461611375086, 4838.923942784491, 1208.1935848646158, 301.9361300582276, 383.449226865877"
2395,"991.6329749551628, 783.9991607454584, 246.9209634586743, 43.535144299379965, 322.97051245336974, 58.27902920469014, 598.1713757072118"
2396,"423.22147749254043, 268.9055044256514, 419.7257795078797, 605.2269402088244, 2390.2886659749406, 707.4038937217429, 590.275227123916"
2397,"3011.7747007708585, 339.57197098320853, 396.771394955179, 1626.69928534802, 1051.4276661663143, 284.60130202972135, 148.5146480089561"
2398,"76.77347524671592, 495.4032243321926, 109.26522079321317, 1833.7767643969948, 314.8391071053324, 745.5347221822285, 157.13126658433475"
2399,"872.8178833686761, 870.3200633479682, 698.0639876492891, 381.62712631890054, 538.7345958792245, 498.3238862081994, 1541.8820083473893"
