graph_id,label
0,"811.8510366913181, 1727.7076965725096, 146.32978911664503, -1, -1, -1, -1"
1,"418.38566815292336, 481.8798225167939, 838.725762155508, -1, -1, -1, -1"
2,"501.0905741581971, 172.03607395634, 369.3349441453628, -1, -1, -1, -1"
3,"305.49141503026044, 645.699385405528, 220.815127957503, -1, -1, -1, -1"
4,"2734.1110250708634, 282.21453025436625, 5508.040963565544, -1, -1, -1, -1"
5,"852.3083227651033, 163.31014279896246, 1687.1874633083812, -1, -1, -1, -1"
6,"325.1738379719862, 264.87932233337244, 120.58219824363505, -1, -1, -1, -1"
7,"1320.484913224301, 878.8985442701083, 255.0660235405433, -1, -1, -1, -1"
8,"318.9193808183821, 1683.6526961478476, 59.19404869633451, -1, -1, -1, -1"
9,"2503.795614690117, 879.1642232333312, 280.54191656128603, -1, -1, -1, -1"
10,"498.10252887431545, 66.05516500646671, 1848.9043730228736, -1, -1, -1, -1"
11,"437.85584041652953, 440.2910234810927, 283.49917824696445, -1, -1, -1, -1"
12,"2250.1820015909193, 96.9905512006266, 112.05532738503385, -1, -1, -1, -1"
13,"337.57265578151095, 514.9557039000001, 488.3144337050422, -1, -1, -1, -1"
14,"834.5063588902979, 299.24876668128985, 1499.977467724078, -1, -1, -1, -1"
15,"617.022139365903, 456.7798105625641, 287.3167847898665, -1, -1, -1, -1"
16,"542.3436388176599, 272.77143202906154, 44.14436912857616, -1, -1, -1, -1"
17,"1370.9066501695204, 759.8314966944923, 1043.555988781874, -1, -1, -1, -1"
18,"992.3988585552388, 409.6144846972026, 1980.4815717484398, -1, -1, -1, -1"
19,"326.7404635335244, 1277.9768428939913, 285.65313117750713, -1, -1, -1, -1"
20,"792.3014452199768, 296.4821457241283, 1216.1586153428264, -1, -1, -1, -1"
21,"1625.4613961708912, 190.2918677662671, 316.17213439916014, -1, -1, -1, -1"
22,"816.9635945639207, 681.6810696867168, 164.19628129856872, -1, -1, -1, -1"
23,"275.397462266286, 134.88391055790538, 1312.9846399511118, -1, -1, -1, -1"
24,"1612.7049347381753, 6089.809690437019, 1641.9727413243286, -1, -1, -1, -1"
25,"862.1989038435362, 533.8686096783326, 192.9197242146937, -1, -1, -1, -1"
26,"920.863278852072, 367.3832716876626, 1028.7573203217435, -1, -1, -1, -1"
27,"1168.8475298580613, 470.672346407933, 1173.1218478980886, -1, -1, -1, -1"
28,"187.0329379911002, 541.9474044342194, 432.4628210503267, -1, -1, -1, -1"
29,"390.0337942019433, 911.4284508254458, 5811.5734442710545, -1, -1, -1, -1"
30,"432.6068366515723, 536.9232490763546, 164.44690348744734, -1, -1, -1, -1"
31,"1144.135572480174, 212.2122206239404, 231.86284834278325, -1, -1, -1, -1"
32,"552.4191531442631, 364.5615416116461, 3961.499191825639, -1, -1, -1, -1"
33,"478.9896127542395, 1391.969195761777, 746.7326534318014, -1, -1, -1, -1"
34,"711.2869314383668, 750.4847679457756, 917.6943820215831, -1, -1, -1, -1"
35,"400.7578020273514, 300.824529963223, 774.2974904485106, -1, -1, -1, -1"
36,"2616.087830800567, 953.5643272162085, 749.1352841320313, -1, -1, -1, -1"
37,"88.54385409346784, 1145.5256437107014, 337.0195456728531, -1, -1, -1, -1"
38,"987.9313129147204, 244.65739504359644, 202.71596638287667, -1, -1, -1, -1"
39,"147.92822875730434, 387.20701055759713, 774.1456357367555, -1, -1, -1, -1"
40,"581.868612344869, 1066.4411932088499, 2969.4420088733455, -1, -1, -1, -1"
41,"2978.1862817377973, 1946.8754901300392, 235.7536880750762, -1, -1, -1, -1"
42,"1082.5359351960299, 349.08315648335525, 207.0953341598228, -1, -1, -1, -1"
43,"541.6767807320571, 486.31561959370936, 1963.2211079253743, -1, -1, -1, -1"
44,"1008.4073056005093, 429.5654181023758, 428.89028053713133, -1, -1, -1, -1"
45,"160.33884697362356, 883.6841490777936, 556.8770718152754, -1, -1, -1, -1"
46,"7242.783308667105, 691.2680291608351, 867.2329386609292, -1, -1, -1, -1"
47,"1293.5764338642493, 95.77243528561863, 606.3621574892439, -1, -1, -1, -1"
48,"944.6360156834054, 450.89551096645954, 465.4937487718007, -1, -1, -1, -1"
49,"361.76440591159087, 1016.4271915446812, 669.1769316393655, -1, -1, -1, -1"
50,"735.1236869252716, 339.9058975161014, 1319.230322320051, -1, -1, -1, -1"
51,"140.6599097001946, 1196.3233263598388, 493.8706327383896, -1, -1, -1, -1"
52,"445.3745563772021, 54.50491566735086, 880.6756475164603, -1, -1, -1, -1"
53,"415.8951398278903, 3170.45439693132, 653.6196433278695, -1, -1, -1, -1"
54,"1024.7924521969915, 5007.804813377711, 991.794194701265, -1, -1, -1, -1"
55,"667.1660347377115, 227.15726763324741, 1046.5258184795603, -1, -1, -1, -1"
56,"291.4330018063483, 128.03130767784432, 2216.993468226681, -1, -1, -1, -1"
57,"601.4704157657035, 102.35456514330318, 67.89691564057455, -1, -1, -1, -1"
58,"314.63255638649866, 278.8957490068992, 97.38261546667154, -1, -1, -1, -1"
59,"2314.065066959891, 1550.7907937746313, 561.8100679936632, -1, -1, -1, -1"
60,"286.60880569396863, 478.65985452515895, 109.88409824019767, -1, -1, -1, -1"
61,"351.83957511246854, 168.44317393275225, 228.30956482673037, -1, -1, -1, -1"
62,"1569.3114938495044, 287.22452675221615, 2819.7119400911306, -1, -1, -1, -1"
63,"559.8982933277198, 540.3585570087214, 838.4697052131319, -1, -1, -1, -1"
64,"884.1386628358155, 116.79759505438435, 424.3237270825563, -1, -1, -1, -1"
65,"425.22309831568083, 499.79061818421593, 1259.5052233957697, -1, -1, -1, -1"
66,"402.58299723270943, 367.9119683311669, 211.49792807496758, -1, -1, -1, -1"
67,"229.19320072976507, 609.8194690461942, 438.37797198482644, -1, -1, -1, -1"
68,"158.28624905814476, 867.9948140028987, 767.8205297500713, -1, -1, -1, -1"
69,"983.1348497694665, 1867.0813023314847, 128.49007383961788, -1, -1, -1, -1"
70,"853.1658610571017, 687.8031959332554, 5643.643864582121, -1, -1, -1, -1"
71,"606.0801243951205, 2247.632955656939, 664.7272927663114, -1, -1, -1, -1"
72,"2855.775558523311, 1432.2507116706101, 231.70144566969776, -1, -1, -1, -1"
73,"184.8460526213927, 1475.0249849572954, 633.9187968027384, -1, -1, -1, -1"
74,"1947.827400376894, 171.28486505016508, 394.054742238362, -1, -1, -1, -1"
75,"619.2459575774345, 929.941931312433, 127.16980013925739, -1, -1, -1, -1"
76,"642.8083146984795, 3529.193196732788, 1183.210076702542, -1, -1, -1, -1"
77,"154.1914600438671, 1366.1826213613913, 195.32084952281684, -1, -1, -1, -1"
78,"1243.9959871308968, 73.48424519989244, 1294.6379963730246, -1, -1, -1, -1"
79,"375.0666360487676, 218.0537998642014, 1074.4095743527112, -1, -1, -1, -1"
80,"5889.5057883239915, 391.86330214482757, 834.1708406442335, -1, -1, -1, -1"
81,"414.69460934551427, 7403.0507135295375, 222.98606917935666, -1, -1, -1, -1"
82,"471.98868191880086, 189.99353919250564, 146.3298838240235, -1, -1, -1, -1"
83,"1034.8325902626052, 998.0781695455034, 182.3954215998598, -1, -1, -1, -1"
84,"584.2622617166934, 791.0604803473694, 344.7442147523526, -1, -1, -1, -1"
85,"2211.9728580328556, 282.54987476964004, 2774.834589510244, -1, -1, -1, -1"
86,"446.5052004459937, 178.9348416161009, 517.4779472448806, -1, -1, -1, -1"
87,"348.7286709070762, 229.12913557912822, 282.2269596734577, -1, -1, -1, -1"
88,"926.2227303945989, 1630.8156428474879, 338.20310229384336, -1, -1, -1, -1"
89,"491.3081307629444, 1781.8897111600074, 8343.365469368902, -1, -1, -1, -1"
90,"321.1838888515284, 771.7343535089426, 447.18054711779195, -1, -1, -1, -1"
91,"273.28483291581614, 1223.7192363660033, 2403.9547404957675, -1, -1, -1, -1"
92,"1543.6270752064108, 810.2371448586838, 387.11788974184014, -1, -1, -1, -1"
93,"1670.390581405477, 182.03369844339892, 532.2729300080886, -1, -1, -1, -1"
94,"1561.1845274502969, 1128.729602330905, 2350.0218947532717, -1, -1, -1, -1"
95,"535.0070553246009, 357.201737689927, 1466.350477565562, -1, -1, -1, -1"
96,"1994.332009273419, 3702.684819016976, 349.0948277171765, -1, -1, -1, -1"
97,"1803.3326514220475, 1124.014845620297, 1547.8027551600594, -1, -1, -1, -1"
98,"216.7076715394514, 772.6360988350771, 618.9643486146495, -1, -1, -1, -1"
99,"784.8196855431086, 323.77215433903024, 1364.2979460836527, -1, -1, -1, -1"
100,"239.9200712719043, 458.68997795385275, 378.7160319534977, 1599.9709324397345, -1, -1, -1"
101,"1837.5351417299394, 313.87567867837345, 104.96892309920489, 2698.535016012258, -1, -1, -1"
102,"375.9080760883897, 1166.9422550366473, 308.5353290405599, 84.943354753579, -1, -1, -1"
103,"3135.0820843965944, 762.449407133796, 373.75824224475366, 6009.796330402516, -1, -1, -1"
104,"11790.829956178059, 247.16899000231825, 273.71433961255764, 371.6540275149371, -1, -1, -1"
105,"565.179727063218, 176.9129350535205, 78.30922840486342, 296.21577348884955, -1, -1, -1"
106,"470.5968534706838, 4635.766315251172, 3565.2730942858907, 5414.112317552703, -1, -1, -1"
107,"698.0195348417936, 2826.8859111581583, 1390.4346824493905, 2066.266713974189, -1, -1, -1"
108,"644.8728511212179, 794.6691018324536, 997.41724794114, 241.90724914314177, -1, -1, -1"
109,"519.6070592331201, 1232.4101702799064, 172.69656627118283, 74.56932869960741, -1, -1, -1"
110,"4090.9604463620517, 246.38852124214333, 329.254839415641, 1165.5952476862192, -1, -1, -1"
111,"311.67338502042173, 599.5358381106737, 169.37680730185392, 217.6845735023347, -1, -1, -1"
112,"781.6779859640537, 251.8773058320357, 811.636543060996, 499.066995269051, -1, -1, -1"
113,"327.8669423787177, 743.9061770058996, 111.76153411868219, 635.5404475194462, -1, -1, -1"
114,"4873.32863560261, 278.2922746465579, 372.92071861282227, 2596.936013525504, -1, -1, -1"
115,"919.1051175129492, 300.1454451343024, 459.86549924264153, 1695.8718721558625, -1, -1, -1"
116,"2176.7034148588828, 481.58579460817725, 1494.2083750614006, 1081.0358788291564, -1, -1, -1"
117,"104.45523340307247, 1987.75041288306, 52.98085956918459, 303.7857585566684, -1, -1, -1"
118,"53.76731249714649, 145.6489800894162, 362.0720680466571, 135.65914815005146, -1, -1, -1"
119,"1552.0805723787325, 63.894225661415504, 312.382371247512, 1088.1820576721348, -1, -1, -1"
120,"131.7351525948386, 438.52388029777285, 591.4163700532868, 870.7735752850373, -1, -1, -1"
121,"451.0983508234924, 267.75296699718956, 303.6912757764733, 4053.2295500185087, -1, -1, -1"
122,"536.2790848269892, 303.6047700378176, 51.589647713362716, 1313.7499658908612, -1, -1, -1"
123,"322.921889320609, 150.55483123722084, 1807.937535776054, 242.40372493266713, -1, -1, -1"
124,"295.83132393547925, 3646.4568516778995, 986.3506031770834, 140.06940876815656, -1, -1, -1"
125,"6815.411127781965, 415.8802126593147, 462.20469825961436, 6323.982385597798, -1, -1, -1"
126,"1104.908930125142, 198.759481920329, 171.52733682101746, 426.90719962738655, -1, -1, -1"
127,"781.747762646796, 558.7373173562268, 577.6578618797482, 466.8543746349729, -1, -1, -1"
128,"1475.343876685611, 412.8842300243689, 191.81452618020438, 794.5930655498813, -1, -1, -1"
129,"915.7694842892596, 522.8404412763596, 1484.4796410493614, 487.3318677906831, -1, -1, -1"
130,"752.922185510921, 676.5391857086607, 3010.399583255268, 227.51726058435528, -1, -1, -1"
131,"329.55923238977454, 1396.388815632802, 116.88507672691631, 199.85311437901308, -1, -1, -1"
132,"591.3158610342897, 325.8948446350559, 713.3332145919595, 2129.204753882572, -1, -1, -1"
133,"1037.586427705455, 279.0461173179573, 613.7430288057883, 1833.7985720274905, -1, -1, -1"
134,"4413.659891962959, 317.9638252168317, 314.83730456324315, 8599.55769518913, -1, -1, -1"
135,"587.9670481182302, 631.3851547085205, 243.59638850798345, 1255.2430472748679, -1, -1, -1"
136,"239.89497864670062, 455.8241032854859, 464.06436290221313, 1606.1272733102758, -1, -1, -1"
137,"811.1890326588652, 4194.682587463693, 1613.662567359462, 1782.9929247066639, -1, -1, -1"
138,"1567.5586289754474, 1203.575643148048, 1889.3220234530888, 848.8611681887862, -1, -1, -1"
139,"1426.6654885243647, 1132.400292863611, 344.775318119449, 169.38165232847066, -1, -1, -1"
140,"608.6682417202172, 656.2162885138526, 239.4288069061006, 470.4821171507578, -1, -1, -1"
141,"121.67384883217929, 752.0529896379408, 97.57512669454805, 407.02501301903095, -1, -1, -1"
142,"316.1543857717873, 451.6901032642178, 1669.9796507505287, 520.5018279917072, -1, -1, -1"
143,"1007.7330019634916, 301.58343349300964, 146.37637595280256, 553.000098262303, -1, -1, -1"
144,"1801.673018297173, 468.2128079307265, 797.8302514916583, 1266.30732868907, -1, -1, -1"
145,"473.10733186854185, 222.00053364624597, 2950.009394967141, 1571.0966609479917, -1, -1, -1"
146,"739.6567967198918, 316.10550724242506, 516.3159709191027, 993.4965091875911, -1, -1, -1"
147,"600.4708943633477, 209.6715322405004, 1478.2520815547296, 235.52988499770174, -1, -1, -1"
148,"264.1743849578091, 272.99082375514416, 246.14426778980265, 213.00050408407057, -1, -1, -1"
149,"352.5544616558003, 831.3884154487137, 633.0345322164702, 1146.9401674569024, -1, -1, -1"
150,"416.84396343186256, 932.41313021173, 977.4179014318574, 821.4766979072504, -1, -1, -1"
151,"768.3143147260162, 501.8741110689108, 295.7775711779527, 390.0164881331789, -1, -1, -1"
152,"132.42785809844412, 1052.878490057195, 168.82907253866472, 106.45643310462927, -1, -1, -1"
153,"1276.3551779841132, 825.0603241021208, 1011.8071433510157, 631.3200769200545, -1, -1, -1"
154,"949.9005081961692, 1714.6215790072008, 280.3703247821806, 126.40821957534432, -1, -1, -1"
155,"1748.403414691113, 630.9067732530825, 1949.4282194581644, 2136.977438809846, -1, -1, -1"
156,"986.0501327907538, 1845.187310692846, 219.63677451822312, 2498.1143057533923, -1, -1, -1"
157,"729.67029228714, 489.6814415689296, 146.2502388739553, 1839.7705847070372, -1, -1, -1"
158,"1428.9637962142895, 235.337964500686, 1257.44954519168, 938.5182263417248, -1, -1, -1"
159,"910.5701033839875, 444.10030949499145, 399.1782780944657, 1877.2283392731442, -1, -1, -1"
160,"450.05237733691524, 605.0617092255997, 137.7688199925591, 1862.2344737655258, -1, -1, -1"
161,"1408.5449777256795, 168.43694128689242, 75.85043518619686, 2245.192759642767, -1, -1, -1"
162,"538.7567116515295, 239.87438438239445, 926.8430553114108, 432.8668586528067, -1, -1, -1"
163,"2683.0950297356867, 203.2912566450693, 1081.2364970117328, 676.00212583762, -1, -1, -1"
164,"1102.9448261697682, 77.44873640784597, 132.55872592068505, 5709.557730143279, -1, -1, -1"
165,"87.32633370116733, 395.05101194626263, 117.08991750130194, 570.0043030230497, -1, -1, -1"
166,"939.1163707501366, 425.35353472270504, 510.68493394178864, 601.4918771176051, -1, -1, -1"
167,"1520.1657098743476, 1376.7517108359002, 108.83874627631717, 283.7663516373008, -1, -1, -1"
168,"1753.1471285028306, 450.3244691260305, 93.45436415646178, 2397.7306208547047, -1, -1, -1"
169,"1086.1100907244138, 711.4761255181625, 314.58901046447545, 1454.291770724665, -1, -1, -1"
170,"243.66816644499397, 615.8070771778468, 499.1516785940817, 1692.2766636374101, -1, -1, -1"
171,"841.7976212503005, 290.05833623617934, 246.6620127422625, 317.613609818153, -1, -1, -1"
172,"1498.3424485401051, 236.11213253451456, 786.93351803263, 2909.1806479862776, -1, -1, -1"
173,"1202.1350759968818, 193.80738082471265, 401.9584417431104, 535.0774419878455, -1, -1, -1"
174,"2050.8886825761842, 219.89707435170578, 287.59004867001363, 2283.278057138232, -1, -1, -1"
175,"438.56588052353516, 245.52856361544787, 711.5749650803839, 3089.7788906403784, -1, -1, -1"
176,"328.5191865388806, 977.0344564692098, 2337.200423446897, 393.08775735489354, -1, -1, -1"
177,"148.45920131238685, 433.60508132904374, 967.5866522788423, 361.44645775278747, -1, -1, -1"
178,"8202.251629653802, 292.3372467569437, 274.433099365322, 1822.1385230416608, -1, -1, -1"
179,"301.2034361019571, 289.9563354937223, 78.12051781087808, 107.40276889748493, -1, -1, -1"
180,"690.8695079709959, 391.6266237011832, 358.5407690114933, 306.5411513392113, -1, -1, -1"
181,"1106.8255351391465, 945.4174783211954, 301.4058825849345, 786.8479473068958, -1, -1, -1"
182,"1296.0428852891107, 187.93908309557168, 101.59483228169836, 1555.3653694039463, -1, -1, -1"
183,"911.8161644266366, 506.9059082067195, 380.1393008490088, 427.87462143703453, -1, -1, -1"
184,"1176.4271212006895, 937.6793180378788, 939.6930261310279, 216.99696611660266, -1, -1, -1"
185,"262.1020978762483, 1600.9329017127102, 828.5776123105974, 579.3439149756671, -1, -1, -1"
186,"258.002838433511, 1487.7752039118136, 5411.379528124827, 298.13767317902983, -1, -1, -1"
187,"276.5098540936284, 1299.4560453441532, 241.3112786752886, 212.2677535256535, -1, -1, -1"
188,"326.9368424002654, 494.26009463667344, 3836.3670774357515, 2790.6477147342794, -1, -1, -1"
189,"350.5759215174372, 428.33345391206, 1667.0691330344007, 326.70092650719795, -1, -1, -1"
190,"2519.695635354637, 1781.0645681518095, 592.4470139235001, 742.781843256398, -1, -1, -1"
191,"603.009735567627, 263.3884054097105, 252.2653939189825, 826.8354712015448, -1, -1, -1"
192,"1101.5794272099638, 495.2543822429923, 404.4299805623265, 1305.4194588689174, -1, -1, -1"
193,"370.05244957495137, 4115.952395022467, 566.1246817441073, 161.54526089173257, -1, -1, -1"
194,"503.24809896868777, 891.8383011297037, 562.582652800349, 3015.970304866225, -1, -1, -1"
195,"700.8757100080379, 704.8602118078593, 1120.5038700231357, 615.6153092228319, -1, -1, -1"
196,"428.2841052842697, 2583.957724053915, 391.18449166888206, 1251.7043024248742, -1, -1, -1"
197,"452.5095894887014, 149.810508295496, 3348.1694946423463, 598.3759974241558, -1, -1, -1"
198,"1053.1252883585614, 842.200523369481, 1052.4036840573565, 3084.9874254004653, -1, -1, -1"
199,"342.63173322608304, 2107.5269377999516, 233.86922814490077, 6628.969484926771, -1, -1, -1"
200,"180.66148885535426, 251.7798051034618, 1824.0662702858024, 305.24967171042783, 978.8442712495764, -1, -1"
201,"455.1381407983799, 155.10155511829393, 882.7475771285501, 1388.0898360717074, 218.61785046181237, -1, -1"
202,"260.3283353287891, 1980.2161148625535, 708.7472615254952, 153.29321722908253, 385.6445857755645, -1, -1"
203,"1284.4288779390606, 438.6940480942341, 437.8321550422045, 893.987151843537, 605.9860858969429, -1, -1"
204,"1139.4958517092853, 224.74043773345082, 274.9340177669344, 212.33919481764087, 1012.8471407855966, -1, -1"
205,"412.2452665708291, 199.48884858938098, 1450.3373988498493, 184.70597141025922, 2560.8685403006793, -1, -1"
206,"495.5737115811756, 656.3184278998528, 402.85810853707846, 518.4299672845178, 514.3652435446107, -1, -1"
207,"756.409931846804, 510.19074584903194, 541.0732440210617, 85.93374211016622, 667.9006081663786, -1, -1"
208,"2923.522132664198, 791.106229467458, 737.4569477404705, 447.8588613242778, 1912.8291531471568, -1, -1"
209,"263.26238850170046, 608.1049255748972, 410.73064038413764, 2568.929639388314, 73.23478786291935, -1, -1"
210,"1213.60053533042, 582.9557788039444, 130.32244003394388, 148.57121635566025, 1981.6236384902468, -1, -1"
211,"947.7202180945324, 924.8424060043208, 2256.9276105200815, 221.7153564859135, 267.6364167828958, -1, -1"
212,"1688.5906546284514, 348.54471096535957, 366.90825463626703, 120.66219220662606, 137.48826003656058, -1, -1"
213,"2077.5412405406164, 299.98958114491614, 91.18702580611378, 76.40031143668675, 768.9351575863402, -1, -1"
214,"318.9176807879231, 254.19542700130563, 345.8408212681934, 343.1751523010583, 2587.414927565178, -1, -1"
215,"3815.491493478322, 1685.9251661189667, 169.31510793517083, 322.4458353424694, 2623.421737796227, -1, -1"
216,"655.4084493536654, 569.915226147161, 1829.244823216735, 667.5620695539421, 1046.6971029327854, -1, -1"
217,"424.68520717941504, 2142.1360091951688, 761.4350626271374, 390.89282729933416, 211.62058286053178, -1, -1"
218,"8231.473820135912, 420.2812250984979, 122.91739250731672, 502.40115026157724, 10128.25418592316, -1, -1"
219,"475.3007028540608, 904.3548215744668, 185.5248479190561, 522.2444451333884, 397.5956929359646, -1, -1"
220,"586.5874075102013, 472.76420428451866, 301.6928712820745, 116.02782980771343, 4257.012673791872, -1, -1"
221,"888.4925276330641, 437.29867155866555, 5785.543407192198, 107.39762683940344, 191.96819062635691, -1, -1"
222,"197.19019070469415, 96.48254820799484, 508.02942433268083, 778.7039563993985, 737.1002933459346, -1, -1"
223,"122.34986047952637, 655.3204048883485, 770.2183716271087, 305.284918351859, 329.11522657307535, -1, -1"
224,"2786.8407235188665, 300.6098704823143, 127.74815893205715, 326.0796864087582, 4833.292222615745, -1, -1"
225,"1839.038082705004, 1092.0248085727044, 83.96153131966497, 324.09888780470294, 253.36816296803102, -1, -1"
226,"11043.013680929642, 496.4487526663677, 1893.192708208144, 4910.780713199616, 395.1461552015313, -1, -1"
227,"331.82590095963604, 910.702289349685, 482.6605136329223, 222.47343967515548, 578.5100799757292, -1, -1"
228,"1993.8810744690945, 3820.9350662121374, 1649.8191397168061, 413.2034496204021, 396.65074404249253, -1, -1"
229,"2251.4033614672194, 2713.5083065005397, 629.07020151131, 457.5329450822228, 2298.6642930717094, -1, -1"
230,"943.2445732320999, 106.41717552845537, 698.1002317551612, 196.1266469438015, 903.6330657911763, -1, -1"
231,"80.61026105980905, 850.1720995825509, 1711.1588895355633, 226.1192943454712, 2349.9099733031057, -1, -1"
232,"1005.5646798285177, 99.26325091334044, 2891.6855881826605, 480.4709046194406, 1049.9968694797535, -1, -1"
233,"552.7636373559442, 318.0341880634758, 433.25602110593405, 95.23498126331936, 384.05733408602157, -1, -1"
234,"1443.249010844912, 893.571007323076, 165.28823083824386, 473.2667682469579, 5495.865942771153, -1, -1"
235,"967.8449784326632, 131.89441935737102, 570.1192475315495, 108.72332121833267, 784.0478267640998, -1, -1"
236,"2199.831106359832, 133.23204446499852, 104.25047210931376, 90.32144890880201, 654.7490105768582, -1, -1"
237,"210.05693054322177, 3802.7768180752287, 803.841409224053, 422.6593252999452, 170.05453046825397, -1, -1"
238,"5752.6633681652165, 354.9347674765748, 1298.3195592069947, 415.32695238222055, 727.3256133676925, -1, -1"
239,"902.0155621769472, 870.482840934562, 200.45356683718458, 499.5475436376776, 7059.249092651712, -1, -1"
240,"256.4499741271299, 897.6067454270769, 1585.5346698171654, 210.07705257343045, 54.58932123204103, -1, -1"
241,"386.12568172732443, 482.5254212682389, 486.15753412867946, 291.2803459146251, 67.15293997842772, -1, -1"
242,"71.74635267803583, 504.48055423443293, 320.4910833720759, 650.8368952629719, 254.85388668466558, -1, -1"
243,"1274.1006716109937, 170.08054178016164, 895.7355429127738, 3656.2118615640225, 606.5388624586143, -1, -1"
244,"5132.125136731126, 130.18773429802218, 950.6834515364422, 298.9004284412909, 540.1556920019951, -1, -1"
245,"2311.177469538853, 234.37681078036564, 97.51216815116148, 1081.808239921945, 178.37933151580918, -1, -1"
246,"168.2630518025908, 1714.4857631525797, 51.925573026449385, 1086.3026935841342, 117.15524732051912, -1, -1"
247,"174.92227208903145, 766.5584029993355, 374.8824032433232, 776.8022403254655, 126.67220311356851, -1, -1"
248,"232.05118690820257, 1918.538258096092, 1483.8152425496507, 2680.0530555641026, 1201.1474744102243, -1, -1"
249,"604.1041912059501, 535.7317208354923, 498.2315291413152, 502.09618221009464, 69.40487845064844, -1, -1"
250,"4736.48305194375, 323.3672019172698, 219.0365271602076, 457.61569038081, 290.31158944942905, -1, -1"
251,"1381.3768314860745, 601.4453565328243, 64.374988559685, 298.5654112439988, 3297.1783480215536, -1, -1"
252,"615.7874506394985, 355.32158644792923, 3769.2834864508636, 196.05184190838224, 538.5724858426969, -1, -1"
253,"254.48232510230417, 442.75512263951623, 518.0738878594381, 292.01624932761945, 400.39285418194953, -1, -1"
254,"206.26064163270826, 1303.1516641558344, 336.87160076589305, 2654.276870198465, 6526.736817898403, -1, -1"
255,"287.1507359894508, 383.3586366194888, 2420.947308180843, 316.3045826265376, 121.46950487342505, -1, -1"
256,"745.1134690505628, 526.5934754434538, 1190.0597199597066, 73.56251852604309, 711.4246676456798, -1, -1"
257,"1110.3145362640998, 437.65685440632944, 463.00032607466153, 1471.369448122618, 1627.6820253727165, -1, -1"
258,"1480.5397799820437, 2815.4845882879526, 147.9864212806527, 685.3631588417124, 468.0547499992661, -1, -1"
259,"341.92546614210323, 691.4919158105728, 208.5890196446116, 373.4725786627129, 1472.4322169643715, -1, -1"
260,"2706.106021829965, 1048.5770457606775, 360.04145684987833, 785.3468293229415, 4182.172653767555, -1, -1"
261,"175.79273153430344, 1364.155195409562, 264.28733439050654, 238.39984262765543, 229.85282684465068, -1, -1"
262,"392.61480606737575, 534.2180571571669, 817.9144312334923, 237.2417854776235, 2675.5898836107735, -1, -1"
263,"375.8139704971989, 791.0421316446443, 904.167991727074, 56.57670816952577, 117.903904156853, -1, -1"
264,"114.30316012593696, 186.62240268950774, 688.8176046679589, 85.63734511060736, 119.01287725062784, -1, -1"
265,"2277.76277662726, 442.8780253872514, 201.94829075460262, 575.1287688914784, 8211.473087314254, -1, -1"
266,"229.50226881736126, 253.3080797200107, 438.3664004204052, 537.7588877078682, 1254.2246583021706, -1, -1"
267,"784.2249046159519, 267.9327974060911, 734.8931415614708, 102.61354189052511, 147.28086639062394, -1, -1"
268,"194.14453564551363, 1139.9083950104584, 1222.6608338389574, 295.9230329577575, 770.244097257211, -1, -1"
269,"1695.4796563783848, 255.18729891417152, 1064.1264387044291, 217.36665097969632, 842.8954648109525, -1, -1"
270,"671.8051461623338, 122.58596789840595, 420.72796298740934, 3604.9197990308294, 175.90847494664254, -1, -1"
271,"498.49942931884067, 811.1075654346466, 264.49136339691756, 157.9800770895426, 736.3802994003431, -1, -1"
272,"1073.5755759875142, 414.82229165312873, 107.0200903449494, 174.3419028668014, 1176.9130398008822, -1, -1"
273,"708.0681697202212, 573.551147002353, 500.4599302206843, 863.0788044785824, 697.9479251398244, -1, -1"
274,"1026.6805868341862, 130.88645393086097, 146.94246816369107, 1015.8935952888921, 262.86476491898753, -1, -1"
275,"1342.5702931383248, 347.11995510713245, 336.81209549388007, 379.95918929412403, 630.5562236245974, -1, -1"
276,"83.92349175340159, 568.1297052739384, 671.0102125710825, 67.36180096411364, 165.05558222678445, -1, -1"
277,"662.7540690708913, 1125.8971106009228, 358.75014364086667, 509.63805881535905, 917.8003147821578, -1, -1"
278,"1865.424387952368, 729.1382095995964, 171.5483419124668, 285.38306993393815, 325.4360362721473, -1, -1"
279,"1778.5557215036406, 298.554842255374, 101.47593373408658, 1580.585946297142, 5869.4125116388495, -1, -1"
280,"182.59321184978347, 1074.333200168824, 516.2645555647989, 182.72422277109865, 1452.1685373754033, -1, -1"
281,"2735.730139348245, 644.9579949300012, 611.7471105349481, 2380.3780769289388, 370.7215292881608, -1, -1"
282,"1194.7197972955119, 854.6103020171512, 2682.1535845619137, 576.9603498209757, 478.94365670088246, -1, -1"
283,"287.34167203617005, 328.4290513998294, 270.34213436632126, 5990.865396284739, 815.3306430029702, -1, -1"
284,"454.0006973671544, 886.6967402058963, 532.7623968560309, 1310.0844824535159, 3727.000196674664, -1, -1"
285,"598.156867280986, 796.7688681758721, 1460.6188061865203, 456.49787616509803, 304.7226067163625, -1, -1"
286,"304.3687459670698, 317.3898784293283, 494.287737919388, 1017.6336717369716, 277.6948350413496, -1, -1"
287,"356.1737295987151, 717.353980552024, 1418.6954831592275, 1123.7548522561506, 2951.048187163486, -1, -1"
288,"771.4764795718606, 422.4048167975184, 396.25891886177493, 844.4994899746371, 654.240230223078, -1, -1"
289,"512.0072534312, 200.59024209288512, 1148.5344597232229, 1279.7702595308808, 159.03471937849656, -1, -1"
290,"2129.454320370788, 493.30773514637906, 613.2018026733741, 618.0978382291346, 465.617088497987, -1, -1"
291,"358.70541235129787, 95.37577927345134, 549.5878859384118, 1535.8272888433016, 2882.712888407868, -1, -1"
292,"144.78522511123546, 601.1290306113374, 2223.4509204550745, 205.06999848573287, 176.30678190506524, -1, -1"
293,"1700.1502622736834, 841.3878802912807, 833.5621657871768, 382.9285706258802, 890.7774899447231, -1, -1"
294,"1587.5589019055637, 484.8209608402384, 660.4038285197289, 169.515445815662, 672.3512012064649, -1, -1"
295,"435.22066124506716, 961.6791315582509, 517.1445876365582, 153.11167731749674, 1090.9921569577807, -1, -1"
296,"141.55136639670948, 437.93426273759025, 136.51072435380416, 1370.8438751004678, 1153.2314608907611, -1, -1"
297,"645.9469182421905, 285.9501115066154, 147.33872431952216, 219.41384415470267, 3113.719118171999, -1, -1"
298,"452.7244885730872, 362.14642641569475, 624.3388936582114, 384.60483316282966, 221.88133621416085, -1, -1"
299,"244.63935961951583, 337.1967766036652, 591.1449829134465, 311.3498575109682, 103.70415734537757, -1, -1"
300,"603.2815262040497, 320.782956102743, 810.6570109013344, 609.8021942286149, 435.8090397633691, 442.6125594626489, -1"
301,"284.87236738348065, 442.02850803636477, 423.5518487599804, 706.8172659233466, 930.7303560514787, 697.2885161286881, -1"
302,"1549.882219880255, 388.25291915045733, 445.36946943701827, 888.0246981431799, 2008.8211798753173, 684.6163270822177, -1"
303,"4644.382422144077, 924.4117598859239, 353.57088561363787, 1008.5329797335257, 558.9579003914446, 462.2083929362845, -1"
304,"495.0578341863219, 1283.1052382011806, 247.0734029048028, 359.8437012657671, 239.24432677102507, 114.48855722911321, -1"
305,"177.986797706834, 82.70318622513751, 203.56391511657114, 579.5302538882655, 737.6284176998508, 4362.399193867106, -1"
306,"162.57557440794417, 4258.787608624665, 425.85246892918195, 348.1894922364571, 145.5524076557688, 190.46133961276303, -1"
307,"3625.1799955294723, 237.46583440952344, 525.90136202822, 1066.043209809981, 153.07984675798616, 3659.268047777665, -1"
308,"427.2484121852142, 776.4357720892904, 310.76560747431347, 391.6078716891596, 125.41101407302001, 501.91563864732234, -1"
309,"343.21988744500516, 479.0364260438828, 774.5523631932855, 252.73440382105463, 814.1693888325995, 824.4049172788438, -1"
310,"4204.004177231921, 148.89697915456736, 419.28266879590353, 405.43566259541, 222.70381644358224, 2011.3921605532948, -1"
311,"221.14475447008334, 265.0205277650022, 725.9282730473238, 1368.7359783262305, 496.08652331554356, 961.6275548458716, -1"
312,"119.33940616607067, 127.25914198281495, 298.48490432076994, 334.62796623659415, 310.73024299363533, 491.52430476405516, -1"
313,"1476.3677059143151, 524.8258569321985, 808.1199147839135, 245.88441776338664, 248.65765867338575, 192.0622045423579, -1"
314,"733.5109063035599, 139.7975736453692, 5636.4901032507, 158.39116535051397, 339.7081432308975, 527.3874265952152, -1"
315,"921.2183238882149, 376.47866729798085, 909.6411829627184, 413.90242752819404, 545.059465415849, 686.1358978441285, -1"
316,"527.6029037827763, 755.0035256535452, 849.1175102755935, 271.6414057532171, 1348.375807163218, 3049.47335623612, -1"
317,"3173.9217377503423, 2822.308222636759, 134.2545261594616, 1051.0359361999467, 455.73761991837955, 2420.849588559585, -1"
318,"1562.5889966867549, 94.3997177118838, 302.49264999550184, 2721.8651037397076, 608.3173999739909, 6097.178901126281, -1"
319,"102.43411599389223, 137.7555902486053, 759.9823130501483, 293.47041184803015, 306.1641147223981, 266.93415042927836, -1"
320,"3636.4017454708746, 386.85653479598443, 523.6258749862568, 946.3737823653701, 456.833327268803, 616.1110800791666, -1"
321,"1855.1329451605275, 211.12048976462657, 407.3357850363732, 201.08294426277308, 430.84530024436117, 161.5079787787755, -1"
322,"636.0870836574527, 137.30441110034513, 730.0844661359336, 252.63240534071733, 2910.8486858165256, 495.59663340993404, -1"
323,"577.8495324542581, 974.9406540213415, 673.3756742434394, 514.5590855134618, 338.2619179567484, 239.17404669596672, -1"
324,"1406.3182612024323, 490.7493573063151, 300.4108052104126, 1330.3525390392058, 626.1152301800599, 1041.1516868658778, -1"
325,"939.2598139423319, 373.5291929056561, 129.18865941895962, 647.4215397207801, 2884.0419034292795, 993.9461793416694, -1"
326,"353.7915771791709, 588.0342199266793, 312.56823769473317, 156.62877588242603, 857.5184254593889, 196.97533211078974, -1"
327,"615.9988489943826, 1167.2757218890442, 551.7659062237814, 130.2596740620131, 268.62537121511866, 1666.2931915722193, -1"
328,"1391.238493429655, 745.8721831218743, 293.42876675661125, 464.2420736065146, 220.29483251403474, 1139.9523819098872, -1"
329,"1089.8926339774505, 2125.124265497252, 1760.3089927798476, 568.1252756790212, 228.1394245217948, 239.55626298458517, -1"
330,"2469.509557963682, 230.74056908933204, 1181.2853868994932, 250.92745214926694, 498.7181978237952, 316.18640016095077, -1"
331,"250.0050475836678, 459.5334989390738, 84.29372551249126, 112.10089350133637, 231.72999511181078, 880.3447070725981, -1"
332,"280.3435074180618, 881.7653681315173, 270.47423825877, 531.3660953401537, 554.907471397499, 255.91821812248278, -1"
333,"3971.22864167534, 411.733333019318, 3471.00327994186, 398.4649048188817, 921.231255996652, 874.1997776569544, -1"
334,"389.5665236166403, 555.2096641734018, 1069.7842016903278, 329.0933485343912, 464.72555331434063, 333.64930414341933, -1"
335,"1207.366114260872, 195.28445366686913, 276.4218000173805, 426.2193028250873, 1218.7544193238286, 4166.677340597362, -1"
336,"5962.591298465214, 549.6076828295322, 1523.5927859568094, 897.6432461090304, 518.1628269988928, 701.9877749432983, -1"
337,"245.49888174902847, 644.2428056955454, 469.4412106529248, 465.8198457648629, 193.9553360090863, 271.86116543599167, -1"
338,"3767.2556063884763, 609.4254002323912, 658.4421247484673, 123.17271292282975, 289.940432179222, 4498.899104682247, -1"
339,"2525.4100694617373, 272.1001349168345, 462.3990440559071, 1109.428989375447, 227.662363902467, 281.1393885868119, -1"
340,"256.16933598096455, 1672.7693554122716, 293.8201525427605, 103.9775415135762, 343.2504568119298, 425.24757191934305, -1"
341,"408.2773465919572, 4433.568681688617, 1021.1038015212255, 1001.9368422046607, 314.54838796220815, 2174.1893288270026, -1"
342,"429.09702611247235, 627.6248515437021, 491.61694355023644, 588.7731081446977, 230.08842589992514, 1401.3650436274224, -1"
343,"873.1146494523381, 617.161238781012, 624.5158901600307, 362.3619699031882, 262.84652743818646, 839.6865985150228, -1"
344,"48.61647568618959, 163.3126626459841, 103.66341388452079, 601.7738326151857, 143.5652971424738, 74.19853839437006, -1"
345,"470.73964226179345, 637.0477514890827, 591.1422471965676, 282.30612737703876, 496.60277529933916, 399.90133143587747, -1"
346,"1462.3353861547728, 5752.655559108452, 315.36040358462566, 273.0815696317324, 1584.6053187573948, 2044.589095602522, -1"
347,"4004.691814268173, 426.43885322982766, 353.98441392999956, 2220.9827333439434, 920.6488512242427, 1131.779000220824, -1"
348,"2173.1085325939584, 362.79795456949734, 109.43886611335208, 216.68110554146793, 701.90810039463, 306.32435607182146, -1"
349,"383.92767437978785, 149.34184397772057, 687.7503949710255, 104.8750529543571, 234.41537265962396, 265.4304648017835, -1"
350,"281.40381655855737, 1470.5562816798827, 3478.420358718462, 522.1169135810808, 113.98635745517595, 125.81072827111439, -1"
351,"91.1561636536366, 348.28150750781765, 183.77828053539952, 328.2449316950223, 745.4839934734453, 493.72548718249516, -1"
352,"4685.83703540531, 63.403680409021725, 206.59351207704083, 815.5730907778272, 856.2513683011202, 1118.1994456495354, -1"
353,"1203.5690301662837, 665.0997665227943, 677.0016302917263, 316.93912284611713, 278.14329341374776, 1339.4328485795536, -1"
354,"1453.7752905033758, 427.6724242691866, 733.8552974553045, 802.2453670492368, 2700.814654888201, 518.7778989834524, -1"
355,"849.7826620899582, 376.75506694251345, 1503.9171552177352, 359.45244881853716, 142.05104108834348, 540.3189386971835, -1"
356,"185.62488953855225, 280.68299418804065, 475.2007025293839, 1568.6496830902108, 456.4260345857673, 1575.706736435003, -1"
357,"385.8428674110043, 1627.2584982716653, 186.6243881209271, 378.95246878290016, 361.437260869194, 414.35655094979427, -1"
358,"214.78832956225645, 1513.1571194741066, 168.02219369572907, 1495.9623582773263, 566.709494225938, 599.5579926644625, -1"
359,"520.0980802415733, 289.9543512781579, 2999.2534778320924, 1389.1027698717687, 2034.8122184323813, 448.7386161383628, -1"
360,"53.0275016098723, 1080.342214132042, 560.7412250816429, 3194.9060051648694, 1260.5393887515822, 233.92304262998528, -1"
361,"1079.8678824871931, 663.5268918001282, 1251.206513286192, 375.27453669745995, 495.53646988863585, 10318.634308322156, -1"
362,"1217.3197484198643, 1168.4401700920746, 211.5441753174086, 769.5774642756994, 71.29096907443761, 3534.8024209543223, -1"
363,"2269.117235068844, 130.90638772322967, 563.1892410548895, 1495.7154888658986, 138.22611502861326, 1042.8632208591594, -1"
364,"872.5192084984785, 1231.1944215063372, 160.46190617002637, 1131.834939316493, 156.44334428122693, 371.1742095535771, -1"
365,"289.9325567253294, 190.21369483745292, 227.9692996408034, 373.46705836343557, 761.0969385227286, 1233.6689922916312, -1"
366,"1008.0688361870743, 653.9145916503016, 330.67036619902615, 202.23297059884393, 5331.018843837671, 1112.298042190364, -1"
367,"76.50920069648146, 1349.0120690734775, 203.0517295584982, 904.8480658586415, 180.8280648864028, 300.07896494210223, -1"
368,"7383.062016685801, 241.09608868742748, 531.3377886672124, 737.8297493139598, 368.60212957646456, 664.4673252323853, -1"
369,"1624.9525697199717, 1207.7395056034852, 219.12797090052072, 1318.1668528623188, 1970.6823486386104, 330.18494009677505, -1"
370,"2821.1974795380083, 220.21839881981347, 307.31127737903245, 258.4869283770804, 803.1896268217222, 1887.3049491070371, -1"
371,"637.2310456568114, 1539.4087055278624, 555.8708774272139, 501.59364043687606, 541.9416651173389, 2833.688915708254, -1"
372,"923.2580668649105, 718.3338982624305, 388.3273599944153, 1157.7091131881073, 175.75839071438813, 475.66110742949513, -1"
373,"5995.656837029889, 132.64587843645322, 268.9193736281004, 131.93141867606835, 229.99337391859765, 891.502619390844, -1"
374,"404.02751346116827, 637.632074863594, 561.4210701262923, 1412.0970993563521, 376.210537555956, 1550.6101506061482, -1"
375,"1292.6890427114756, 1761.9688242439886, 217.58801440159618, 790.9916500474378, 215.32450810409907, 2619.7473221625987, -1"
376,"2218.773858901334, 975.2391175082975, 292.47722296774197, 241.21271172064823, 130.14600944266306, 1079.772957695391, -1"
377,"294.5080051416411, 702.2716165077411, 390.7131625431135, 253.64425517564587, 409.14186717405363, 394.32224606661555, -1"
378,"619.9289549937962, 5694.506187356699, 234.674610287223, 822.4282603224348, 4043.273325310099, 7068.117229058091, -1"
379,"979.0482852018791, 384.4738980234226, 1846.0346308810185, 69.20594606344179, 2121.8103770843127, 593.06281725324, -1"
380,"252.54136755023887, 249.29893336674775, 370.54403719890865, 556.1190855239432, 610.8845334071044, 1616.236348839353, -1"
381,"664.9459713942549, 486.5986006721527, 87.51099832969263, 8482.647853871986, 374.5581840804725, 2270.893671070798, -1"
382,"286.9095624113702, 1370.679197059743, 219.58118690661803, 706.2320208860393, 146.48653278211316, 795.6819367858596, -1"
383,"452.39246565017214, 2176.3755379218255, 451.7673231062331, 198.30349584282766, 59.8866272025907, 499.06693165437457, -1"
384,"122.61587456866874, 177.80653113432638, 357.52174223990943, 511.2540159743644, 1425.6783007218917, 119.03002819050118, -1"
385,"157.1759600151077, 505.18393258967166, 575.4479788050235, 1544.2283636639788, 745.2067800248676, 2418.439989974808, -1"
386,"755.5983627527914, 1743.0733575012287, 200.91105049110303, 3236.2293048754145, 651.1674811164708, 1529.1556041070623, -1"
387,"130.5268307738155, 523.7613529680116, 2654.687214069522, 378.59065451535696, 423.3204640109, 970.1746911294949, -1"
388,"873.2596806515849, 761.891406095822, 386.2292378783106, 407.9966530537369, 100.59886126023166, 678.2682101920869, -1"
389,"861.4953597838715, 5472.292754804045, 142.6623004103533, 1081.3224791028936, 1115.9831658767914, 226.9487671737981, -1"
390,"1203.8269354629851, 740.4741184881356, 53.8204180822667, 466.21437320179734, 1219.4009629389232, 860.0428792999915, -1"
391,"447.47698054401747, 3507.34249810735, 617.0996032296104, 67.62683869039408, 436.5637106032381, 1484.5072231558897, -1"
392,"1148.7909244316343, 345.5163238677172, 467.3399927180338, 322.2670347452398, 1043.8376482606577, 1366.489071880952, -1"
393,"1012.0702199804377, 557.54769604512, 1019.5043830331589, 845.8615047447136, 138.8390164599449, 766.6794705830691, -1"
394,"379.8151929540054, 279.6869619811258, 925.9220106729524, 790.170008546702, 1406.10429734392, 580.0892457807446, -1"
395,"545.2162360599764, 168.86416631218154, 224.43084974300416, 642.4765914027498, 152.04493984860596, 307.08506749643425, -1"
396,"352.30707988718274, 137.47615990241974, 854.9583881398462, 778.3089215302844, 350.4247462753856, 303.21466262044896, -1"
397,"492.6716698936646, 219.93767219722722, 204.290512312156, 502.5987671370485, 201.25617290913283, 343.7089915941224, -1"
398,"1255.3013937329238, 143.07776305026758, 183.6833693988306, 523.188476818829, 483.5629571488805, 3632.1099254170754, -1"
399,"406.58129075337047, 723.0212632316822, 682.3796686349687, 915.9931393338665, 329.96493566690094, 357.67507760949354, -1"
400,"185.95470865451222, 1644.6444321636773, 321.06548223850973, 242.35131478851247, 421.8763344982586, 809.1205394321726, 821.7693750720234"
401,"1401.1375401289297, 253.96867769503177, 346.13123855297204, 1951.7996408207828, 686.798143251458, 702.284764625651, 4076.592084045814"
402,"4010.2800029418945, 278.7689153940139, 256.4047854203071, 272.46789746920894, 165.32617907948134, 100.33257296751005, 1395.3077721330133"
403,"137.1383827398938, 1345.179986817938, 440.2118950544829, 389.3209087183697, 552.1809447061956, 172.38736071489484, 139.3025382413416"
404,"609.3651930380793, 553.375403518544, 548.1676596172879, 544.5146595012914, 334.3214525086617, 55.05539192981669, 915.673489085227"
405,"304.50325898408704, 1608.5336995555592, 1638.253121724761, 154.88191927926619, 363.45697236531413, 628.1799101770843, 202.45535387495005"
406,"3120.1467539445216, 176.8796796912078, 301.86163875035135, 344.2587309670914, 952.2428603758862, 508.837282495113, 1898.5544917251927"
407,"625.7281946707238, 2508.535511592857, 710.5951202466733, 465.79647355416, 558.4509946138411, 226.0836104816843, 991.0990938521072"
408,"397.2385275623218, 2332.2347400027047, 548.0944790195645, 2079.6152254209646, 613.3897579804393, 415.5593688435672, 827.9949954033348"
409,"462.56513108525223, 1410.3150128234554, 580.1770912484774, 171.16890257408159, 775.8912879943589, 131.60941025375567, 150.9952294508817"
410,"363.9161948555647, 722.8169352119655, 319.16258919330096, 301.74679773662206, 743.1969138972797, 243.83661350788933, 461.8737596507368"
411,"1872.8136091462436, 299.06587268496236, 252.34513230013104, 385.7094802620227, 216.1880799927375, 531.1510230635471, 756.5341041677808"
412,"731.3640212538367, 199.8574906543792, 266.7913795951921, 39.862601508149396, 1896.0920349520388, 2794.6842091576414, 91.404778912912"
413,"5280.5944196238415, 278.8729397958708, 309.1047357808209, 282.25528779099534, 323.2177668924332, 455.26918940064365, 757.4989890466345"
414,"4815.4153857009, 271.28071738558026, 395.6477852458585, 5077.203493199108, 241.94353099370414, 87.54341615962976, 350.30095491793475"
415,"263.14933426997516, 74.8752636312238, 282.3712985529515, 789.2134006162364, 392.8538110903431, 47.50199861606965, 155.2781798527535"
416,"342.19122882190584, 573.2263981823265, 135.2613201769948, 301.55330634383324, 324.4506610014294, 294.4147449876033, 314.7074067304906"
417,"660.7515234055696, 639.4620071845419, 351.1272743382118, 893.5592954986007, 492.79106898485793, 111.29120609557599, 1513.8454795669543"
418,"707.5697279091156, 1424.8425681410317, 1597.5035423793825, 93.81869760521707, 658.7050778016423, 768.2522097713412, 779.7623470361373"
419,"4668.762689678901, 969.4336059063489, 759.0244231709414, 228.86350478624337, 664.9088493665408, 289.1146417975927, 1035.2553538203715"
420,"205.13837345481198, 2102.116487087958, 220.21149309606488, 382.33715473786964, 3381.5371303174934, 74.33870181018678, 551.0886813166965"
421,"261.69855765602495, 110.83037875739602, 212.02406923531257, 122.47845456701641, 1313.6716392281207, 471.9951384184428, 56.992167181467956"
422,"798.0733358929915, 368.0822956812823, 3279.0143540760823, 280.0207773810208, 1444.565936555411, 541.6909639685094, 4147.718699042235"
423,"181.5419985763004, 1844.0506457629754, 828.2555951383833, 299.6756643895838, 677.2136371628018, 1807.6260094820473, 1900.4084457903793"
424,"253.78962971241629, 499.265443602785, 102.32802670675812, 368.7150908755843, 946.8035471431032, 273.42302174486724, 1242.7661242809827"
425,"341.0665774610501, 445.9208589687791, 1065.0523391007098, 443.9590964467178, 436.4445615126392, 367.0801942197975, 224.09466842432408"
426,"1178.1108101072753, 144.8572160688577, 794.2716250958397, 124.00955453526572, 5408.035094932325, 345.3618339753849, 1155.1477205101307"
427,"2907.3929014288256, 202.9034398010996, 91.07649616405837, 515.9930062321552, 250.4131085510808, 96.49482122878933, 1345.8474101055906"
428,"1906.8289690597444, 5440.783991153933, 914.0813858482026, 62.01019495339855, 386.6073379104011, 527.3744321377937, 1480.1260174849674"
429,"3129.1311326046834, 102.81062309785355, 1790.6307266738, 1601.569208194876, 298.86277905870753, 423.417627453822, 265.9245263198929"
430,"477.4501812299654, 80.9621310462714, 90.8058834179187, 170.78946301468636, 204.66008072961, 605.421100889318, 1117.1662502579584"
431,"1731.0432468165418, 317.5312142957993, 3946.7204490399167, 220.90243816442575, 165.2854923014572, 125.50865096860744, 465.12489285812035"
432,"3004.821693974602, 196.69859400769474, 415.1782587858269, 164.2552467725658, 459.31307294952694, 408.51759116609514, 1653.837722469526"
433,"497.09505120113005, 1233.1151695957121, 256.01971007959276, 480.23678789193445, 181.82517948713985, 293.5769679778283, 201.20712053180637"
434,"127.2495422825752, 1500.38736098373, 468.53820125415876, 225.18683026260987, 884.3633432090951, 279.03505583923635, 61.33838530776447"
435,"2906.6450813307747, 425.5075617487329, 4494.1101517832685, 426.98136718879846, 348.3270395449623, 504.0994381804777, 669.0099254115104"
436,"695.0424065389923, 511.4505762277021, 631.9156591196177, 117.74770127877011, 793.2352175539717, 270.46457691803437, 2286.271529888411"
437,"537.5586257331896, 218.97428776167976, 664.6967748646997, 1292.2028717969183, 63.94170659281873, 310.8304994570902, 1330.0449131102189"
438,"424.34119458489357, 487.3209006934027, 388.1217795896083, 488.1351587999171, 391.27290017299197, 738.2423205442051, 957.8464343322477"
439,"258.1771325045095, 3495.0768195196283, 431.670444829488, 876.5941397416073, 1323.734112342385, 386.5830099652657, 554.5223056707285"
440,"400.012984956378, 368.63893280509666, 182.74675225820008, 188.04113197249342, 563.8127238180257, 969.6364258383118, 826.3466840458599"
441,"1716.8319389180492, 754.6429104603579, 533.0617544919401, 711.0143937981095, 2685.8812119342992, 187.0449978431346, 1075.5718209586496"
442,"936.05534608324, 205.55511950067165, 317.80825810563795, 404.06720558004633, 1933.5657164483177, 433.934663579891, 826.4632647936235"
443,"803.4115874258259, 415.8543000685603, 849.3937420319271, 59.63127469894211, 663.8751535917927, 253.3008137466197, 397.5092181820725"
444,"3719.229304696754, 198.65761654614664, 351.57058288648915, 240.84791986032243, 204.27605212393752, 290.90532631215564, 346.00200986654187"
445,"334.0612692137024, 1262.4427867454385, 155.52239458616322, 1352.2609943346743, 1686.8591931950778, 877.2933136476876, 1793.4183708854177"
446,"1253.872592127239, 929.2249417149376, 106.48652321157722, 2364.800721814357, 472.58608227220384, 698.737329985078, 975.7061098537096"
447,"362.65961503537835, 69.6686028349644, 359.8521111869747, 3705.3328092481765, 711.513755043178, 202.59503160835646, 288.57026368816184"
448,"5752.066976221961, 240.729897920663, 443.1989698024069, 362.3974190742502, 119.34696793186984, 586.3623273574856, 3916.287054950799"
449,"302.8582966717084, 942.4201425535681, 858.3513153040656, 842.8890470286647, 448.8235738010537, 383.39127883167026, 1467.86543656955"
450,"968.3466612729651, 348.08151823280383, 226.7068887254729, 281.0868694456515, 349.6566218536825, 489.51343398194604, 2631.870850036048"
451,"380.4392497589118, 762.1572148961438, 2453.8804263998236, 596.3821044273279, 439.1442865768671, 216.73332946002895, 271.899535399754"
452,"674.2083586332279, 2277.3565427045637, 1119.0953670347378, 260.5358559482851, 418.3608219614492, 178.42514951987528, 264.18764074124755"
453,"375.8847379010018, 653.7206406216653, 475.1961971004848, 166.1696940733854, 272.90230263374957, 256.85648007962925, 967.747548185871"
454,"1097.1403483758772, 192.4329773557534, 794.2059930004266, 256.392533992391, 366.77670777490204, 221.594073296084, 3549.587702885076"
455,"104.01375436604788, 909.291362557788, 604.6883000667473, 374.38716894943894, 246.43266393588596, 1074.0091306416082, 998.9553194510531"
456,"2146.3446938733655, 675.3206731609844, 300.45284899650323, 817.5544219536022, 688.2626093749773, 1554.8341309213065, 793.206395761443"
457,"2341.212434631898, 513.105769830009, 403.4439550773718, 502.96264818420065, 162.5971930904426, 129.78498392739033, 857.8877404308672"
458,"685.4909910342835, 608.8897055396045, 2030.0269969505791, 445.257598267612, 328.77159319709983, 2267.10300862638, 1144.2263367730889"
459,"207.6179285494405, 656.8688990575287, 3993.9509375731222, 737.4668678741791, 175.45249250499432, 213.46456631832825, 440.96736240743957"
460,"3771.7436086275457, 1548.2951745832315, 775.3996731321337, 697.6196893356966, 310.92202591362695, 238.03634817478246, 589.5145204514002"
461,"502.49346840905025, 611.0597758135757, 1007.481569381401, 152.1406758845979, 257.43707500575215, 994.0779485698737, 234.41149495257625"
462,"273.15867717420605, 6473.246347473076, 1964.183094605896, 509.9629830239686, 705.484524607994, 101.65408884752968, 86.46758945715467"
463,"392.4713779152884, 656.7992307132802, 218.1327424792197, 146.91949284764976, 4161.044505961401, 340.4277307423826, 459.1135923468151"
464,"2124.218340951378, 636.577744826509, 1008.6406932284481, 682.5025516215675, 221.37009465181498, 79.54551698281375, 2165.903168423022"
465,"216.01598218835346, 1453.9889602775543, 188.27583582300093, 1130.043801123706, 570.8898093576842, 316.2364097478489, 153.47517255833088"
466,"116.05293357309496, 972.7071304511009, 668.8235459074732, 554.2265774574049, 119.30461866378849, 487.93522321032754, 405.1810085136237"
467,"1363.0046593744771, 374.87162030454203, 765.8104125075956, 952.7678694398146, 636.0953111231838, 214.33238601170905, 2987.5284757672994"
468,"10739.762654929022, 1144.7539355572812, 226.32169014177475, 214.23045705395108, 668.6214544715066, 608.9866182267808, 3781.4258709869114"
469,"911.618560255562, 263.276645671154, 1046.9859295242336, 83.4857343024562, 177.24148459174566, 442.01941378298227, 516.8369856251821"
470,"976.2711409170186, 1698.8471475531308, 327.9094243276706, 972.0692331458026, 1049.6740700831929, 297.8772508249791, 936.6159692288546"
471,"438.30441066001305, 420.1737653330798, 292.0280156976865, 273.84118648999333, 2737.0854899564592, 322.2243501860536, 103.23574031383977"
472,"1354.8695127764536, 104.47394225816895, 534.7560174669969, 222.59295564621038, 1836.1759723517341, 290.65040674015944, 876.257136683232"
473,"1352.252498051023, 331.35269934711846, 140.03169944653357, 304.35914970299746, 90.14512498328571, 416.1664132612414, 777.959119104057"
474,"3109.006825505935, 585.9448091265425, 455.2465526753593, 1030.7213671692398, 561.7609455773572, 199.341766453945, 3413.8306209089233"
475,"514.2041071411372, 954.6959016204634, 209.8905808645912, 432.61993885064146, 95.73684699350744, 347.20398683971234, 566.8766441039095"
476,"401.2402109469974, 429.4870273308569, 791.9163311007576, 1620.9770651556514, 1549.585663989476, 269.78869897276854, 1269.6179844676271"
477,"2016.5362112150476, 299.54161557803076, 335.4645993712549, 249.03942046748574, 66.98990605624908, 224.0746490573803, 5809.543012009849"
478,"278.0805697413822, 10706.905173966215, 163.20945241509355, 197.59085331502644, 337.6372530485738, 604.4306875748874, 294.31476421123153"
479,"189.12978109632047, 295.50383689709423, 417.7344967482693, 222.69453700892154, 1503.0961645548066, 140.13359439072286, 785.8834533051833"
480,"98.59398439873804, 141.51973893519852, 273.0358334993355, 833.3340601246891, 146.35481926621026, 234.52443522284258, 178.90037271701522"
481,"960.9490458221393, 202.60057501215437, 1153.5234851116152, 4504.09218265467, 329.82538829093556, 134.14449900163714, 130.2980647604889"
482,"121.27814189360797, 108.00928492025822, 871.0953114376816, 489.5591237609829, 314.0633301021544, 412.085753154739, 68.19761927782486"
483,"286.7825420722274, 77.76581692812043, 865.2130819023696, 4360.644989892612, 489.3770813678573, 341.5358863571774, 312.82966391642447"
484,"3030.993757494291, 863.9595815983986, 986.7408112798042, 580.2494939056245, 227.7172328514213, 240.8337805794663, 269.1864116739978"
485,"974.5294494293692, 93.92596049337264, 315.73225877434874, 354.38629637494734, 311.7555561508917, 707.509420662877, 1311.5560691775315"
486,"528.2319683741522, 172.2707857087488, 628.3084759457569, 822.2678310691219, 1363.596716959975, 398.3038453707059, 162.99864609855115"
487,"1458.3132811790458, 2150.5883522683557, 555.9939143546362, 294.499219574932, 648.424132800272, 264.8407378210044, 195.76489333146847"
488,"828.0227785239454, 319.519000799783, 852.7729614028935, 1297.1594263073248, 395.45498398916754, 257.596996639312, 767.5940306214621"
489,"1076.7412194262058, 247.8164178890274, 112.15016313589331, 137.03750084562813, 269.5743822269985, 114.57987023528273, 869.9150237572464"
490,"726.5698110089975, 425.0093976961555, 1041.1912676880497, 516.0627091305392, 112.3226805148196, 379.8526587901103, 782.3801257136046"
491,"460.3100681356557, 472.80703612503964, 349.3615497702316, 227.7657921770042, 421.3151632680349, 531.7983299765123, 1292.0643747357408"
492,"686.673511481285, 1194.1165529459672, 138.20654414839487, 183.8068678373026, 432.08108277312795, 185.9237144534028, 695.4628891403449"
493,"573.7945329941224, 777.0588684327789, 906.3466287614118, 1004.0563227284235, 779.935704458971, 567.93934404287, 1517.4993662765535"
494,"623.0912650897934, 764.3394556502096, 928.6187176356011, 87.69284959268923, 485.0248087312957, 326.4736065932263, 693.3079567463999"
495,"536.2087318272145, 436.3758539597833, 1366.125790649746, 668.4854095142289, 3279.6253041266177, 638.754791973985, 469.38715653490414"
496,"6500.3457002542955, 4265.1141865707705, 2808.0238179082935, 471.0435945294964, 2280.5952247577643, 921.7800103604798, 1009.7057797758537"
497,"832.943425321711, 162.0914197961999, 2198.8055215993595, 341.0269431195286, 451.8649708315636, 351.30357838319145, 440.9885925952261"
498,"102.980327262916, 639.2086361854844, 308.54109586400784, 448.3445539028804, 71.41780323530698, 168.52109222040522, 144.15936908018782"
499,"798.3204844937399, 100.12837082988719, 180.9540248753468, 1099.295385284771, 2865.3342145348743, 679.2219519626134, 403.8618280517551"
500,"158.6828017868405, 331.71282138438585, 1273.6807563218954, -1, -1, -1, -1"
501,"177.2940946940958, 3347.8158523989327, 186.80871836469365, -1, -1, -1, -1"
502,"565.0409270845036, 254.16693714655597, 539.226373910866, -1, -1, -1, -1"
503,"681.067034902136, 758.2907824499757, 436.7808573421294, -1, -1, -1, -1"
504,"1315.0653707017611, 35.01861349835802, 542.5045096358263, -1, -1, -1, -1"
505,"189.6490171610814, 623.4566425905458, 480.3645263005627, -1, -1, -1, -1"
506,"868.7312406509366, 669.9439676687181, 842.3623823574464, -1, -1, -1, -1"
507,"1691.7608012924986, 893.1567549624252, 310.7882185739377, -1, -1, -1, -1"
508,"127.75111361672737, 342.20322938432327, 355.5738851214199, -1, -1, -1, -1"
509,"556.1619879570759, 200.16716186889388, 2015.390593394453, -1, -1, -1, -1"
510,"10018.216539073203, 162.9825042035752, 281.5203097961756, -1, -1, -1, -1"
511,"1728.482826034135, 3200.630479670279, 561.634096069081, -1, -1, -1, -1"
512,"1432.0496257597383, 623.7227530632936, 773.4537910877891, -1, -1, -1, -1"
513,"2728.0197813222303, 894.0265053874888, 421.99410243339236, -1, -1, -1, -1"
514,"361.39946615836294, 663.7580146309192, 1443.1046559875049, -1, -1, -1, -1"
515,"500.6816785018468, 2586.542359413568, 470.10102828190725, -1, -1, -1, -1"
516,"927.9170087117964, 244.19490058313949, 617.5322353440874, -1, -1, -1, -1"
517,"258.14823609167905, 2262.6050573452153, 1304.295549386057, -1, -1, -1, -1"
518,"655.7607255116089, 1219.2535037396858, 1020.7350588326422, -1, -1, -1, -1"
519,"716.9550939895752, 179.00289194272287, 103.75049373053932, -1, -1, -1, -1"
520,"431.3964280484383, 1662.1360545099512, 452.65136864190856, -1, -1, -1, -1"
521,"439.87352805814874, 124.7528335925347, 1289.696142371185, -1, -1, -1, -1"
522,"435.29426041553353, 1345.569114207011, 759.4496505259905, -1, -1, -1, -1"
523,"416.11965127988566, 595.7115587959618, 452.2535697087142, -1, -1, -1, -1"
524,"116.35187498441837, 1236.4547761009705, 1390.583647960028, -1, -1, -1, -1"
525,"435.5786111719492, 273.4411455993725, 575.0049506354778, -1, -1, -1, -1"
526,"752.1875243617997, 81.32899160739143, 696.0507452633175, -1, -1, -1, -1"
527,"415.30271899576843, 706.829127426471, 196.59235081439405, -1, -1, -1, -1"
528,"1160.8147485573443, 2374.5524821519393, 1127.0528500680807, -1, -1, -1, -1"
529,"3097.4540577277007, 2351.48201140592, 1194.7405638780479, -1, -1, -1, -1"
530,"40.1234568336585, 3922.3376228198667, 374.5225353050927, -1, -1, -1, -1"
531,"362.90909308527836, 306.45433527962604, 101.58670454173915, -1, -1, -1, -1"
532,"6745.536031922509, 168.13581967690195, 1571.9401328869128, -1, -1, -1, -1"
533,"2312.885067035174, 288.5117104210579, 441.85508323302736, -1, -1, -1, -1"
534,"1271.7269852037996, 475.89974824077814, 1049.5041593564201, -1, -1, -1, -1"
535,"1240.857690113798, 720.6055957960084, 376.4051467406613, -1, -1, -1, -1"
536,"2020.7665542876912, 761.0978634170489, 159.86832127074229, -1, -1, -1, -1"
537,"1291.4821027836688, 347.9998011239921, 610.8812042876899, -1, -1, -1, -1"
538,"479.91822659470785, 575.2799080338643, 3833.9413181589507, -1, -1, -1, -1"
539,"173.34262020204926, 984.3790852556476, 224.09379626285332, -1, -1, -1, -1"
540,"289.3154594836007, 480.83135538165413, 4364.240502598359, -1, -1, -1, -1"
541,"1335.449354750279, 195.64241445285055, 327.699583193677, -1, -1, -1, -1"
542,"1923.644841069788, 538.4157463002997, 2495.2102028801996, -1, -1, -1, -1"
543,"861.0008667682314, 148.17175597501821, 894.947829937932, -1, -1, -1, -1"
544,"2735.4909807962354, 169.14984340448746, 809.9481700398719, -1, -1, -1, -1"
545,"772.8531424970471, 187.60124964676095, 266.1569543280142, -1, -1, -1, -1"
546,"1156.3028023063061, 951.9714451842324, 755.9667595886534, -1, -1, -1, -1"
547,"1536.3937197772366, 2845.9811423795963, 564.080726178307, -1, -1, -1, -1"
548,"229.66981482667256, 5416.5121436424315, 155.34271388943745, -1, -1, -1, -1"
549,"161.49415820357092, 358.77211039642424, 734.9510638642191, -1, -1, -1, -1"
550,"1707.406408661713, 374.48426414009646, 1192.5313952260608, -1, -1, -1, -1"
551,"307.46850139546854, 174.90278835353917, 1480.8220743463364, -1, -1, -1, -1"
552,"3236.669753012988, 963.4091504227794, 182.89833078646018, -1, -1, -1, -1"
553,"337.7926898852962, 241.88646236979176, 1734.6885478082622, -1, -1, -1, -1"
554,"433.4019780061727, 432.3866426094643, 1614.0973192555896, -1, -1, -1, -1"
555,"947.0694063781298, 575.8874481802926, 2058.8023387819694, -1, -1, -1, -1"
556,"834.1344349694104, 259.0802990577008, 2202.922761164449, -1, -1, -1, -1"
557,"882.4225985356749, 2645.7024756885694, 1436.7036212113146, -1, -1, -1, -1"
558,"9839.43124571137, 271.0214445555514, 950.8755089753088, -1, -1, -1, -1"
559,"286.50469770848304, 1193.9940609350501, 838.9451409105707, -1, -1, -1, -1"
560,"437.4984821414092, 3850.559313231851, 1464.6865212941068, -1, -1, -1, -1"
561,"75.42715015358166, 803.521869017749, 1395.9204252132827, -1, -1, -1, -1"
562,"1648.484599384396, 138.85150129690572, 1288.3567546618801, -1, -1, -1, -1"
563,"912.9793339041647, 148.64821583929006, 163.34150102875128, -1, -1, -1, -1"
564,"639.1123726954085, 1145.7199672219917, 316.3136701556321, -1, -1, -1, -1"
565,"1293.2042766802763, 338.02783974447135, 975.3841746637029, -1, -1, -1, -1"
566,"464.6400555370559, 1811.237683356417, 297.24555437379746, -1, -1, -1, -1"
567,"1328.406733080957, 1735.7460363244215, 483.97078737152253, -1, -1, -1, -1"
568,"3148.8700472763885, 1234.3238429340474, 3644.1180120126114, -1, -1, -1, -1"
569,"558.5351438976552, 1514.7847303752715, 1332.4261858637237, -1, -1, -1, -1"
570,"1225.325715303758, 1687.1326696419349, 1686.707431473615, -1, -1, -1, -1"
571,"916.1876742298266, 150.1051438195182, 73.64687709307717, -1, -1, -1, -1"
572,"1836.0785787098525, 127.53687361597146, 2447.8664996001435, -1, -1, -1, -1"
573,"4084.7214574850423, 207.18600482154733, 1355.9387322350901, -1, -1, -1, -1"
574,"1311.669686513332, 402.9263776149136, 1781.0327302757887, -1, -1, -1, -1"
575,"581.3965071432281, 536.351806383707, 274.9414995168894, -1, -1, -1, -1"
576,"1700.0390800028008, 297.62121801663227, 573.2685635300733, -1, -1, -1, -1"
577,"4581.727496426165, 713.3007351599811, 2039.135503557941, -1, -1, -1, -1"
578,"2222.482743626152, 148.95473996333783, 724.7822726999474, -1, -1, -1, -1"
579,"911.1999594319522, 6820.517276403569, 86.7361807505439, -1, -1, -1, -1"
580,"2861.700545854958, 392.20957978751096, 661.1701507388575, -1, -1, -1, -1"
581,"544.986068055853, 589.2859488757509, 793.4242874988305, -1, -1, -1, -1"
582,"158.42501569648675, 3256.778943102512, 1977.048926073047, -1, -1, -1, -1"
583,"245.92381043753124, 264.709684712466, 1224.189125196094, -1, -1, -1, -1"
584,"1473.6289509894748, 1279.0559728798594, 3431.9667295583986, -1, -1, -1, -1"
585,"923.3849505789349, 512.6773561312042, 5425.742823569625, -1, -1, -1, -1"
586,"1383.817828728054, 678.0296246053583, 521.6500914640351, -1, -1, -1, -1"
587,"1204.9300854053918, 169.43419088967408, 763.4623664111967, -1, -1, -1, -1"
588,"926.8260769970359, 71.83535142775358, 643.4193657256915, -1, -1, -1, -1"
589,"1821.281084237089, 185.62798197782524, 4518.8710868777125, -1, -1, -1, -1"
590,"759.6596831585586, 106.13577435324494, 1440.5767377164339, -1, -1, -1, -1"
591,"270.598199558294, 1300.4873248251934, 145.91690873741533, -1, -1, -1, -1"
592,"404.8003036638652, 586.9272598409133, 2994.756375564781, -1, -1, -1, -1"
593,"2581.7313389279725, 774.7184001882373, 461.3005376814117, -1, -1, -1, -1"
594,"1598.2389559774792, 1097.630716718051, 2860.0897347072732, -1, -1, -1, -1"
595,"879.069213634496, 3739.0935001583302, 217.25194166280664, -1, -1, -1, -1"
596,"339.0936314506064, 822.8567582456446, 310.7475139612493, -1, -1, -1, -1"
597,"2034.7022829625453, 1099.1978541354858, 3425.1545757903377, -1, -1, -1, -1"
598,"1236.439058900163, 330.5675129851917, 988.8429982931734, -1, -1, -1, -1"
599,"168.29438428828928, 386.7274460054488, 551.8540443152522, -1, -1, -1, -1"
600,"2543.7463349337013, 482.39615001354105, 4326.558783784434, 2493.411880186388, -1, -1, -1"
601,"392.68616940553534, 903.9061673348947, 641.6653734695285, 590.7549138759252, -1, -1, -1"
602,"226.48310334967695, 208.97998883527612, 230.31939443103613, 1117.8188077134903, -1, -1, -1"
603,"659.1928664248194, 185.26161535627807, 209.0573906361258, 1911.8095380683703, -1, -1, -1"
604,"175.41012686561115, 698.1467312386894, 256.54946113218494, 227.05580450923276, -1, -1, -1"
605,"135.20987527555098, 532.4420796435523, 943.9015906506444, 6093.168050481081, -1, -1, -1"
606,"2326.303201715936, 48.66014725730776, 464.46348596194514, 3524.412482129497, -1, -1, -1"
607,"91.94846527689724, 118.21955745211751, 474.8457761414854, 462.9685522706385, -1, -1, -1"
608,"3912.701907567447, 457.52825663221876, 4773.151538537557, 1331.9496391679215, -1, -1, -1"
609,"890.6389978287655, 280.89049461238767, 2994.081706980982, 1393.4559642480538, -1, -1, -1"
610,"1534.1774583992185, 500.8776588618415, 2271.9649095083637, 231.35374637562842, -1, -1, -1"
611,"1376.6085726353517, 832.1395193349052, 397.9667479851582, 273.3652690173278, -1, -1, -1"
612,"1389.4444914962128, 1543.8430231686177, 691.7695674895474, 826.5818586853989, -1, -1, -1"
613,"694.5697969314413, 889.3800963895702, 471.50023219318496, 514.5088610126581, -1, -1, -1"
614,"472.69123375061633, 5839.850478181599, 2916.489691402784, 176.07924557455038, -1, -1, -1"
615,"9158.732756612697, 4520.742793272559, 253.51082298304382, 396.3832122774409, -1, -1, -1"
616,"1681.964511713914, 184.78455663581968, 229.5012032744317, 486.99535080081625, -1, -1, -1"
617,"1085.7627877225268, 1178.5922666556776, 265.0327710441702, 1570.4935570057046, -1, -1, -1"
618,"454.23596494188, 1209.2921371795194, 1365.7821773229566, 318.4680140087858, -1, -1, -1"
619,"1160.350977967901, 2821.615743733759, 510.19001915724766, 421.6277895074331, -1, -1, -1"
620,"602.4742144222018, 1818.6792404341222, 389.88547543921, 163.54359382772537, -1, -1, -1"
621,"146.31933135203798, 394.9287789173262, 580.7079993688609, 1463.7944009626979, -1, -1, -1"
622,"75.51362271696848, 1189.27880960305, 120.08898136529096, 99.0608348492761, -1, -1, -1"
623,"2120.5219314344085, 123.59139709066112, 52.07703952803812, 1257.8187110342187, -1, -1, -1"
624,"310.6744258626949, 519.2964405927522, 1720.5262852034778, 1009.5209094241554, -1, -1, -1"
625,"2136.972145537557, 1377.7278505069241, 645.7299693598475, 1017.8676816346327, -1, -1, -1"
626,"427.93661734240374, 1006.54372828023, 343.3072430105192, 451.26350647611264, -1, -1, -1"
627,"2613.313636571138, 349.15828264540215, 324.82406615126825, 229.62201460623476, -1, -1, -1"
628,"1831.6238409836137, 4114.146195654875, 515.0168393547583, 1513.5362265773972, -1, -1, -1"
629,"2046.5358979461755, 366.49940634592383, 303.78427816042483, 4482.376816998177, -1, -1, -1"
630,"2679.3426410672582, 296.2535543367391, 220.6451353176578, 6066.279385204948, -1, -1, -1"
631,"197.73211664579986, 117.02845031858148, 924.202691910361, 193.86360582325239, -1, -1, -1"
632,"442.6293470062047, 662.6855335346187, 319.337757216609, 434.30268158818103, -1, -1, -1"
633,"1338.1900223387865, 94.81659490196053, 484.5156215267999, 737.371356570733, -1, -1, -1"
634,"4855.793871879484, 380.4710758972552, 360.4204517221868, 499.38235206927175, -1, -1, -1"
635,"747.5784544985735, 567.5748945167065, 718.4348690915135, 404.5900425052364, -1, -1, -1"
636,"345.7849006215895, 565.2958643068746, 3067.6896979770186, 254.6137540102573, -1, -1, -1"
637,"278.5034857873387, 319.4395480428042, 411.018118130373, 119.27254827217341, -1, -1, -1"
638,"3608.6708199580644, 269.5471699328905, 208.28061451134943, 487.6305881430999, -1, -1, -1"
639,"2353.625068266124, 190.3381538024894, 1128.94190720021, 1335.270334121495, -1, -1, -1"
640,"469.5691605515502, 931.3162526225467, 1885.900549150963, 725.910919786153, -1, -1, -1"
641,"4346.772659805953, 943.4654766670999, 894.0992374328079, 1353.6864476041337, -1, -1, -1"
642,"310.42860206855494, 947.268003555313, 410.87923474315426, 1352.2299228603374, -1, -1, -1"
643,"980.2392880644888, 70.67931299984737, 1272.5530389366343, 530.4887856972881, -1, -1, -1"
644,"1113.8971019872251, 302.3451145139379, 264.51475959998515, 596.5290057338824, -1, -1, -1"
645,"1067.3404862699722, 416.3254205253338, 569.0436458673237, 616.6040751394193, -1, -1, -1"
646,"2849.4966423150154, 252.8020638208143, 518.8639824750728, 374.19872670008317, -1, -1, -1"
647,"4204.558678380418, 336.9157211428186, 1087.527787602984, 1197.546670049679, -1, -1, -1"
648,"875.3529016700929, 569.529920248687, 93.60583462805641, 345.5676672090733, -1, -1, -1"
649,"1642.7449361984784, 589.3308166365355, 387.37922501820276, 1325.012442635481, -1, -1, -1"
650,"455.39966961464506, 777.2634523013921, 267.2388098343721, 335.1238325056552, -1, -1, -1"
651,"3997.9787450933754, 352.1246906427604, 119.09465308329331, 1780.273649471211, -1, -1, -1"
652,"1216.8142549921054, 1475.5911104644003, 259.54114291709936, 1279.0851612915064, -1, -1, -1"
653,"796.1089898353272, 462.03676632948276, 527.499673482463, 788.299859703936, -1, -1, -1"
654,"327.8820429692011, 1836.6894767668214, 374.23813421098487, 272.0567542494575, -1, -1, -1"
655,"315.2621524564519, 157.03580397904832, 140.9111715961329, 264.0884067442525, -1, -1, -1"
656,"2619.7761338895984, 297.7890105224159, 357.60438334666765, 2264.265914411242, -1, -1, -1"
657,"5078.7879573268865, 670.5265924534987, 1168.555492132389, 1627.3350647621294, -1, -1, -1"
658,"1104.1025061858957, 1376.0030396989964, 239.54696906241256, 371.7904683255089, -1, -1, -1"
659,"264.1761741742764, 358.1104058368834, 395.38517643151897, 752.0494352933157, -1, -1, -1"
660,"208.40314882565139, 149.9594419271388, 338.95557949463756, 275.49324001353364, -1, -1, -1"
661,"1360.0030153001871, 1780.1985960942943, 1138.9644258503752, 2339.9678608357035, -1, -1, -1"
662,"4290.061699145136, 462.82479027530127, 1152.6937860023609, 858.0713062538938, -1, -1, -1"
663,"2218.3372795583678, 2627.481277694831, 2833.3020346069484, 810.1960365882403, -1, -1, -1"
664,"100.31407312463827, 623.7877471790398, 176.67357061824632, 989.5637075290596, -1, -1, -1"
665,"2991.207808367003, 248.8956092996765, 65.03178418478575, 666.4595055287764, -1, -1, -1"
666,"365.0226631228967, 394.98524261754125, 210.71063897277674, 1396.953112401705, -1, -1, -1"
667,"360.76502559193733, 254.60827697967926, 383.671658595742, 584.5961891585146, -1, -1, -1"
668,"780.0657100250149, 1139.0559755532072, 393.2824137180829, 412.88606054871013, -1, -1, -1"
669,"967.1707693094955, 871.3587551493381, 5085.873480513112, 874.9162464929138, -1, -1, -1"
670,"368.8991729744748, 147.372097496327, 1879.162665504243, 342.4352327473606, -1, -1, -1"
671,"579.7500017827963, 481.5522261857241, 2837.8146098751045, 495.09315684628433, -1, -1, -1"
672,"835.555077063614, 128.39868044703147, 1745.7640583903983, 544.7877804657376, -1, -1, -1"
673,"728.2718369658271, 259.4648521649193, 1352.5465160565066, 779.9549602064767, -1, -1, -1"
674,"2310.257443245766, 104.572719984296, 725.8517443639033, 506.12869992190383, -1, -1, -1"
675,"473.97999391541373, 2122.778159092397, 748.5045260668212, 2978.250160480376, -1, -1, -1"
676,"11503.173698256618, 672.0724300572779, 1425.2948610548294, 734.390392230007, -1, -1, -1"
677,"5300.979458961523, 378.6847485783296, 494.45661632389425, 1308.42721140899, -1, -1, -1"
678,"1193.5361655248844, 215.76268622475078, 843.4871715612167, 1522.6667955464259, -1, -1, -1"
679,"202.05753058877607, 539.8920101556788, 263.419670603438, 158.05149268990235, -1, -1, -1"
680,"417.8126957740662, 498.667292458318, 599.0772590738632, 4809.114445531894, -1, -1, -1"
681,"2368.8237934141043, 831.6784765701149, 384.8181252841885, 941.2156568570679, -1, -1, -1"
682,"2188.292953584984, 3065.95811586035, 537.4676606446435, 707.7567802885271, -1, -1, -1"
683,"2993.174396284583, 1011.9808618097688, 617.5031132949617, 851.0574884215575, -1, -1, -1"
684,"142.55288736005832, 822.9184093306264, 1495.915410522708, 258.17480712834544, -1, -1, -1"
685,"204.29134937468405, 230.1063632463031, 1516.6480187656819, 134.82430014528907, -1, -1, -1"
686,"1756.2061716910512, 269.18323002348893, 211.81613223891566, 2551.248500573018, -1, -1, -1"
687,"123.52029590613213, 149.88277752589127, 1557.566497209057, 1802.2646435275947, -1, -1, -1"
688,"1115.599078510248, 143.82522292928525, 1932.0779347647187, 782.877942396516, -1, -1, -1"
689,"414.3084894637676, 1875.187037328671, 582.9588671182016, 2773.952151047593, -1, -1, -1"
690,"1429.30239073767, 262.5312974827719, 2406.0602027623595, 1433.9714302350596, -1, -1, -1"
691,"1540.866821011637, 498.0615601633096, 612.2353185042602, 898.9144032298095, -1, -1, -1"
692,"1251.7883714562524, 1775.6283654868114, 27.861927482622683, 759.6348913244126, -1, -1, -1"
693,"499.32012655638925, 636.5970682221224, 363.3156553407906, 198.2643296672508, -1, -1, -1"
694,"3089.494659112047, 1092.1664260038885, 1438.0846623273142, 318.4406422293255, -1, -1, -1"
695,"369.9640088602373, 999.117704811605, 283.0844576669632, 919.1539358094167, -1, -1, -1"
696,"102.3451991852073, 1537.3777023339062, 7222.728324813157, 534.1105491202413, -1, -1, -1"
697,"506.76022932369676, 306.851160608062, 132.98959674362192, 1585.835125049226, -1, -1, -1"
698,"754.6806953077948, 2663.41313237085, 246.88216677120363, 1264.599041377131, -1, -1, -1"
699,"564.93888328921, 1593.2745288783992, 618.5157149493467, 4811.956423092215, -1, -1, -1"
700,"286.2880357890879, 2296.7372932453545, 951.1830507621456, 1217.6971119921539, 1525.0428407048603, -1, -1"
701,"475.6452612189323, 124.28579452651422, 377.90285881161367, 185.7405999023897, 400.93860918065667, -1, -1"
702,"1263.491025444149, 557.5118460999602, 722.3170164091347, 4368.220925633136, 524.7598451300694, -1, -1"
703,"205.88656658947986, 2270.3683529946125, 293.0962188366143, 694.9854372155849, 1513.0506821438787, -1, -1"
704,"235.81404469677562, 516.9515990080988, 816.2861898703156, 365.2575647854155, 310.7849200346095, -1, -1"
705,"347.9116969299872, 1366.045457206759, 344.3122152090598, 160.0970644583142, 1692.2034694099523, -1, -1"
706,"647.3919192032068, 276.1689851604998, 186.19424309592705, 521.618970604862, 1077.732400438582, -1, -1"
707,"1507.137353781059, 397.5790584901405, 488.012205812965, 601.8207627369973, 4471.850431047088, -1, -1"
708,"1589.5696791373914, 834.9909375424343, 404.46250401588236, 202.75538684761767, 1276.1652504229612, -1, -1"
709,"1214.1405597386736, 918.1784879393829, 212.2338845099476, 774.1721826580184, 1533.455303293492, -1, -1"
710,"213.18911723292086, 456.22236647120815, 404.90523150666274, 1156.107124493603, 323.46697353643503, -1, -1"
711,"1135.0282731192915, 5415.136061917379, 1762.9362966672709, 197.96218179530615, 628.5128274326445, -1, -1"
712,"489.2245444821747, 299.1945546771713, 122.00543300248387, 1436.1505997505235, 3000.2666960735173, -1, -1"
713,"456.5387769766438, 840.1895575988107, 479.86817008906075, 119.56735033471509, 287.5932616162687, -1, -1"
714,"1553.45127010051, 587.6385317008103, 107.1553499951977, 523.8416798741379, 748.9137405872631, -1, -1"
715,"554.5233981140855, 800.3721672845893, 199.9975859038727, 1131.2204745969616, 301.6672138165165, -1, -1"
716,"822.8418479332475, 163.0377797007925, 591.6304079009466, 1062.5652811951902, 808.0347098748013, -1, -1"
717,"1428.10249624486, 106.39775319044375, 413.171478222357, 195.29188941314655, 304.4569647579671, -1, -1"
718,"5784.425886257502, 75.50964005070779, 360.2937045734132, 633.383956744691, 381.50168841414785, -1, -1"
719,"621.2589208587957, 125.92665597916984, 53.13221375502965, 240.76075113014483, 900.639772694093, -1, -1"
720,"929.1032619069947, 813.5015035737325, 1081.3175505458228, 1652.0250430402107, 327.0018753062617, -1, -1"
721,"1607.3977053075996, 8229.55908357683, 3573.763656129883, 369.2743167502648, 390.0106495345429, -1, -1"
722,"1912.705723315877, 9067.991474299228, 459.1836619060261, 330.02293144393445, 693.0239913017099, -1, -1"
723,"248.91456272678076, 755.562719598098, 196.5121367952877, 184.11240187752412, 189.18075415437622, -1, -1"
724,"1667.4121705020104, 307.68107825543507, 76.7809187411527, 260.1529285468399, 2485.5536655002793, -1, -1"
725,"146.87122296147032, 632.7651498646178, 1359.4250630769834, 245.9449253651287, 258.6481519235725, -1, -1"
726,"4465.782890407394, 1562.138737580242, 226.97279346372866, 61.218807096188065, 1010.405260521275, -1, -1"
727,"596.3585315967009, 228.4099924057922, 182.81015617876903, 207.9406246780038, 1866.68238108394, -1, -1"
728,"1742.2616206022335, 1419.046123235255, 3549.835701035403, 297.4249910758125, 1317.5288564834834, -1, -1"
729,"1645.8543641279548, 91.95288433478923, 1414.2630276272364, 316.81429237253315, 1465.6469455456674, -1, -1"
730,"680.7483552428556, 1672.505049672282, 2344.967143277605, 48.67257867958272, 152.9531449348392, -1, -1"
731,"1003.8086685795814, 2330.8901935792815, 127.48934835913906, 168.16788738010013, 1954.6483310914111, -1, -1"
732,"195.60380785233937, 192.43031283474141, 210.90798818989865, 2115.4863515891316, 93.33217751432626, -1, -1"
733,"750.4762047669982, 605.6196759306374, 266.3201224473762, 1003.2595694088848, 885.5649630146943, -1, -1"
734,"645.3579444609364, 236.97721867938583, 3934.057524056473, 201.8394974536492, 752.9310807741026, -1, -1"
735,"463.2896671960264, 5037.820620466161, 173.73260337141548, 2304.142920819815, 814.047851612082, -1, -1"
736,"1263.1545502946733, 897.0202778060057, 139.23606691118565, 110.76809297782489, 994.213817511654, -1, -1"
737,"1759.954200675216, 661.0950604053377, 7376.501475262627, 220.1530337461465, 453.5257250219366, -1, -1"
738,"61.117733464790824, 822.1031187415658, 793.6159703060548, 368.82476218551403, 377.7303557336855, -1, -1"
739,"840.3337100408595, 907.7393107090164, 471.1342092336578, 202.73706306883722, 1888.437093694955, -1, -1"
740,"452.49403191284694, 390.53043801030265, 1036.7881760774608, 207.20057834650459, 345.60815430268684, -1, -1"
741,"9191.267130986345, 835.4989953861455, 687.5110275100293, 1773.0716077900688, 479.3122210552027, -1, -1"
742,"247.99369455461635, 232.80800795566648, 223.9062167874642, 1463.0307012932499, 1336.4659738053283, -1, -1"
743,"892.3771314792216, 331.00805257621755, 326.7566116622011, 195.243738413022, 2101.309458413867, -1, -1"
744,"1017.8433824682795, 319.4223522372876, 346.9917546793578, 122.56915992871602, 4311.089052737287, -1, -1"
745,"1313.5242476505766, 569.010754980531, 462.8481011578672, 259.0696309052487, 1030.4217501208454, -1, -1"
746,"1595.162177311453, 1849.8502714220763, 1075.0522945352943, 3539.9617515881882, 184.68074586822223, -1, -1"
747,"1019.1055320451255, 443.14965045949356, 647.3190187593444, 181.838803451854, 1337.4754806703488, -1, -1"
748,"1056.7011383205183, 309.35483687250894, 360.5448740891062, 126.3517205703152, 1104.6418240508442, -1, -1"
749,"557.8703123353466, 204.73815575132124, 1026.0628321010945, 393.938188182272, 1651.2641226250453, -1, -1"
750,"423.19896211362396, 1283.390188727502, 638.4783069309706, 865.4374967675209, 1505.0786105772063, -1, -1"
751,"1122.2080115064189, 133.96700018618355, 1770.145238991996, 1492.5973786922555, 196.91547335870928, -1, -1"
752,"496.4209798199139, 204.69487368786054, 422.7433415782301, 352.5231827871716, 1094.285460619518, -1, -1"
753,"1844.389274744486, 1075.3413123482003, 1876.640521836665, 785.1858035489342, 881.1002983467074, -1, -1"
754,"785.0906741480132, 188.2553272333878, 198.33178533024204, 476.99871733563543, 628.8136837280952, -1, -1"
755,"1359.9660557269424, 1039.4707307302829, 79.91105271598391, 219.9264330405339, 2636.92515840539, -1, -1"
756,"2073.140982806507, 284.30872648465345, 345.80941916259565, 2137.865175263835, 740.9698770393039, -1, -1"
757,"1343.803198595406, 434.7550635681419, 281.7153433346993, 292.82433299786936, 1604.0018699971135, -1, -1"
758,"523.6858532494642, 1018.175685569637, 1982.6977829564016, 900.0135326984029, 723.648001941963, -1, -1"
759,"660.0536226645606, 2560.764009294106, 121.14043039458078, 175.50046342204524, 156.64138746380152, -1, -1"
760,"798.1525853342378, 204.8751972904539, 680.6478608662626, 176.32156663505782, 213.65915229967158, -1, -1"
761,"170.77715264718785, 625.504334229955, 293.0789515404741, 1474.2180630368257, 465.29158432542215, -1, -1"
762,"404.0061612744394, 963.3985315551902, 720.2440509988498, 456.3919998634037, 1654.9586673773204, -1, -1"
763,"1696.3347477452792, 582.1352676412428, 253.30063343696986, 170.25264449046628, 860.2529246366709, -1, -1"
764,"656.8387664616585, 507.46482162621527, 991.8382028466899, 223.4238162500793, 446.1371029359045, -1, -1"
765,"395.6885887382016, 1314.0330001146167, 1618.72805000024, 323.79088672191943, 783.7403859024623, -1, -1"
766,"373.3604568668138, 95.34403138720884, 995.3581716346278, 735.1620459434647, 305.61435502984244, -1, -1"
767,"165.9175057483443, 608.0266557659261, 811.7613182788249, 324.38223050817345, 1144.4869225881325, -1, -1"
768,"2316.796917596517, 1129.7822227506026, 385.86630882587383, 404.0040384263061, 1156.3149257801376, -1, -1"
769,"221.72346078112295, 6016.396219509236, 2774.95546198211, 385.79980176763075, 652.8942063489612, -1, -1"
770,"142.63527540631526, 1563.8140501346888, 974.2401638202889, 2183.1348090245483, 449.4540013724312, -1, -1"
771,"1972.2260008574815, 2141.461114875269, 559.8175404906652, 118.144742277312, 11638.119184563053, -1, -1"
772,"816.5516793863902, 232.5151556175802, 301.75461503178065, 406.93272582519694, 339.16223434935745, -1, -1"
773,"1284.0120783867476, 273.4168548144611, 498.67647579692016, 2504.0000348245735, 1081.5347343466678, -1, -1"
774,"579.5793542760257, 434.61718720041733, 544.27424630556, 405.9102253308872, 3082.8348930172797, -1, -1"
775,"390.1098006370744, 5177.850584035055, 389.83349383581594, 336.3279223234143, 1201.882388554791, -1, -1"
776,"647.0030769972516, 399.43978957803375, 660.4168319884316, 812.4977240435444, 812.0566316303243, -1, -1"
777,"1117.950807192988, 544.1404891511445, 227.65446095962588, 3309.4339817877462, 223.96785628843395, -1, -1"
778,"1121.9236118660945, 60.60674675148523, 158.27066303394855, 1741.051624114078, 1400.6416593943045, -1, -1"
779,"501.8745180277468, 352.1406994041695, 771.9078946232535, 569.1206039431095, 3132.9693362317416, -1, -1"
780,"1980.9997976462046, 215.7409705605526, 657.1732970982591, 228.87826318523145, 1896.71072460195, -1, -1"
781,"895.2366542018967, 2764.7393239037874, 905.9708644806738, 209.201666496568, 342.126250182537, -1, -1"
782,"38.068264780810225, 491.76909682135766, 351.24516339428766, 641.2167223267438, 43.88727863557887, -1, -1"
783,"729.2405328796169, 212.48700449780094, 2398.388407201371, 727.2667045352699, 2767.747044369411, -1, -1"
784,"645.618168979983, 11529.0849625413, 1320.4834585948472, 217.79600190167133, 1239.5407433707135, -1, -1"
785,"567.7658368609921, 2942.7799968119652, 269.02346603444244, 897.496466191876, 3070.0786820882727, -1, -1"
786,"1038.6856857257064, 593.1909978440259, 495.85618914706345, 69.507148926969, 2564.3958088398495, -1, -1"
787,"340.43287729834884, 538.7815304561335, 88.64073100822544, 190.80187664127592, 289.29963590692324, -1, -1"
788,"620.2640833158769, 174.4608096019079, 914.9197050261539, 525.4201496803536, 106.80914240667121, -1, -1"
789,"3268.3764253785193, 408.5318814405083, 423.6943043741372, 2469.3268932776996, 789.818396172245, -1, -1"
790,"670.9679474428998, 698.0733734907838, 589.4582320341034, 870.0205742192766, 294.87018834996917, -1, -1"
791,"180.29668152737187, 1718.3279576587693, 347.02608780899624, 233.59763543612547, 279.88140549837874, -1, -1"
792,"794.5238734277871, 313.48284531557954, 565.7558420706638, 4115.237926046947, 548.4976916653338, -1, -1"
793,"2074.9008827758844, 443.89067695452025, 111.43463019544097, 359.33156581522826, 1429.4435247009071, -1, -1"
794,"796.0540351536531, 187.40186995130205, 422.03274983319454, 359.23895801464835, 205.09014699582994, -1, -1"
795,"636.2417466211496, 197.26865821148343, 436.8052623409306, 148.11470292343554, 1363.2610367724471, -1, -1"
796,"358.4857029664599, 940.6648863396828, 493.1754371550601, 1108.9723213053783, 570.750242417147, -1, -1"
797,"1701.3760831474337, 724.6757938579713, 592.0461043460164, 99.5522061098537, 312.03619371992477, -1, -1"
798,"1034.2611934238862, 4379.472688386104, 1525.9443998915394, 2216.2406230503566, 425.66235005523447, -1, -1"
799,"652.3970895613734, 1983.5448448743168, 138.74170032431036, 429.5576457548151, 1396.4407738979016, -1, -1"
800,"93.254249212424, 206.64550523519512, 126.45912763621449, 928.5820811036727, 113.41861338432909, 585.9871711903295, -1"
801,"2254.710086819942, 297.0489492031718, 161.22707387393015, 1327.74662661124, 318.39333334635313, 1105.2557147619477, -1"
802,"2812.30763483258, 906.762700576503, 658.9826396280644, 1082.1916408503923, 257.5277392980302, 8036.018243172612, -1"
803,"375.2349886980512, 209.90123428834156, 560.3973090584541, 778.3688726580447, 1169.8543904647515, 7063.546564014281, -1"
804,"1587.0673442870138, 407.4759493763841, 406.0187242415127, 286.51859139756704, 327.06711005332954, 1936.746377803379, -1"
805,"54.02988189962926, 4723.117359513135, 625.8877168253234, 722.5230476129003, 315.8837254554105, 1091.2115741505431, -1"
806,"99.61060747936708, 1461.7550013230702, 231.71252674085164, 494.39594321836864, 268.51864130617025, 412.05036467681623, -1"
807,"3251.931393810398, 3232.6263042632763, 200.7167937588951, 126.3851859218182, 533.3691578306112, 1163.4226485965935, -1"
808,"1325.8740711414089, 309.28818050530447, 287.21086757457687, 7168.963958739687, 73.33777914924491, 654.9057151920352, -1"
809,"384.2417740994901, 1207.8403158762083, 295.55767998921056, 835.4416979112335, 264.3236588715336, 7433.901145499891, -1"
810,"169.86885007420244, 5685.798445442971, 286.63239645524936, 1494.8562374733176, 172.43103303517046, 890.7181858710004, -1"
811,"801.0469147672259, 699.7201002536905, 143.95549180181467, 732.8515217147409, 307.9365556245048, 335.8167689015943, -1"
812,"836.5868055487267, 51.2342006523277, 599.760103010066, 251.35762134066823, 458.39944814914776, 265.9470005430786, -1"
813,"355.26187093729993, 135.46797320428743, 677.0197136860306, 420.0392171353871, 137.4529000613843, 693.969593703299, -1"
814,"3064.4256655774557, 563.980435065786, 752.278774787376, 1288.8061950013637, 354.7777250358785, 1596.6384663937192, -1"
815,"3714.979283367419, 238.79398599352913, 581.8011278118609, 1190.049234486787, 2253.2978916401803, 166.07759642844024, -1"
816,"1298.7285885124652, 629.817268172447, 251.111698674621, 650.8847880214287, 218.81898897931015, 596.762365722147, -1"
817,"234.53603197205635, 112.16469275584346, 895.3029085362173, 1775.1705290841683, 187.54558598924817, 1992.2365011074637, -1"
818,"503.3094229025405, 296.76782232284233, 1955.9702989851125, 425.0679901211936, 1052.1228703426798, 234.3354341629782, -1"
819,"701.2742594136151, 1086.5208920867346, 512.1573664116112, 1123.266708839919, 462.0643565267734, 1516.9148828977968, -1"
820,"807.0911548509062, 1618.3474461987928, 686.6617220991313, 520.4540133397184, 403.1943394996015, 159.62190882590153, -1"
821,"560.108825685692, 297.7799485104757, 2983.3325174676634, 351.55424312395473, 330.4852526479962, 726.2170086056143, -1"
822,"425.20522390424367, 3408.2618287628475, 474.5804809271363, 498.13612463844663, 1575.6805998208245, 91.4647645839934, -1"
823,"301.7262051976404, 169.31441679332474, 638.1583537987324, 139.60877526228876, 477.2451209864556, 2101.33286755358, -1"
824,"2395.5222339481334, 634.4076561865422, 506.2852771462642, 288.1738713246958, 422.80195655941077, 1307.0992003760507, -1"
825,"2176.1412694535215, 518.200338634723, 88.49669299178461, 1663.1313956780302, 2063.083487087242, 1400.2579494495747, -1"
826,"1192.0171328782722, 189.36256324801005, 1473.6893137218544, 1430.3274767096593, 338.2489353440581, 344.86299274138463, -1"
827,"4849.350595863501, 319.4222855618169, 862.8433922627341, 304.7694457192853, 937.4909482241046, 1081.668016758789, -1"
828,"1444.830981165826, 938.5294682459978, 4342.899387061761, 407.0290321081489, 82.14373114717374, 2240.3845000114675, -1"
829,"482.80549529340794, 73.50434418985768, 541.2292081718173, 361.46335469425793, 246.98065972767145, 702.1022515689634, -1"
830,"4720.274649584415, 524.8178870773786, 164.47167982731605, 422.0459099022776, 680.3096241247852, 13899.969219550267, -1"
831,"2015.9520471646738, 1300.7983026173522, 2292.884178858951, 772.2796216780379, 1042.5036247611931, 271.19334226504725, -1"
832,"339.35473748548657, 149.2987501253438, 127.19962769415498, 873.6389689258601, 173.97255600382903, 492.722464337864, -1"
833,"287.6258644764611, 1208.7174018833084, 295.22238352632985, 111.90564276704771, 447.6096827129965, 1181.5401383367057, -1"
834,"612.2259075985523, 84.81641954810894, 454.4608500755231, 1581.5900649638622, 140.31553056015963, 4117.502797144954, -1"
835,"1143.8074644841422, 5412.368402023084, 1830.5916093463388, 782.0044453487404, 5762.537719703451, 229.9869375951701, -1"
836,"583.6867732763262, 9022.447554578219, 357.0874531107686, 327.2281222535029, 312.86440463409065, 802.4592368072274, -1"
837,"264.46277296675635, 1218.524797644002, 1741.2399775845674, 357.5640170854029, 227.01974066037639, 416.9300425882624, -1"
838,"129.61875710530938, 6510.203123202216, 271.3518312711783, 147.85529176516155, 870.3288680763004, 517.272381406311, -1"
839,"4209.158632294973, 491.0825024914293, 5006.511771781492, 2376.815919734937, 122.11661498712935, 400.2941609299822, -1"
840,"233.42696295061617, 30.49918638131988, 2324.8032968754383, 617.0240881905736, 209.7037841633819, 1915.3279562135463, -1"
841,"1066.907056273901, 1916.9252774613688, 519.7621189168531, 3406.56388288686, 403.01306389634544, 625.822884656849, -1"
842,"313.2617989504233, 422.7497314849781, 1565.2841454821225, 277.923942104048, 635.2104625938923, 86.75598868038098, -1"
843,"341.733542460247, 1437.0246382630091, 1010.92878245114, 525.6928718160596, 174.31283304872844, 365.5747925771939, -1"
844,"1159.3943199429325, 165.86224198949427, 131.22742070378737, 380.3763304205884, 337.4627579141107, 1921.1401575611787, -1"
845,"193.56939572121615, 1126.1499305104323, 1208.748593267766, 56.26968092757767, 308.5268354007018, 2593.911873602877, -1"
846,"779.7492819753653, 580.6827585495801, 309.7866528781262, 2914.677478864027, 1410.528436622167, 177.61179580023835, -1"
847,"1808.6391484187102, 2492.0110787701783, 483.64637456658727, 269.7458257935408, 71.9597653087333, 1328.1605432215492, -1"
848,"1815.7886981191014, 568.4672004946962, 1403.629389266419, 1230.6827433335118, 398.84794338217273, 7968.588538703707, -1"
849,"525.1791160807909, 258.7966172483627, 249.50356329671075, 309.768409646436, 150.10707954055422, 369.80477730226016, -1"
850,"1435.6102931238524, 964.4256659192212, 473.5772024094549, 500.9890185689306, 87.85219500563207, 1563.985033749425, -1"
851,"651.4153825073998, 361.5830108115238, 433.62098450346787, 253.76603885947785, 572.6995085256867, 1254.0350610046821, -1"
852,"1182.3784634300448, 775.3799571488191, 328.366873578939, 868.1374222985498, 353.68743221186526, 1196.2492271790068, -1"
853,"88.91414470236612, 4640.015771443184, 350.80361416138794, 5127.917113865654, 546.9652321658875, 404.5434104500319, -1"
854,"513.4838798808987, 504.96346892492215, 349.57759612468533, 532.51091219192, 3747.0738321311637, 526.3272282868884, -1"
855,"331.0262233053525, 267.7860579430668, 3481.5490352103593, 273.5843290227273, 1239.76191233472, 168.76972714227537, -1"
856,"264.55791494853764, 506.84507737429226, 429.28637622515606, 120.40156688342594, 220.60177793295168, 470.2324576021657, -1"
857,"1712.3994203740826, 720.2281338074488, 307.5521793368314, 1075.8568100750374, 439.4596678784026, 1106.7040727360352, -1"
858,"1409.9245161886993, 3406.8124943112716, 225.27413699680386, 199.39151893567242, 806.4055581544056, 1342.9689033732993, -1"
859,"1023.2513303417903, 290.65445459097316, 756.1117282424168, 605.2223561292928, 359.2407751488641, 221.16359010969896, -1"
860,"234.56621427228575, 507.23694894450944, 460.6120523282279, 300.9840241462705, 470.36300378600566, 1241.1014590308964, -1"
861,"697.3003304845873, 169.36696671724752, 2049.5974496019617, 3725.2851607610755, 311.0539252235717, 1750.8301823749748, -1"
862,"1117.817764587704, 82.45343631000503, 1678.5436980865816, 121.78756549882769, 313.79982240150554, 203.7971639497733, -1"
863,"2995.089404846798, 836.4635000048906, 1312.499223104421, 464.98104203321674, 2003.914322456194, 260.0955210832342, -1"
864,"1985.5385312614778, 997.5232296028876, 924.5113301758207, 3124.7973285991347, 639.5223666853182, 2110.5801763386626, -1"
865,"401.27295835041286, 501.90200200989966, 1127.581480069776, 85.92735725876827, 526.4749223472755, 944.4263552892673, -1"
866,"974.0918825632712, 219.07185308533312, 2302.153657043661, 216.14804046625994, 411.70579211896893, 114.78703192390984, -1"
867,"723.6294250817052, 557.7595241462681, 338.0544726679158, 696.2886645445982, 2614.4167738140027, 4575.94797801349, -1"
868,"1473.2456985879492, 889.9608739310728, 552.4132572336198, 957.4788678639545, 251.5342183520906, 1792.4841823230392, -1"
869,"1550.7921453924935, 899.1880376638478, 1413.2745133902108, 538.1443122379115, 1106.6054540508721, 549.2359805691774, -1"
870,"749.1428569875344, 779.3930331592126, 164.70967612276417, 547.0717693115313, 1480.8688328348094, 340.935139687603, -1"
871,"633.4455837738439, 416.32990496212557, 291.9853153794332, 127.18379256709066, 328.98827923780044, 625.8894848151341, -1"
872,"294.81324458932846, 177.80099363393828, 322.7059059630579, 604.1120420188314, 295.15229057362916, 1113.3822451864025, -1"
873,"775.6065461311027, 3059.2247785531536, 2019.2376509573178, 374.9001223152472, 100.26833209761963, 306.7008488188608, -1"
874,"368.4110532322096, 406.3680531987201, 998.3250864707254, 2201.784953242263, 320.2303830892655, 63.216829833969115, -1"
875,"697.2742823788087, 6298.266365592974, 1422.0898837000373, 426.2329676698012, 4980.931847315188, 1566.875862546984, -1"
876,"207.26457021364325, 3798.3721775045938, 365.7757780451981, 1429.604174971566, 1386.1682558849157, 1841.6753695813372, -1"
877,"462.809466393079, 1491.0937733273804, 802.5748758017324, 508.7450684625856, 921.4755713415052, 1415.4605993002704, -1"
878,"465.73476652916673, 1887.1747881227923, 116.60378575433086, 339.8238331390272, 1188.2669791085114, 437.81667849165035, -1"
879,"1190.3401253935103, 173.67130498092084, 552.1107691706176, 2576.1732537167736, 211.79048815366937, 940.4311343546751, -1"
880,"930.4252643368523, 1762.437970134486, 364.32256839210527, 431.05907591227583, 286.79221397558604, 236.5350719215566, -1"
881,"596.9092979689657, 860.7034618154887, 318.01590168411764, 1106.9256554534038, 172.4849556317818, 250.69071833613668, -1"
882,"5681.104294113256, 140.12097906058594, 1250.21352629939, 600.8607863448779, 672.5504085156256, 710.7558542142199, -1"
883,"534.1072459736758, 242.59474861159418, 232.85283331791757, 133.1724661906519, 480.9406435609349, 3470.769335422988, -1"
884,"276.82800187066266, 1764.6955700090243, 285.4398699070887, 519.0498786966515, 123.57245319183025, 168.42172652614587, -1"
885,"576.3274412385274, 5851.515333064508, 450.4427047662771, 658.7626615491481, 589.2605497902986, 1417.2374418208606, -1"
886,"487.50773884756507, 416.62475162870015, 540.5975940880958, 1043.9800651495805, 134.64649647566753, 330.45229201391567, -1"
887,"1349.9909889721112, 748.6982798481819, 964.4878642839632, 750.2050689590432, 130.05100368201744, 296.4816414447678, -1"
888,"3531.4228364452338, 272.6017356931471, 325.24833966581525, 1723.3729385022207, 2747.627900471345, 303.43836922088417, -1"
889,"254.91049691573784, 923.2486508466523, 1441.301309390276, 2370.3691070678183, 3508.3095918951594, 32.829246676295824, -1"
890,"231.62991672047178, 1166.4319878209076, 7301.2313420230375, 184.8094363843121, 117.57421291049786, 307.61604090224466, -1"
891,"3482.8449908266975, 305.7378160815673, 229.56877397195237, 797.3192381539975, 86.7675145339041, 3382.6487511281293, -1"
892,"2138.1275341554456, 284.0404541976092, 95.08350496558629, 704.4547780553411, 1058.4984007805397, 567.2823428966387, -1"
893,"2430.601559422333, 189.35903764198625, 212.21663719279127, 6684.241565495505, 129.25965801877769, 201.25900737182434, -1"
894,"86.47804349462373, 10731.58297207878, 326.87330232473744, 227.62856853345238, 385.8510266042514, 298.5621113033368, -1"
895,"183.7946379167264, 584.5071559193846, 90.76233933404787, 936.5065136765277, 923.7183498959589, 196.72039483738166, -1"
896,"2310.2563670387967, 631.5355002731302, 1022.6829049373906, 257.05442430469316, 298.627111202583, 727.9349646421679, -1"
897,"1054.320289942481, 67.33411792268797, 1197.6919289362856, 280.66199549796625, 195.95759890967534, 515.8550694664876, -1"
898,"938.1613825179793, 1437.5978784032268, 511.18590157137754, 163.21962184563554, 313.0094487700097, 696.8699684658577, -1"
899,"1037.37540477772, 1098.5984942408452, 667.9646807029428, 522.8558386322673, 140.01057087123814, 808.9642686366062, -1"
900,"408.57584071561104, 377.00924874470184, 911.4433492287952, 534.1859246102822, 51.89503373307458, 409.1525198605623, 511.2290395330819"
901,"1017.0667053871352, 139.9955291958291, 1931.8320198099207, 70.3822225738754, 75.19249000775254, 1011.9709181816274, 135.52408240901576"
902,"1299.3375812427507, 1759.8423336953626, 688.8849021196692, 510.0348490363075, 226.8024133300603, 2427.4812832565817, 362.87329153009154"
903,"426.5394552466604, 433.5783809656372, 45.79849295619188, 1278.6986930942953, 275.70238607988347, 369.8906293407151, 84.94520715243456"
904,"887.0940929772405, 834.7425161430715, 610.2981315852777, 250.8825455346184, 1257.4089231556106, 116.94032632981023, 473.30659302174536"
905,"170.3793202170983, 7190.022613715726, 73.54236378882851, 224.91762935125493, 2872.517762014685, 1443.7037689255483, 251.52151345628772"
906,"941.4189151753952, 4395.19439929284, 1252.4045569111313, 96.41323531654844, 680.2371221047296, 870.8910475301822, 1737.444410110771"
907,"614.3663671296193, 358.7111494615684, 189.86271055964494, 464.7976750744211, 623.9387519110448, 436.906041234045, 155.00774778790205"
908,"665.1600043829578, 1020.252152438017, 684.7224179117811, 764.9417926915386, 887.8416811433902, 451.8056782583694, 611.5053660868786"
909,"220.2756357213384, 354.68339130222, 481.3709743074667, 4087.3985643281544, 183.89969517014066, 1221.1866467276723, 1489.3222699731746"
910,"5257.991948399173, 1925.7653295395714, 386.01451008207187, 92.48545349057503, 89.84892412354313, 672.0726997614604, 987.2608603461791"
911,"1315.987330628816, 248.74651253710124, 1039.971156548769, 1068.7106386756438, 179.9644740404595, 276.20388018757245, 7924.215990824006"
912,"203.44440276301168, 560.2716490041167, 1520.2458238102543, 969.674854859191, 82.73221669279962, 3734.3233750112527, 317.64934917548044"
913,"2425.8206617228134, 478.33331647595105, 764.5750983106561, 375.1466647448707, 950.4823543221564, 510.6560794916216, 719.8536171568473"
914,"124.56105197836871, 346.480799434871, 562.2245668769594, 281.4231205880736, 542.6354737145155, 434.16190228121434, 88.49066903198882"
915,"874.8204234844811, 219.12664618713683, 367.9074764083727, 331.196957124955, 1855.3519940158212, 267.8713492232001, 210.81098088644592"
916,"2899.355855881326, 241.8781122641241, 386.27034525016285, 172.3616962154027, 328.9590761062332, 554.8607803446373, 841.7689654383255"
917,"1324.5578902244797, 657.627246985893, 605.1493772486851, 1138.8530956061395, 295.9989335752434, 39.26920279380997, 197.204197826211"
918,"926.1900081247659, 308.37849885633904, 438.4654368414914, 127.31549789213518, 2744.8382859693697, 124.56560961535848, 2488.3486012024605"
919,"2620.3267189913304, 216.60652125929394, 603.7081595687462, 828.8824717539925, 772.7079123010002, 280.0540842047102, 173.67058156062112"
920,"92.37188906323313, 635.7305290316028, 672.8575733953343, 810.6629001800825, 490.5515083276037, 238.791461328082, 1154.6044406901692"
921,"798.4400547827659, 826.8246080120998, 352.727941139866, 1333.3084600946954, 307.81830092290744, 153.2974750483031, 330.2383218050207"
922,"10306.722991701854, 691.6405756505403, 351.14213985013856, 519.1381975658272, 572.2103244520519, 403.6824645611993, 4444.5982532609505"
923,"511.91026761658685, 1438.4409880318954, 326.0310324512534, 1518.9729537670564, 1004.9646651979175, 541.9533622396024, 1156.027335783292"
924,"109.51704269730094, 1193.3271410370976, 1538.649717356202, 811.701268784898, 524.4525496362321, 3622.077523436378, 218.19262258346265"
925,"919.6707901407301, 586.0763558491072, 523.640846620229, 898.303779157019, 443.5825349304193, 167.93751400567575, 6203.661241948492"
926,"2058.2857619576653, 353.2914510959626, 1130.3249581652162, 505.8366357045692, 274.26786247157895, 866.9147273143643, 900.8274567412957"
927,"879.0503280456971, 420.3949424945098, 82.66580188723728, 664.3366699147073, 192.01022835012924, 70.19321610241882, 113.9773291605899"
928,"393.1833691145903, 320.71358714321076, 480.26469456624005, 325.35337014503284, 147.93302301578953, 867.1395246235038, 511.8481958841475"
929,"1293.2213805777596, 276.0092491502969, 959.1526462619207, 559.6922426133943, 317.17248326475953, 1163.0366031923495, 1780.7034743587017"
930,"1006.5115891719563, 564.5943564813392, 1019.2782187251877, 105.04082712075406, 503.91588175956963, 323.41286396579994, 1440.4754421076102"
931,"879.0263367856176, 123.99011609420552, 548.5049964134265, 324.7596103468327, 365.6518285489009, 233.4510642732383, 175.09588182640965"
932,"2324.886391078495, 11862.87864295242, 921.5194334936622, 114.9124012124256, 289.104672812819, 180.9827488410084, 166.43450676016295"
933,"246.89430712574242, 335.9692256645234, 656.7967880582343, 1840.0335895654894, 159.07199493005442, 613.4820922372221, 208.71688921945275"
934,"229.05879608150397, 997.1942690910397, 8011.090669176401, 429.8796056441204, 379.965061355134, 290.6984754461406, 415.60795578313025"
935,"1970.3461064046355, 319.08958763744846, 292.08530203559627, 1018.1672229450032, 159.65494253456347, 1156.3254175037362, 675.0675896943679"
936,"1609.2887575047166, 478.091154938404, 102.10921019123683, 5579.066649554434, 334.69785763795755, 194.36815591397266, 1342.6008185621506"
937,"267.38709084392246, 5698.19413910356, 604.1537069389034, 475.5063600864931, 317.29657721637227, 837.1083225807652, 604.0079737340462"
938,"1754.927104853673, 373.3509043405473, 1039.9945883030193, 1059.4046932852605, 130.7729397320122, 553.6913954790889, 3553.01404004376"
939,"1086.0254623977453, 194.01178689349808, 320.51849668842567, 757.1028091713955, 726.3628630346303, 124.05308374757058, 1255.4506688859128"
940,"281.96095798383504, 220.8510309228654, 119.09389324475015, 646.1540737481462, 198.3104196822091, 511.5712817078216, 1453.014657250838"
941,"324.1456404577948, 955.4857003861872, 1020.6299439706373, 909.8901804121396, 817.7544404354917, 794.056178018754, 283.76704354774984"
942,"566.5716696448181, 600.6554513003312, 558.8693550792044, 166.39072478049073, 1204.1318636628312, 918.3047336625009, 588.587314357026"
943,"214.99528969537005, 2928.3331307234635, 1058.800853714088, 194.17635950102084, 510.21347035166593, 82.61540330048484, 63.10788303018711"
944,"351.07217576741925, 1473.9813841595035, 1724.890463900906, 450.7124182145198, 790.7477525228128, 118.59395015501593, 5526.978896335043"
945,"973.1129859035334, 454.0992912128152, 290.30485961130256, 344.7389547064542, 120.42108430824987, 1377.484823829293, 3487.4785133967193"
946,"372.3485145725124, 413.7751960240307, 5669.797846591988, 1662.4932832218615, 70.6863877834113, 68.5841331359413, 699.9534292180928"
947,"1446.3533696475704, 3076.392316700734, 454.0803804278145, 330.50429957107576, 1073.2569482687973, 50.830402170800944, 470.3159873624393"
948,"1349.5825984100707, 1494.6327125491828, 205.18659609169447, 227.5706020787429, 288.3040733568342, 1483.6545724166049, 213.84438555036255"
949,"1377.1857373438106, 1707.7362440616416, 1699.000869121186, 458.7817386291556, 578.7568217301514, 286.9670234039743, 467.8795934795505"
950,"402.10729145851224, 487.44983224146796, 104.07634731896452, 464.6086765968757, 1815.2616855540164, 881.6487470717816, 2151.723026910845"
951,"123.63267168414262, 448.4734316986729, 238.81206360323682, 382.022183905807, 547.2799807698109, 123.5926334677342, 328.98932557373496"
952,"535.0393908068733, 5352.397872639018, 573.1216020187036, 471.78707174912347, 1456.9799442202207, 242.12272849642977, 912.4492422803464"
953,"1401.1920751573425, 311.68663990900825, 467.44235398367925, 148.01001492502377, 199.34187840193144, 571.5229553595416, 2297.0569782469015"
954,"459.06591342667866, 777.1079132504982, 209.74048745478768, 715.9800889505798, 1306.240560042409, 256.7334240941698, 444.15666588707575"
955,"1184.6797933097048, 779.4224830917698, 503.972865983489, 1959.1995831937036, 426.5921331039404, 812.6383758504167, 1757.0264937219"
956,"294.169967638351, 1674.040934403741, 429.4418390480572, 216.6972549567478, 1387.00863597742, 425.7846690253836, 232.48282931650544"
957,"2399.908735885654, 451.056246595945, 718.1585673708009, 774.2849596231703, 266.67557283249346, 529.5614475573241, 969.077434572414"
958,"1488.9684177312017, 629.0017870140102, 135.51220411488228, 2486.6305966254185, 175.68834095796296, 3416.7997846820663, 656.6029201868478"
959,"547.2187108255914, 974.8460036989669, 421.3896716269111, 688.1465112651017, 893.187504972015, 1823.874625531931, 1996.0957840486726"
960,"2534.469849761737, 214.05015955894063, 945.9496358006625, 351.53577087400157, 1006.7778188558841, 44.832894377581596, 5276.461189735251"
961,"3236.955775378309, 1562.8740425530482, 1613.021136594398, 318.7897943862032, 1254.041299856793, 378.9486036114373, 263.87654923808026"
962,"813.7593800681404, 2746.696183322753, 76.19689708773765, 951.6120699674844, 145.24223108642838, 969.5466890059716, 2838.2037582997154"
963,"1045.361326961865, 443.69899792915135, 97.22039810991137, 357.8605019439978, 431.2559614503804, 154.3030463509698, 207.4825224810789"
964,"918.0695814400108, 183.41809859862434, 73.83916862928236, 486.5524420641656, 1737.374481660206, 243.20390621813613, 1191.277081814769"
965,"325.4044818642376, 985.4109744032941, 76.5415360176457, 52.984477977456486, 729.6120726575975, 263.33291081066756, 273.90971824187744"
966,"394.3856903836614, 1425.872564369293, 491.3910034862031, 743.6068003174996, 755.8503741770345, 601.015520970804, 303.0581221163842"
967,"400.1590202031432, 99.73490519436395, 231.72415031693544, 541.5988710448065, 1067.154027325095, 1005.7241864543687, 1226.7687667115183"
968,"1076.84792162442, 2124.962325157001, 239.3999426975634, 918.9376532702961, 2937.079223008607, 172.12351047843737, 159.33448266791132"
969,"228.00753777751103, 553.6070442653395, 546.5411270364316, 2034.2878921564275, 360.453926422412, 1825.7155359686947, 1353.6174726147053"
970,"313.0210604088361, 400.9747707910261, 397.8110954588317, 1038.870205171117, 154.8976246116913, 2297.7872296620944, 660.330284599827"
971,"1048.1693223429525, 1788.2369557919662, 303.3528754413707, 2240.609766309749, 249.39188320620562, 1553.4133540704406, 790.2294444199335"
972,"79.88454136294087, 231.35757502092432, 708.5022444939223, 324.79493031834164, 686.8171608905253, 166.95962354672295, 601.5485933376651"
973,"478.4622445219846, 187.66285157854907, 145.33839234916303, 64.43150869567313, 279.8510870926491, 1014.158029649837, 440.7398854304005"
974,"1830.724634619591, 746.645943917372, 346.80662206222166, 243.7114202784785, 364.1294913874499, 742.9753824979564, 485.9291681959497"
975,"560.59736656773, 670.3419520321308, 1158.8812326823656, 500.99871848982616, 3042.734753370503, 775.1564174921092, 266.93068563345145"
976,"753.0255759653471, 938.825627045304, 266.01461111569165, 1602.6864962837976, 396.9776781399682, 462.91565374257584, 271.8567650891993"
977,"202.3561481267903, 655.9080722476102, 234.90446173692555, 471.19707278833556, 480.7890427009005, 399.0137180500843, 383.47881952196775"
978,"575.6878701722765, 1287.0378655082584, 2317.891411353766, 228.30851549026292, 1295.2801770406961, 99.65445177435357, 5502.5935213064795"
979,"3170.0264252563334, 442.2017755986171, 374.3135510500158, 509.30886165051356, 135.14739543721655, 1191.3707955704685, 1329.4697573770588"
980,"1205.0708279817165, 3469.8940928795737, 525.4871366179417, 492.47745341387696, 200.24411934494734, 342.39982938676246, 633.075043315998"
981,"399.9291950267674, 9597.5513852491, 79.8030165260459, 552.3805921856533, 628.9809104972227, 754.4517370138478, 301.76206862152225"
982,"538.7147812973358, 159.00212914798186, 79.98172158714856, 520.5090487688138, 4043.5512770676396, 395.0721645138598, 1011.7933410285037"
983,"1237.8240032792232, 384.11137891598963, 865.539620310925, 664.3015513931808, 176.27125976600064, 598.5582983470528, 318.31716223748566"
984,"184.34811476687128, 2386.136800456575, 176.9615771773708, 182.2702629304115, 119.33637243595547, 626.3829193004685, 286.7727360949514"
985,"1847.8033021986448, 166.8273194695356, 108.70002696724498, 391.7405050556092, 330.02228168388433, 1025.2969705863932, 1080.4692696773564"
986,"276.14514645015936, 1513.4609616736898, 348.00366831806673, 1492.067439138897, 321.16348559448863, 118.18876077592185, 156.80508514634852"
987,"249.06100233831427, 3502.638342962242, 1147.61155050542, 131.27573913398396, 162.05554057100582, 218.46758585295515, 656.5683013060602"
988,"396.56520179758115, 329.0211437687916, 482.2997721769569, 485.712337925871, 997.8703787025174, 239.74748943542693, 309.7933283691874"
989,"1948.5862067081123, 3058.296047201289, 286.0138047724743, 487.510586850021, 163.57144187108733, 323.0920624922027, 674.1452016104313"
990,"1026.0822112947083, 1375.6361123144106, 2279.4300722560993, 430.0917708463355, 411.93990966942704, 483.52113841774417, 650.1903540948986"
991,"292.50846685534344, 1438.1049959619418, 3964.8218363812402, 542.7783768946264, 637.9382138303655, 683.8166348447118, 256.4831061251754"
992,"1640.6936644961575, 224.07135744628187, 1769.3740297363854, 257.9371866144007, 732.7213482422802, 1017.6503137794788, 340.5746701287531"
993,"447.860740467177, 1037.3983623665033, 70.5978439040707, 414.71499854923445, 2214.8187105068755, 104.5617290433814, 126.46431728833619"
994,"761.1933970923986, 1855.0273648574241, 149.39112258347274, 478.9897124551676, 115.41037295734839, 82.80810653902313, 602.319873694282"
995,"159.20570057097277, 48.779391823276995, 4069.557463951007, 6987.552871233784, 1880.4599845816156, 1015.9691203563814, 946.6083762469663"
996,"913.3983969652779, 439.63011706958747, 524.6465983648334, 382.17894005976865, 299.54166523441296, 191.00010179097512, 1630.155859498395"
997,"6041.224281257179, 588.9154524774721, 177.96341911266333, 162.37798938774733, 253.99389335242324, 289.71793560493893, 1837.2929906895413"
998,"509.48479444419456, 332.95739603311733, 237.41256887408406, 628.0622834496256, 669.5724838216539, 972.2210528470681, 446.0727075362992"
999,"667.2761224250291, 8777.862672413541, 174.8389314246278, 960.3096753189482, 277.48857261801373, 273.93123073822824, 362.96877658104387"
1000,"270.7547285497546, 2400.8515179704837, 1926.4771654932808, -1, -1, -1, -1"
1001,"904.0075387138886, 398.8112359028314, 1992.3668629024116, -1, -1, -1, -1"
1002,"591.2406726577201, 733.1290133968013, 1530.2347868169613, -1, -1, -1, -1"
1003,"288.7269439966229, 165.03512821735364, 291.91384422325865, -1, -1, -1, -1"
1004,"366.3094099466024, 904.1953098642612, 285.67456523305054, -1, -1, -1, -1"
1005,"12009.602395292466, 528.1583538707018, 11525.603142407279, -1, -1, -1, -1"
1006,"1014.1391209126909, 251.03197402705914, 591.8442797845876, -1, -1, -1, -1"
1007,"3841.423804072384, 314.02206670327365, 363.65076381442225, -1, -1, -1, -1"
1008,"186.1825323469862, 430.8787706365652, 3004.9566564513634, -1, -1, -1, -1"
1009,"1087.3341093520105, 5045.037892172435, 2281.5693687783787, -1, -1, -1, -1"
1010,"207.84754794813213, 73.20090586560039, 987.0867640441332, -1, -1, -1, -1"
1011,"1368.7635489214003, 1314.1746610252585, 11383.739281082604, -1, -1, -1, -1"
1012,"1101.897763536022, 404.49317537477725, 372.22577508398194, -1, -1, -1, -1"
1013,"386.8290803670257, 884.4303234682641, 335.05771989985914, -1, -1, -1, -1"
1014,"282.5526196972717, 2219.4772371792305, 1112.6896142470707, -1, -1, -1, -1"
1015,"1655.8558508137617, 266.0339801487346, 926.9805937470265, -1, -1, -1, -1"
1016,"1850.7881755128035, 674.009476531324, 263.8716926437779, -1, -1, -1, -1"
1017,"929.3194994161686, 1777.7088136538453, 685.8525307491101, -1, -1, -1, -1"
1018,"88.06218718279001, 1582.8379984327112, 542.2014355465086, -1, -1, -1, -1"
1019,"622.1710938101784, 173.07569406498294, 498.562283061739, -1, -1, -1, -1"
1020,"1090.8761362626713, 533.9401627703774, 533.040723165932, -1, -1, -1, -1"
1021,"239.8089448121021, 491.690881294545, 629.2148588265754, -1, -1, -1, -1"
1022,"323.37976992370153, 796.9189440886333, 829.7891106856837, -1, -1, -1, -1"
1023,"597.0251888632722, 1202.4242796899168, 3293.41317080134, -1, -1, -1, -1"
1024,"896.6909366447067, 223.43173737355235, 2312.4435513044086, -1, -1, -1, -1"
1025,"279.22099297304203, 533.7954457155663, 2439.926610876544, -1, -1, -1, -1"
1026,"396.7218661112428, 328.67571360386165, 503.03838786517747, -1, -1, -1, -1"
1027,"535.3759485644966, 223.1849839279464, 641.3563697758275, -1, -1, -1, -1"
1028,"2831.4454092008937, 632.981578231884, 1792.2415804297527, -1, -1, -1, -1"
1029,"985.12681851366, 814.2613570201007, 3166.4247554547055, -1, -1, -1, -1"
1030,"332.9706084494779, 1782.9903233529903, 702.5694803429394, -1, -1, -1, -1"
1031,"2195.8415317460854, 111.88906360062332, 449.24589523403677, -1, -1, -1, -1"
1032,"1420.3173635538465, 769.6778128468542, 936.3987806071516, -1, -1, -1, -1"
1033,"1167.6334742570464, 338.8748982715172, 2390.130432665188, -1, -1, -1, -1"
1034,"825.2045673464168, 102.93007398643444, 765.0921511189954, -1, -1, -1, -1"
1035,"2013.1395600320075, 643.2528864110259, 726.719836922106, -1, -1, -1, -1"
1036,"1114.5328711027314, 124.4502316799324, 681.4087098634178, -1, -1, -1, -1"
1037,"5302.701851724909, 1167.7807733485677, 423.45011826132406, -1, -1, -1, -1"
1038,"433.092036848666, 199.25955723241373, 221.10436870081438, -1, -1, -1, -1"
1039,"403.21900715848454, 269.4879842997691, 2227.591897219595, -1, -1, -1, -1"
1040,"168.3133421765146, 418.10044453850844, 339.5474020522761, -1, -1, -1, -1"
1041,"416.05446306918327, 454.18529660114143, 3074.948348718581, -1, -1, -1, -1"
1042,"1093.3793936622278, 2470.449250184244, 767.8869822476504, -1, -1, -1, -1"
1043,"309.18170673616805, 778.6260610990558, 293.09419203495895, -1, -1, -1, -1"
1044,"617.3272555304904, 5215.047796325775, 834.0526361307536, -1, -1, -1, -1"
1045,"267.6335914670023, 417.0514161962233, 1250.2789261820606, -1, -1, -1, -1"
1046,"3785.8257339107404, 460.18668455601767, 1124.467462573924, -1, -1, -1, -1"
1047,"1087.5996870095578, 303.4618191507807, 1483.1638720573437, -1, -1, -1, -1"
1048,"2174.6461731083464, 600.5653928801012, 250.22946286758793, -1, -1, -1, -1"
1049,"1265.020527281486, 304.1318092865672, 645.8498923037415, -1, -1, -1, -1"
1050,"2432.093699813394, 200.91119736068896, 679.1440273118775, -1, -1, -1, -1"
1051,"627.60111767339, 2178.805431675395, 559.399479623591, -1, -1, -1, -1"
1052,"2790.272544105653, 381.200474723478, 529.714138243035, -1, -1, -1, -1"
1053,"298.5171425489648, 172.8351897758994, 878.9163424856072, -1, -1, -1, -1"
1054,"4843.846718801358, 144.3439678937989, 777.7230581790689, -1, -1, -1, -1"
1055,"862.7200651573854, 1392.3214338543428, 291.2553939426998, -1, -1, -1, -1"
1056,"738.4803257823268, 345.6115153661996, 843.6624946538432, -1, -1, -1, -1"
1057,"351.4074896133844, 2200.508779615841, 719.7860066528091, -1, -1, -1, -1"
1058,"114.09858039667563, 907.9058947247365, 174.91258651446475, -1, -1, -1, -1"
1059,"629.7280795623941, 714.1677563053181, 306.75753690377553, -1, -1, -1, -1"
1060,"241.18423443507072, 5954.5430716268265, 231.6133813465407, -1, -1, -1, -1"
1061,"4492.12347453068, 407.9933535812065, 2988.647849775821, -1, -1, -1, -1"
1062,"2004.018235898631, 277.76660508733266, 1688.1195097698846, -1, -1, -1, -1"
1063,"183.58647385182297, 361.2466598126791, 1434.5700904302676, -1, -1, -1, -1"
1064,"522.9949741025538, 1999.086722493695, 596.8986988513726, -1, -1, -1, -1"
1065,"357.89382131402755, 2096.260719639963, 308.89686941954136, -1, -1, -1, -1"
1066,"721.2541475694395, 430.0209515662856, 472.50409707856045, -1, -1, -1, -1"
1067,"2087.663974227832, 827.9287367128474, 231.55841110939005, -1, -1, -1, -1"
1068,"554.9263068431965, 224.24369287476844, 138.45109856962225, -1, -1, -1, -1"
1069,"813.2981040005725, 1181.112560077209, 2334.344633418257, -1, -1, -1, -1"
1070,"2182.745847525234, 919.1496746743594, 2976.22773229961, -1, -1, -1, -1"
1071,"701.2325079042215, 217.12412691778258, 306.0259595450351, -1, -1, -1, -1"
1072,"3632.026549798268, 657.1556556876785, 1170.7757475796946, -1, -1, -1, -1"
1073,"442.95907289006846, 1064.1257285814204, 168.8771093668316, -1, -1, -1, -1"
1074,"2298.4442814260856, 395.02940624261066, 6603.190114499618, -1, -1, -1, -1"
1075,"1037.2375899682, 4082.5816832308606, 1145.746706519017, -1, -1, -1, -1"
1076,"395.8619978738656, 1840.2493322675284, 699.0244423947502, -1, -1, -1, -1"
1077,"467.3597046267544, 1377.5646494862137, 342.9411113751261, -1, -1, -1, -1"
1078,"855.5397348860852, 888.2386593181072, 1699.7368028407807, -1, -1, -1, -1"
1079,"5695.247537018032, 3577.617476906381, 556.1667362130811, -1, -1, -1, -1"
1080,"12985.944810820958, 1460.279367320442, 1415.5104306957935, -1, -1, -1, -1"
1081,"647.2299877766154, 483.55366920326617, 293.6562118538985, -1, -1, -1, -1"
1082,"712.1705865799538, 2501.088655259476, 617.0581590752256, -1, -1, -1, -1"
1083,"316.9728539765005, 401.9680333419009, 2398.5769258589153, -1, -1, -1, -1"
1084,"180.4331977644591, 94.06921819049231, 429.73058743382865, -1, -1, -1, -1"
1085,"329.8678219772908, 769.066951793241, 543.6456594321832, -1, -1, -1, -1"
1086,"571.0807290847068, 1292.898926623581, 2419.2154767788093, -1, -1, -1, -1"
1087,"180.56772043968914, 1265.879084250193, 3747.792442992666, -1, -1, -1, -1"
1088,"2663.7312390500724, 622.2556224036877, 1651.6584426263598, -1, -1, -1, -1"
1089,"511.4087391525678, 2343.1537029639226, 747.2289902331886, -1, -1, -1, -1"
1090,"226.81503337041406, 78.58134629568576, 487.920752278833, -1, -1, -1, -1"
1091,"355.2159212704787, 1675.3799950014097, 790.5209458547195, -1, -1, -1, -1"
1092,"1407.971427743948, 427.23428455482065, 4627.721923795337, -1, -1, -1, -1"
1093,"1334.8087965449467, 134.79289330409057, 1227.0570538798843, -1, -1, -1, -1"
1094,"755.537777594141, 404.3117311585021, 1798.711956111278, -1, -1, -1, -1"
1095,"290.44384367331435, 233.36769077812636, 2209.5778384219825, -1, -1, -1, -1"
1096,"904.5753844354794, 549.4296131525733, 1861.0241587302983, -1, -1, -1, -1"
1097,"515.4648382673029, 458.13739460246927, 1624.1663569454126, -1, -1, -1, -1"
1098,"659.7132938166675, 1643.563654910126, 636.5220021348482, -1, -1, -1, -1"
1099,"467.66127256363154, 1027.448516806441, 654.0660512304469, -1, -1, -1, -1"
1100,"2853.1263566574803, 604.7823625918024, 849.9344287425592, 330.82334583527614, -1, -1, -1"
1101,"1161.9516387218725, 731.5955275616002, 1676.4544815499892, 867.4491193117924, -1, -1, -1"
1102,"356.379489423624, 4415.02365344421, 280.5240552285725, 94.62513751186356, -1, -1, -1"
1103,"743.8197061822763, 159.87623190828285, 219.11927670990565, 614.0437923852028, -1, -1, -1"
1104,"546.5815049981751, 496.2550538532927, 6657.2923426158795, 210.0886473400389, -1, -1, -1"
1105,"1063.5020895193784, 471.7021170368954, 442.2061606953313, 503.91017653666574, -1, -1, -1"
1106,"502.6538075553776, 345.70122830879586, 299.52852285374985, 875.1758711076384, -1, -1, -1"
1107,"10993.990280237378, 743.3619309313456, 1144.4565048348122, 5875.333514560083, -1, -1, -1"
1108,"431.3730613507857, 1565.3601023035355, 750.0489308909836, 1862.7859816845464, -1, -1, -1"
1109,"418.971136963149, 1401.8828408526028, 879.1738350321473, 657.58938272948, -1, -1, -1"
1110,"1812.0432873048571, 223.5538781734245, 200.15178148606861, 768.6974976405161, -1, -1, -1"
1111,"460.13218987695416, 501.7880357898207, 979.3276124069367, 381.2263632878966, -1, -1, -1"
1112,"1873.2953754332261, 1372.079680100036, 772.2593012246647, 259.1708959167604, -1, -1, -1"
1113,"286.0000988485622, 345.1460055490436, 1950.3597825183842, 159.28784028991925, -1, -1, -1"
1114,"1468.635591057735, 112.23822440169566, 264.99953729936163, 948.7321725711442, -1, -1, -1"
1115,"936.7965689276695, 234.37347961112064, 1599.4133725683773, 5091.134860815096, -1, -1, -1"
1116,"590.549282200947, 2077.948241375767, 1117.6903370302139, 2168.4737319140486, -1, -1, -1"
1117,"755.6063422453426, 939.8531344036867, 1830.6878242946518, 1192.0262844610036, -1, -1, -1"
1118,"203.33075824804547, 898.2257539111043, 209.61590708798775, 1169.4797806709491, -1, -1, -1"
1119,"1076.167808587933, 349.01189867295966, 100.10694984821384, 2410.0582631383118, -1, -1, -1"
1120,"711.5651408536619, 266.4919251875517, 465.05149696420517, 1774.0520743304544, -1, -1, -1"
1121,"954.5709198730804, 913.728099868373, 325.5881919921753, 1941.229849229699, -1, -1, -1"
1122,"304.8804605679776, 641.3947487083676, 1313.5299461408501, 663.2958319730349, -1, -1, -1"
1123,"541.8036092682204, 150.43979340594313, 484.618424512215, 1012.8499885308897, -1, -1, -1"
1124,"1700.4736158540327, 150.37216282720058, 2980.8710880388085, 915.8142927825525, -1, -1, -1"
1125,"117.1817753239969, 1667.1308996270195, 307.73018643219984, 1623.1320334090206, -1, -1, -1"
1126,"2570.2268162328696, 1058.107432540597, 174.37843470341235, 674.9459318057701, -1, -1, -1"
1127,"1091.5456919052754, 398.342919832756, 912.6631104017741, 2192.4779517962656, -1, -1, -1"
1128,"707.1045035134354, 217.14985981911371, 681.9633687109015, 1793.495061682434, -1, -1, -1"
1129,"349.92186149441153, 1805.793414357381, 1031.068406802098, 2506.344840136762, -1, -1, -1"
1130,"125.87820384131584, 1145.9772073019656, 1041.6409304738902, 495.3749363119274, -1, -1, -1"
1131,"452.80049666778, 320.3340357414057, 379.5732342134126, 2447.473706694912, -1, -1, -1"
1132,"1094.3886422492176, 471.89918631923604, 2066.724077373862, 281.36398024739316, -1, -1, -1"
1133,"304.279504819815, 127.282693188565, 904.5207802161394, 416.38640071475083, -1, -1, -1"
1134,"930.193984948384, 1024.292569860647, 509.66258222040403, 607.4131629275046, -1, -1, -1"
1135,"2285.042566822395, 509.53180096927963, 601.1170234786954, 8378.800845997286, -1, -1, -1"
1136,"83.50102657577487, 230.42226718459108, 872.6147848563614, 618.3554579398991, -1, -1, -1"
1137,"289.93829615159854, 506.2306778783109, 637.6841731371144, 278.65119086163753, -1, -1, -1"
1138,"1701.7958219443233, 508.770414482915, 466.50038374203507, 3437.6987072347656, -1, -1, -1"
1139,"7167.915781563619, 648.6037554845229, 506.2854054826988, 2135.4636309668463, -1, -1, -1"
1140,"1840.9399028432995, 1011.9845793668303, 551.488561083556, 476.44216003834913, -1, -1, -1"
1141,"2308.974794478059, 331.80416273593914, 316.22391522270857, 2995.274057054963, -1, -1, -1"
1142,"530.255605346748, 470.2065804428455, 792.744970776665, 413.6835498179455, -1, -1, -1"
1143,"379.0927582351736, 1157.9614922087242, 834.0289351709497, 106.43190296888565, -1, -1, -1"
1144,"1160.64584735476, 557.2375906658365, 490.15498544333536, 1058.2185919661604, -1, -1, -1"
1145,"483.33906875804763, 210.25036598404444, 62.41526195396344, 1170.790277660446, -1, -1, -1"
1146,"1233.0290362483033, 231.45719921897674, 403.23311644015104, 4305.163990795301, -1, -1, -1"
1147,"127.07961621487007, 2230.1926423477535, 105.92791197498755, 209.86369138146165, -1, -1, -1"
1148,"574.3659833538175, 2410.062474300129, 461.3200236588301, 465.3256546983968, -1, -1, -1"
1149,"604.5761279132939, 230.5394930209818, 939.6702104771714, 796.8681275842944, -1, -1, -1"
1150,"277.8174531624677, 754.8067208251186, 1919.4274692077822, 747.946251983294, -1, -1, -1"
1151,"608.4006983438037, 466.61549445717867, 447.79512391780213, 212.35289227751863, -1, -1, -1"
1152,"3454.964718438797, 526.1028150914887, 451.2327381150226, 862.4378739719542, -1, -1, -1"
1153,"3163.846070454742, 276.47050556363615, 203.35535143816065, 442.8341880693688, -1, -1, -1"
1154,"282.9344383475058, 289.18029958901224, 450.76112792373624, 430.59678705100765, -1, -1, -1"
1155,"428.9672583898132, 482.5055313039393, 171.3219255058595, 1106.7321913894896, -1, -1, -1"
1156,"4654.928697408865, 643.575090381139, 971.6988003545678, 4198.407758216032, -1, -1, -1"
1157,"4680.466910412471, 351.2239594836074, 481.6510461971921, 403.6466944929063, -1, -1, -1"
1158,"1490.9259058673404, 363.38897553061827, 289.98727602414675, 3198.074567958557, -1, -1, -1"
1159,"1471.7001163752939, 754.671106782821, 1573.6253900142601, 330.1356129317665, -1, -1, -1"
1160,"887.0177111411956, 2686.9037727904, 53.57214684988976, 5856.007361150764, -1, -1, -1"
1161,"233.40691451342389, 263.2557844198447, 404.0214582241459, 170.22032301610253, -1, -1, -1"
1162,"2005.933267253452, 2273.3934958678824, 245.92967141706484, 198.61663229691277, -1, -1, -1"
1163,"161.57365021732053, 1011.8638389687337, 803.9265378020419, 124.84608336374839, -1, -1, -1"
1164,"645.8909887068819, 442.5263693070676, 333.51734542161876, 544.2965346541502, -1, -1, -1"
1165,"963.6413075465374, 312.5155526508282, 940.7270989894947, 335.9641625967229, -1, -1, -1"
1166,"3093.525073735931, 831.4077164832609, 2144.9459224231605, 293.92276307387795, -1, -1, -1"
1167,"2894.900510281658, 226.4234780383565, 69.90288239735482, 2460.6391496688007, -1, -1, -1"
1168,"512.1013995162314, 356.00576734059746, 152.45609486280313, 242.90891224613438, -1, -1, -1"
1169,"191.3045779215563, 1382.6084776831897, 798.4219283173084, 4248.7133206427825, -1, -1, -1"
1170,"1089.2756191493454, 347.4466355467978, 1765.6497136585965, 1382.203578140759, -1, -1, -1"
1171,"851.564539691979, 2781.7874983129122, 433.6488716581554, 439.1882397654699, -1, -1, -1"
1172,"1557.1484659230598, 400.8373339607955, 2334.3856062512646, 913.5879269388694, -1, -1, -1"
1173,"683.1318873596338, 838.6926654278176, 461.4157418448787, 865.3332691394223, -1, -1, -1"
1174,"1233.9718575941456, 603.0520353922125, 214.81128386544503, 588.7638759428216, -1, -1, -1"
1175,"1120.319362130399, 483.90127388857115, 361.9722603994052, 1193.4407042965295, -1, -1, -1"
1176,"631.9452867623162, 2035.2486881613236, 343.86586920295514, 1879.0333980002235, -1, -1, -1"
1177,"919.578280168564, 196.5802038278004, 490.1392733417211, 1769.9195558971921, -1, -1, -1"
1178,"1484.674690390454, 713.3747591154593, 2209.4484721632634, 3343.3022455447244, -1, -1, -1"
1179,"704.0635197651413, 257.51937072915103, 443.9440540796986, 3333.5513800896533, -1, -1, -1"
1180,"758.6795493186916, 3263.5628867258356, 409.87929478565746, 1431.7745141704931, -1, -1, -1"
1181,"1037.708084325101, 84.68065567205767, 1917.3598991200195, 3294.210541869832, -1, -1, -1"
1182,"4465.743764420684, 619.5787287558902, 328.8434578804765, 252.98168035519546, -1, -1, -1"
1183,"1745.486731407359, 984.4679617078386, 347.9723161065422, 223.95486351511454, -1, -1, -1"
1184,"708.9750057566848, 141.43695564496116, 4441.537355050297, 255.53356370880465, -1, -1, -1"
1185,"1258.6723080311774, 312.0978173649255, 145.30110306417322, 694.459538527811, -1, -1, -1"
1186,"57.14187283501967, 785.482198561851, 301.59976016021676, 80.81984388310721, -1, -1, -1"
1187,"2319.6556486485483, 87.86806189981787, 65.83141995388948, 1483.8809213421055, -1, -1, -1"
1188,"1195.7691090384471, 968.2207217621631, 553.1415684414585, 278.38835880161, -1, -1, -1"
1189,"1556.4782419814662, 502.1526579749143, 358.6489020465317, 626.6173526723833, -1, -1, -1"
1190,"1190.5412860901974, 937.356532829509, 507.1842456210312, 1798.0407526820784, -1, -1, -1"
1191,"198.5736438932982, 364.9715572854216, 216.28076665839404, 150.04214574303967, -1, -1, -1"
1192,"5221.406474756528, 738.0136383913419, 716.2363562885379, 2306.5296230020417, -1, -1, -1"
1193,"791.4842009903577, 1256.761327671165, 68.68610641432038, 1069.2542258785286, -1, -1, -1"
1194,"2098.153405163067, 327.8096225980645, 133.14128317138335, 1166.5091939847387, -1, -1, -1"
1195,"1913.184920465594, 1968.3943927463201, 325.3953818789165, 364.36874098819226, -1, -1, -1"
1196,"206.26010052922106, 198.73538217815332, 419.9274230438333, 5842.955316771217, -1, -1, -1"
1197,"518.4053962995984, 354.5514173948817, 773.0910972864237, 2973.561107820679, -1, -1, -1"
1198,"386.2376386183313, 2591.8940086313814, 715.0923194531289, 331.0990934752765, -1, -1, -1"
1199,"1857.169233681685, 2490.8276494058427, 1284.1794758148922, 101.3598495991875, -1, -1, -1"
1200,"1013.8918257618684, 799.490109297957, 2725.470056369932, 956.3086037683252, 1471.0375957404433, -1, -1"
1201,"256.6847098522608, 1032.8862929345667, 2613.9817464134694, 508.7371601971053, 344.8475056743669, -1, -1"
1202,"777.2807696830336, 2951.2655687189913, 482.91169248253095, 145.48577330150107, 390.19037777168023, -1, -1"
1203,"1148.5295002939556, 2568.3127258509962, 302.2501225060576, 1168.4466399036974, 2330.403186020526, -1, -1"
1204,"571.9579190413685, 1188.2893827431903, 260.7578552984638, 621.0315404864392, 1948.7731158862794, -1, -1"
1205,"460.34967190881866, 515.6664676037941, 1280.538702222734, 577.7219770016073, 2334.960949617227, -1, -1"
1206,"544.1317579409546, 325.9253819809171, 445.7806287296447, 2401.8486189385862, 467.2359768778262, -1, -1"
1207,"1888.6781266554417, 3264.993878817741, 494.57978255764345, 385.48271622671126, 1241.1944104869492, -1, -1"
1208,"496.8799537580054, 605.4550076814276, 158.33176527178765, 179.98831025097215, 1266.5201514281468, -1, -1"
1209,"3322.277440188551, 309.2306188211781, 102.81917285153732, 889.6669928492391, 1580.2150479537997, -1, -1"
1210,"404.8235380110368, 394.754841651005, 306.66659652822204, 279.27477949689006, 440.6862601784918, -1, -1"
1211,"492.9809296395709, 691.6437860802433, 1819.187486841864, 281.17903853318717, 2139.154994559907, -1, -1"
1212,"916.2505916214176, 412.65849744230445, 157.03352438075916, 1289.1314306225804, 6833.554897704235, -1, -1"
1213,"3333.9448935582636, 504.384597685986, 513.3569561305823, 330.5878491907935, 783.6162565637508, -1, -1"
1214,"2206.254260154276, 1337.0870317957567, 1687.7109678860913, 214.31352715286866, 1240.985816977356, -1, -1"
1215,"254.86762108833568, 441.4978355034678, 229.2732952755509, 1024.3189845181619, 234.14020047807847, -1, -1"
1216,"1079.8837015770057, 508.149552420975, 227.1725564532875, 203.25506916997955, 789.827655479002, -1, -1"
1217,"148.0302488560998, 236.67216045403498, 1087.2576009344882, 522.4607858686287, 222.95355149984425, -1, -1"
1218,"4613.815858623541, 2325.743366847164, 1170.9099804454636, 797.7542774675615, 2484.5553062362087, -1, -1"
1219,"2534.777187680647, 392.81002767507033, 281.4897091573474, 374.7479105161232, 6733.867954539792, -1, -1"
1220,"332.8894342222607, 479.7241709416541, 2442.5553215759046, 439.85154693850325, 119.82188338703146, -1, -1"
1221,"203.5127838263449, 5209.982329323822, 593.4694671337547, 152.0977647505467, 426.860157854784, -1, -1"
1222,"586.4129295151353, 60.16940306525563, 2626.320096791743, 665.594191081355, 2696.8771227040347, -1, -1"
1223,"87.57592801966209, 1808.7911809066632, 383.1470044980898, 1905.8289969545804, 482.25916031477055, -1, -1"
1224,"662.4107351494731, 285.0445033209702, 1435.453912479399, 481.1089891800999, 1165.1076465250487, -1, -1"
1225,"3020.9542103903395, 664.3953889749262, 1338.9985360085159, 462.8630395600924, 1611.388098054867, -1, -1"
1226,"3703.3359899701773, 8159.735616883281, 408.4088731309597, 199.57233201872097, 2351.8934239250316, -1, -1"
1227,"1689.4765203777547, 664.3111087177903, 168.0663355975031, 1367.302290933074, 92.54089477474176, -1, -1"
1228,"2090.5069621071384, 1356.2619990604342, 938.0877866542123, 251.02531552487562, 2203.1778608326963, -1, -1"
1229,"884.4325090249072, 478.85209281063845, 510.11560024368305, 1119.4486226959843, 1892.4021706009628, -1, -1"
1230,"251.03488194040494, 314.86403374237517, 419.9159077066276, 496.24884477017815, 1473.664688515734, -1, -1"
1231,"1085.5906398209486, 151.80508562401832, 568.6013318107513, 587.1069415876923, 4098.560231259088, -1, -1"
1232,"122.34182970927372, 480.4607361178012, 471.8244007943492, 89.55958281476862, 647.3437440451193, -1, -1"
1233,"1028.967862338945, 1236.3615956197445, 80.70466912578732, 434.90558172402154, 894.2962278075083, -1, -1"
1234,"1125.2487523606417, 461.4448331406363, 3336.99498018896, 185.52015101589615, 571.9400931675158, -1, -1"
1235,"84.60333971751894, 1666.4458615292942, 173.10541969374506, 692.4036807169035, 176.96532882240416, -1, -1"
1236,"1403.2955784245987, 872.7946114955135, 395.35037171422556, 742.0934100539246, 825.5225377682623, -1, -1"
1237,"887.3925927085777, 647.7629674799504, 3055.36497504783, 388.9180789631836, 62.33921569451809, -1, -1"
1238,"1860.9550287712384, 442.37650645244577, 391.25661437190627, 924.5418937931613, 1475.0033272493251, -1, -1"
1239,"1039.2507745137739, 389.5969849366344, 1298.8548068138252, 1325.0677947142085, 1230.6440451250442, -1, -1"
1240,"1944.924523954544, 496.0347262011261, 555.664687647854, 1193.0784168454313, 261.8914181875666, -1, -1"
1241,"194.28099052008895, 421.1890679986285, 425.1925387484822, 301.75678147984956, 130.89445985260892, -1, -1"
1242,"484.009914557765, 449.4474723615776, 4501.268808815719, 874.6607105693727, 1728.3891730035102, -1, -1"
1243,"2435.535275303965, 381.237212054725, 1271.6189304634754, 1323.2761565405403, 334.90122372606197, -1, -1"
1244,"3766.5025981533386, 712.2837614512355, 362.2263181347739, 542.4437289088721, 1495.6956132609296, -1, -1"
1245,"999.2343728492025, 666.9886615428135, 331.9995521962868, 612.569214113793, 5934.039647400856, -1, -1"
1246,"1454.5219222867236, 5656.988155205297, 143.38360580628796, 781.4152217150511, 587.6361084955772, -1, -1"
1247,"316.3278203243227, 419.3209855339608, 897.4363983335228, 166.27188178381448, 1006.928440338218, -1, -1"
1248,"736.6744274453149, 754.9655084023556, 757.8551101506207, 350.6152517609324, 146.4952788499104, -1, -1"
1249,"219.95150807842373, 744.2547076272181, 2805.5807685999876, 520.7474224931649, 479.4271321622088, -1, -1"
1250,"258.20092753621157, 277.6467412214144, 1253.400959095914, 829.0971812802388, 266.2072452570259, -1, -1"
1251,"2296.6900021515753, 770.3788789529158, 1292.1802647791146, 229.86671787901946, 1231.9187208084077, -1, -1"
1252,"214.44451541447614, 146.54229638027596, 1270.60060713526, 683.724491460052, 185.000725428105, -1, -1"
1253,"4356.260324581728, 842.8474541477601, 76.14198462922509, 969.46964071247, 1379.8281441593213, -1, -1"
1254,"828.5762004157614, 870.7739514941225, 115.59095490249157, 764.9273248963883, 1241.194608626271, -1, -1"
1255,"8400.222123052235, 307.6582365327446, 427.5987919035548, 676.9482056555482, 1931.534316608782, -1, -1"
1256,"626.3976403228961, 180.18588768702722, 353.599828585955, 331.3814040325433, 7302.405210951292, -1, -1"
1257,"1673.722720240394, 150.8990400555669, 1244.0879815309322, 1017.1247647261007, 433.9703249699106, -1, -1"
1258,"119.09526320790437, 3603.184291333926, 247.9593638909703, 74.05756624639685, 365.8533399077422, -1, -1"
1259,"240.12366375312627, 673.0866611724223, 429.8377599422979, 955.0994571308495, 80.5998920652024, -1, -1"
1260,"704.0532087453186, 839.5691588219399, 958.1802142092881, 1219.1193602544836, 3312.726440388462, -1, -1"
1261,"845.3647829089196, 992.6078411689907, 257.00286131030964, 87.70507957689117, 600.1625841628014, -1, -1"
1262,"889.6966973617608, 234.77004152654857, 60.496661149827744, 1170.8842347255695, 1253.2568556298465, -1, -1"
1263,"405.93097446397456, 303.29619755157796, 1701.8637043970173, 1030.5990070825596, 74.13302682751396, -1, -1"
1264,"5839.193008412704, 568.8861825949429, 680.9791264521486, 301.214178089149, 226.99711097907573, -1, -1"
1265,"1413.7476328903263, 769.8822112928309, 440.68568689808365, 426.2960710091157, 1573.1453380184898, -1, -1"
1266,"1470.160037245541, 108.67664955021705, 982.6139835687147, 981.9100508432928, 1480.8071114254653, -1, -1"
1267,"700.4302283166918, 1245.6801961161189, 373.5053836517222, 696.8543300735358, 714.1847276498416, -1, -1"
1268,"480.2293829742902, 221.2507948516052, 82.52950454153088, 193.83841788078368, 1801.0700439830682, -1, -1"
1269,"337.5660020571379, 1341.1555442330969, 1157.4558595411854, 227.6111689423975, 1638.1620928290013, -1, -1"
1270,"416.310028324682, 515.6411961456706, 659.987974990212, 107.19749197519953, 464.84514087902, -1, -1"
1271,"261.8008331554626, 920.3937377262619, 413.35531099281343, 1855.4235300948924, 254.08390617871828, -1, -1"
1272,"1329.6386892327744, 111.89477798119313, 463.4052092475546, 221.6164514483284, 1935.0566821840916, -1, -1"
1273,"485.800130289673, 663.8893083328076, 3709.6283600051115, 387.6648978745325, 2175.6872127438664, -1, -1"
1274,"389.6191289702557, 98.55569628021144, 810.6530793992026, 1195.6413243646043, 258.28809616918846, -1, -1"
1275,"169.4974411355658, 2033.293689101808, 507.20021255625534, 1462.371944783299, 473.13834798749167, -1, -1"
1276,"283.8429623376205, 274.4629698198087, 132.21955537131043, 965.6431140169401, 596.7647065938381, -1, -1"
1277,"219.5571667380996, 3304.2540744831535, 196.40401048943184, 441.33658530523564, 163.81152448853905, -1, -1"
1278,"1857.2103981799016, 240.87276248870225, 894.9374558187158, 81.2894044578741, 92.7764249828192, -1, -1"
1279,"1042.226854798544, 957.5338639737072, 1481.7167144174714, 256.1205992977313, 1740.864339002781, -1, -1"
1280,"740.3478608962167, 907.6711605244342, 600.3225850536779, 696.1466265737724, 11327.033433936449, -1, -1"
1281,"963.6229974646806, 541.3319754990771, 1885.8308341822567, 322.1131347216901, 289.1980960774113, -1, -1"
1282,"176.5598657124499, 886.9442256738935, 323.20854181702197, 658.7220595668242, 1324.324172744079, -1, -1"
1283,"178.2385975925646, 601.6172850470059, 4572.888783719381, 327.7870729182352, 738.6500741167423, -1, -1"
1284,"105.21823502667992, 1056.4931275186682, 850.8563549086033, 232.61097988695897, 1658.5216560949973, -1, -1"
1285,"398.2870090477858, 374.03420697120737, 1119.5130630640194, 517.2561162313314, 412.8795839618143, -1, -1"
1286,"100.81376845139518, 598.5582298917329, 1160.0649649144773, 198.76419451393343, 769.4772917211656, -1, -1"
1287,"1081.0871319548455, 266.44336434923764, 2894.986732531488, 1363.083782567011, 1058.9828925210088, -1, -1"
1288,"2152.955371477387, 403.4072472327196, 3714.5125005656682, 456.83424682117214, 336.057814434148, -1, -1"
1289,"577.7815467594297, 520.3439316997807, 169.1938260431335, 499.4389118827935, 1272.0279020885591, -1, -1"
1290,"634.0742918419623, 1491.0741864479212, 289.7587166169516, 701.3069751864584, 422.17821944318143, -1, -1"
1291,"950.3628265186111, 212.26796261403447, 266.7277051550427, 924.1322077040745, 790.5296520877882, -1, -1"
1292,"108.74589434166988, 3873.2707074428545, 1162.0363346419904, 124.75944275238953, 190.82842604330173, -1, -1"
1293,"217.2973685699861, 1493.8408895808416, 1094.3053013732033, 422.2807671905276, 1441.6149239805225, -1, -1"
1294,"1722.3176063214219, 287.042350627695, 1132.3374466160444, 386.45786922766905, 1174.014129492015, -1, -1"
1295,"1703.9460044333941, 2776.0055020831296, 368.29481923735995, 673.3970164987867, 1021.1040606776705, -1, -1"
1296,"62.37311781239426, 1716.1541364946065, 756.0732022226236, 234.66616170078484, 574.8520414167542, -1, -1"
1297,"3230.6372185416176, 129.3560969353813, 96.6665988082089, 705.2929234311603, 5944.343656339198, -1, -1"
1298,"2601.539185140245, 406.8858402250736, 443.3119061379294, 1498.5403158438671, 9768.381314100669, -1, -1"
1299,"528.338521219169, 1133.8759072153703, 392.0165261682829, 204.339395097833, 671.3493724985011, -1, -1"
1300,"767.4416842901901, 1188.5903981549009, 605.1893596472339, 504.8082170830152, 412.1002257851434, 1919.9135208907137, -1"
1301,"448.07806344837303, 687.0628629356867, 1699.309851494378, 394.69872650147596, 225.11516434787472, 2844.084809841526, -1"
1302,"6314.950369342245, 848.6316398057402, 2722.071083755277, 173.9867693807563, 713.2425605103433, 346.24460782025574, -1"
1303,"2572.812073439918, 82.93651122387607, 128.88940841730374, 41.492984295855756, 96.50721154938378, 236.77286341793078, -1"
1304,"245.30020974751085, 8126.680187417753, 183.50522834371822, 1489.5845135022205, 223.90976513763653, 257.13979448119534, -1"
1305,"549.2535706332695, 86.01784880683385, 714.5356137325687, 954.0723038432424, 3386.7299464536663, 3415.9953268510963, -1"
1306,"634.0512046997798, 354.4079722788334, 268.59702039069134, 114.55489967358818, 379.171864006353, 1823.4186748971335, -1"
1307,"1199.2904211306618, 748.9466933435347, 687.3546996822427, 698.2286334340191, 438.54500215124597, 763.8085884287701, -1"
1308,"3038.468845580763, 725.9227380893999, 1790.657562079388, 248.70161042923047, 2163.1351293656353, 211.09478178046515, -1"
1309,"335.18765872682286, 1133.3919006393046, 923.6360862830002, 1017.2195216883007, 653.8125811757252, 888.2341663580498, -1"
1310,"9094.074165091723, 267.9326346015621, 155.70480915340283, 314.2816263350943, 341.1096765941145, 866.6364426476625, -1"
1311,"379.65619214562764, 2039.9324509510761, 387.31307970468083, 691.9936759026949, 96.56076072900977, 257.3423018750936, -1"
1312,"304.41737336112607, 1624.1929328255214, 1348.8829174891648, 1689.2592632665455, 3657.347346827278, 533.3507855002665, -1"
1313,"2192.2917085686945, 247.2310598426447, 1458.4848857450006, 336.6874379518607, 1269.215636590567, 864.1694560836937, -1"
1314,"302.1323960110067, 468.280078028645, 430.80323179732454, 1268.5176082280386, 2083.805077083373, 1705.690747119276, -1"
1315,"384.9009428411285, 805.2122516702123, 1087.849489279565, 453.54642872967565, 225.89989619455991, 1583.524711791505, -1"
1316,"4873.80969352196, 1993.418369052071, 3342.5253075533374, 773.8372117148332, 406.55694081238295, 859.8149897153448, -1"
1317,"106.82951958162961, 5125.826931690111, 293.881954885745, 247.64734645461655, 561.9752633112385, 407.483415655129, -1"
1318,"630.7278413402611, 331.5733285139158, 156.84098429901096, 423.01793290536136, 228.5659633665626, 637.2531286256547, -1"
1319,"872.6706934512727, 225.78815166776837, 958.3380895490118, 2626.718406818204, 927.1293430358969, 2195.261217590867, -1"
1320,"961.2559516931241, 1928.7248935037253, 289.9149226288154, 3144.854712046124, 507.0187909646995, 7183.000361747005, -1"
1321,"515.9228104450641, 612.0568918843647, 531.0339891395618, 560.850087283643, 133.13552954954815, 164.82491115756574, -1"
1322,"4394.811864917045, 621.0098077325323, 198.42773293908138, 227.91620717442268, 1100.7396914797337, 6796.077843587809, -1"
1323,"3550.740058647573, 537.5228564056241, 581.3570299993087, 279.45125616171265, 689.2732189642009, 966.8489577021437, -1"
1324,"1525.084423586381, 378.91824772536603, 275.37968051683424, 390.1592341027823, 515.8709651918267, 449.66210985756754, -1"
1325,"129.63600879637931, 1412.7154057703012, 241.79840506465092, 5818.4814031201195, 959.616197002588, 428.9700453958093, -1"
1326,"223.5464339560769, 11208.17780731435, 253.55189503540635, 224.52958558087835, 79.23851707200512, 245.80896484981605, -1"
1327,"1184.9825799563491, 38.89146089900506, 376.7365433718861, 1203.6713066337516, 619.8718933095264, 2346.0974263619964, -1"
1328,"5100.416261745031, 548.6582748422329, 210.1335173145682, 3689.372179863906, 53.7586753865685, 437.5388814306996, -1"
1329,"313.4717923872245, 365.7408271355746, 290.1956957879946, 387.56197776222484, 609.4303264112515, 150.33012071233244, -1"
1330,"288.87963331132875, 3444.541361708159, 359.40017256111184, 530.3453088593616, 1215.4659236637362, 374.4151161953298, -1"
1331,"668.4636058286866, 595.2916554291273, 2378.6759316409634, 777.8435575992552, 442.0713205723249, 2237.695023418937, -1"
1332,"572.7902244177499, 255.53383786014066, 683.9908149555079, 498.7007287309084, 711.9866266785359, 2668.131688767451, -1"
1333,"654.1867658807884, 466.95922300296365, 674.0093398358368, 471.4078643208761, 313.67488383814236, 1068.760181279002, -1"
1334,"1268.1601344153112, 1009.0593236474419, 547.5808784734852, 252.29883649656148, 94.68919310219204, 10276.292027653093, -1"
1335,"2417.3342993013653, 809.6486234303604, 1122.1214348672706, 1137.6596864685405, 314.2243136615067, 5007.5856458322205, -1"
1336,"299.6811761726132, 983.6563189367566, 781.7936588195126, 259.86934143425435, 1159.3971989192196, 135.8819839402587, -1"
1337,"1068.4040057365116, 352.09895076303127, 241.03620417849407, 478.5958257296609, 793.5143526373295, 678.8205670344802, -1"
1338,"679.5743100959844, 4981.4671591951055, 1052.1490957772303, 1451.1597492874332, 272.14021849509703, 321.0784239885937, -1"
1339,"868.4150447241519, 3469.064590796874, 1034.9666469923952, 257.9867993778456, 1746.5129224310615, 348.006260706905, -1"
1340,"751.3057937445334, 3235.591941559521, 162.09041500978952, 418.47087786201956, 970.5205294627582, 544.7711234291407, -1"
1341,"735.5174715671932, 609.7977311657223, 597.8028408174296, 571.1705323559598, 156.59336750011016, 605.8496722688429, -1"
1342,"994.5743210037208, 480.52544728786484, 1569.6165977436194, 696.5029060814999, 599.416201464147, 694.106345180252, -1"
1343,"255.1915877803986, 129.531808906167, 452.3459579585674, 1506.314415792123, 1486.0234956912345, 585.778321264143, -1"
1344,"3914.1046189425374, 649.2631592696532, 2486.1975290213286, 496.2308306064863, 315.7311744781607, 1873.7842593188066, -1"
1345,"458.60763896564737, 266.2171891699152, 449.89473181783785, 317.5996037157003, 678.2543193635497, 1156.5999978687928, -1"
1346,"771.5481373414401, 264.4209734665799, 932.4554004954766, 1211.0248556797587, 580.5565007514999, 214.67997987170847, -1"
1347,"333.257868035921, 467.9717014478598, 791.1963376900637, 2719.6249669568083, 122.01270519661993, 75.59189302646809, -1"
1348,"993.1069677136115, 662.3129906288751, 1617.0824546269528, 181.8541475295507, 101.95736125064342, 1487.357450744813, -1"
1349,"177.20623515271797, 1437.4294313746286, 346.7536184725341, 1629.520203751699, 665.1582572613132, 131.169293542199, -1"
1350,"1296.9110165013672, 362.9779198490306, 4713.01311644202, 2654.054361328398, 211.7613895476673, 254.77574389314248, -1"
1351,"1333.539645089219, 249.68179164191525, 754.9800742802156, 587.609592683883, 2072.741410310869, 707.5685415827415, -1"
1352,"1220.7014141275606, 80.76932384294639, 831.3898762976773, 184.37623617942114, 479.0836443915638, 3889.019357486199, -1"
1353,"342.2805269444459, 654.5353174797629, 1116.2040441224315, 444.4224307481211, 902.6098152971891, 752.7110097295838, -1"
1354,"1522.0273292997972, 339.24450602221555, 490.35783660882043, 215.4576326437634, 365.5327665781503, 773.048531875792, -1"
1355,"282.4628506993354, 634.8271932478214, 186.6358224262392, 230.4589508879645, 476.072185230846, 423.01160610670826, -1"
1356,"6570.756445783043, 279.73369951913674, 438.99678493061066, 806.3151744952183, 250.10598113124922, 1444.9092761047584, -1"
1357,"1295.0692945208552, 710.0166253302602, 196.93334051844928, 410.182295779162, 123.86323586548954, 2692.8565370892657, -1"
1358,"1985.329447801565, 221.19080021345425, 791.5199190807174, 246.380792817345, 273.2841101696057, 791.3147412575316, -1"
1359,"627.389517963331, 165.07872233217805, 115.8972421776917, 1187.5192347286036, 592.8467124477108, 512.9454973246249, -1"
1360,"1001.3673815083046, 183.75607100559904, 408.3417885080736, 2305.475812525695, 658.8624778586577, 1466.9831981327743, -1"
1361,"605.1477344931156, 1219.4454108047826, 808.80147289302, 326.902082420437, 570.8680185911571, 984.3971394012542, -1"
1362,"570.9067642531242, 61.11267382761809, 2739.743128507387, 220.91690265118442, 301.9974877132981, 248.7838676344047, -1"
1363,"67.25871278644215, 2878.918569390551, 1128.3581456241454, 1953.3611148343389, 1140.567432403114, 254.62800507119317, -1"
1364,"641.0070878787984, 197.22852687343763, 453.2528072136907, 2794.178164327243, 1118.495011278077, 638.1839502525589, -1"
1365,"2300.3116945097704, 989.2762094012942, 511.3839334516762, 689.2034386741632, 558.4054044114182, 2837.4886228579335, -1"
1366,"1369.4238406388986, 2638.4030098274598, 316.8565574117281, 562.420193776939, 235.9736286577366, 182.4656595388263, -1"
1367,"1464.0741563476156, 188.39164117457352, 399.20030694980585, 3016.327328105843, 138.38765768105063, 1025.928984417137, -1"
1368,"841.8262863416181, 192.8587761056631, 440.5449553244734, 891.6604624180013, 190.2033112365162, 724.8507575534774, -1"
1369,"705.3735284709696, 469.1725778675725, 365.627280421355, 618.7364075282608, 291.6061341830276, 455.2966060613447, -1"
1370,"1258.789982187957, 180.1648402559286, 181.19934460541438, 433.59323833228194, 599.8680310123833, 5011.384569697481, -1"
1371,"1121.8635465163663, 67.49142363292621, 1255.579021328128, 1135.8489338237114, 1105.0920560089992, 206.94528055879778, -1"
1372,"257.47622661131527, 506.62508620997914, 1420.578834059288, 1483.2099608254846, 277.8167054952695, 475.5206813166047, -1"
1373,"4739.876682410638, 209.47414376949118, 573.1146176407415, 436.8090599721868, 598.5147783250417, 1870.02962496756, -1"
1374,"317.0244205555244, 573.54721704986, 705.9312903574462, 207.25496149263643, 427.9573269736795, 295.3346104662668, -1"
1375,"1972.1618814573903, 2319.8351474843857, 958.0340213535262, 164.5912429406981, 65.05107455486628, 2128.6000797635575, -1"
1376,"184.17335900789652, 458.7639886011129, 1529.946073469177, 631.3322410670933, 1200.5402997147212, 282.1261015824066, -1"
1377,"47.28382744522004, 633.5098942922532, 279.3831986434472, 252.3139999602289, 745.1326140509086, 201.69909633440838, -1"
1378,"429.0969462408484, 558.9094786680469, 291.7558463753634, 723.282468358871, 273.42573762695355, 264.29865063539086, -1"
1379,"267.1938250489735, 739.3011807770001, 6135.110913995351, 570.0511782000356, 184.3857707026212, 168.1115036211178, -1"
1380,"464.3680355112887, 110.65433958912234, 514.6589747147456, 2924.669018192575, 1787.9616131898563, 134.26474547133458, -1"
1381,"316.5073863222436, 253.6001568458767, 517.2656560197723, 239.51412023765323, 467.88605361887096, 160.1967770678779, -1"
1382,"1238.553543319475, 159.4302360464589, 4811.914116147668, 1805.385732856424, 882.0338130367396, 705.4475441746295, -1"
1383,"761.2973219302831, 714.6819283607318, 237.1284980990694, 548.0675863775565, 146.3010266368428, 3421.3936117078683, -1"
1384,"155.94217891329137, 864.3964462458307, 372.30118921663995, 694.6272909731605, 1564.23257729779, 138.47335273406134, -1"
1385,"1679.935743283575, 63.626679568900016, 334.5011840033004, 533.5492036867897, 978.2479994750263, 1681.296062263099, -1"
1386,"359.4305673029246, 770.548391809856, 396.7550581028825, 597.4946808036932, 887.6792183095905, 1134.890585791184, -1"
1387,"72.32851337924603, 282.27256546905505, 204.24696956211724, 2121.995579449949, 5415.983485427982, 1445.3114770555994, -1"
1388,"1880.1280211000717, 1289.3539579550422, 639.1558868049938, 85.57123923249947, 110.57536416576903, 132.9697066412607, -1"
1389,"652.6796438307006, 718.5068709034193, 478.8482717175461, 2313.6358457587703, 278.13332306848014, 1228.5388488805681, -1"
1390,"458.31730734176165, 1617.851799124791, 989.32024212543, 207.09716882904098, 599.3727005636123, 232.0173745708009, -1"
1391,"1418.2317229744092, 406.2628750551116, 633.9840926834519, 227.80333882759754, 87.12156626757407, 1320.206840741744, -1"
1392,"95.25559366859275, 4981.056420891558, 1041.0020164644095, 3564.722429900714, 637.0193537310015, 245.4242180845917, -1"
1393,"1274.9769681975044, 1407.131609073132, 705.6337394583283, 2527.414431237376, 535.9135177268083, 1670.906058994665, -1"
1394,"2260.995755596963, 447.9707329350731, 291.9206924275177, 80.28411114743841, 390.87957802074556, 87.06466890797401, -1"
1395,"239.02553449705064, 1321.5951355388825, 171.0398516223816, 727.6310742287051, 1015.409725189866, 358.73746974963245, -1"
1396,"867.3065309001623, 1361.157258361079, 2144.733286730366, 651.6344324960774, 1169.3631239125557, 1327.3683861751779, -1"
1397,"735.4681258352437, 4883.71192927525, 657.9499291230968, 238.4750219466979, 1150.7377895307304, 663.6556471662587, -1"
1398,"842.7246631584442, 1135.8716218036088, 2650.988881168977, 1501.5631001736324, 532.1527789811571, 808.1384797351984, -1"
1399,"713.2442610569992, 528.550942010203, 1217.0705015788799, 586.3448418662431, 4338.105200153883, 1477.6265659880423, -1"
1400,"1776.1025084487765, 242.18363902879872, 735.9488544458474, 556.2182128255633, 1521.5525950182914, 1004.9137917311292, 2139.465772397634"
1401,"445.21396717928627, 205.07105446532935, 2768.885220128957, 82.01426654649723, 198.71262070364497, 738.4667933216306, 314.58427196015214"
1402,"420.52041323194146, 1482.5690269417864, 1619.0541778698266, 292.18456075713533, 263.7607607349074, 171.220772725428, 272.07004155657205"
1403,"811.626890882913, 936.3934140843885, 449.1464248957098, 1083.5133923134865, 132.17887855120236, 383.23262366295796, 622.6764006411009"
1404,"846.9750241031304, 6316.501611639902, 1832.4444521706778, 3428.6683274123757, 678.8364073853857, 467.0325434998384, 2633.2102806899293"
1405,"12699.614986623063, 158.94467219511606, 121.55787351359766, 122.19882933553508, 942.3683155430323, 182.55253776120048, 864.1943457813511"
1406,"686.6085112248882, 2205.284775261021, 456.38829800429585, 4396.56598994567, 131.07958094343724, 483.0939180637455, 324.6623447776739"
1407,"271.8554806547391, 396.9998616176922, 871.2424975804008, 422.74502663585383, 139.70147521810733, 168.21862849393827, 667.8170110961388"
1408,"170.68964955395833, 394.9798885301378, 1103.2336221399207, 322.4739043151723, 911.1083471974868, 311.0717905401704, 385.5874703639492"
1409,"1429.0168146581952, 121.80049896578296, 720.2649336356488, 267.2679521957085, 334.67946347538816, 943.347871700368, 238.32104438784657"
1410,"179.89667480842388, 594.5744516597383, 1118.337882636778, 961.9310501990346, 233.2135847143279, 204.0776300559184, 358.56533751722293"
1411,"313.3459570872326, 497.26808112187894, 366.6111812439716, 398.606124194016, 451.4336632450497, 250.8298059314515, 201.6324836080865"
1412,"1567.6251368140663, 385.2488149378441, 278.20144056570723, 1013.8023536503865, 363.9760080901448, 215.56354941679754, 462.1541638484011"
1413,"430.2348666325835, 1514.0176300752287, 807.8382152587669, 266.8807936019165, 1477.7590361671937, 288.79644552712915, 5750.984040672886"
1414,"1109.5794464283015, 1159.4458303707481, 322.53042621678435, 567.0529506670204, 108.55919586829997, 820.7694844849955, 5007.0136272735535"
1415,"907.5410418012883, 3744.872677996833, 246.97228542345616, 177.53785320658605, 125.26405721347949, 196.65302636662054, 627.6275442461128"
1416,"679.1032814025343, 6754.386909502728, 1350.9853421499301, 168.80786506663264, 890.2522929383445, 370.74852971510626, 97.20984515162777"
1417,"926.871057020064, 314.2018266264215, 258.5500169265797, 1582.9921905054907, 1299.0330245828986, 808.3734395830749, 421.4184484326664"
1418,"780.6379879127986, 179.20737129516337, 575.4970936655931, 120.06431397893033, 172.46975404327887, 276.8270016447061, 4851.430667961974"
1419,"5563.8997425929265, 305.19532757462946, 3361.798165016724, 1187.8706204777347, 245.63095921151816, 185.4569414654893, 2470.6641607649262"
1420,"1886.6735344156018, 1116.1523044195328, 85.40717973926982, 429.2197565330798, 1908.7408360091995, 83.98012712584548, 1761.1959383477426"
1421,"515.047616107574, 1144.689354637462, 499.97163135535936, 258.38365162875596, 1411.4145022252267, 338.0285497981711, 873.5657235128597"
1422,"556.7952625699571, 313.79516436323877, 1557.3778197051918, 235.14093336872068, 209.78029072543907, 118.9891449101858, 4198.001387492358"
1423,"81.63288913853395, 377.69269953326943, 266.8106018790053, 3088.1352356286347, 99.06677753986696, 394.6378370943553, 454.3477094454455"
1424,"979.9264271049154, 1696.0545936044575, 268.05020225691965, 150.2019602689361, 241.59028986632316, 106.40020704232795, 345.3481551416904"
1425,"527.263719420052, 1453.4314862355207, 233.82046437929245, 858.9088070806057, 631.9798467154147, 529.7703467289674, 1186.1119081069019"
1426,"764.6001460633549, 297.32518649932024, 803.631484589046, 489.30122382063206, 370.56581765411954, 876.9535541030807, 935.6416175890274"
1427,"607.3756237508073, 435.51335111751683, 2739.822520592911, 2781.1076459203546, 2862.2696104158713, 1187.0903130783818, 395.2543728172084"
1428,"507.37822819459916, 325.9456407744972, 211.9246195437767, 145.40189341459984, 568.852293236229, 1186.6234026135967, 1424.843231431232"
1429,"1283.4116902358128, 634.997321377845, 434.5338239361009, 427.68242271724995, 278.4589819187155, 793.9748324299729, 220.65510710331984"
1430,"3305.728749811394, 10071.406472117496, 356.9298530123246, 166.23219655688104, 372.59334081647415, 841.983080529245, 5251.137163128769"
1431,"356.7013118552591, 338.32596479522, 1221.0708899579975, 1244.4935232114544, 533.0330238700775, 812.8726048484014, 905.2654944392045"
1432,"626.5090553812453, 101.40612937879328, 513.9239580951277, 3449.4247910786953, 499.16964164805864, 424.8658095056363, 1004.0819930535374"
1433,"128.25469840270028, 278.7176247434274, 798.3531147365209, 280.7655749537344, 447.6416982006157, 408.080412783068, 369.8198957743216"
1434,"537.8818885620026, 2161.827827035911, 777.9986956767541, 429.46168206340303, 449.2420338417273, 1241.3835879094222, 142.1023100427782"
1435,"1476.7530788691327, 555.231599134552, 447.2541968447173, 123.40579245428106, 217.42186985690665, 360.1479143176946, 3127.541081569702"
1436,"2986.0420625138745, 201.9262359491302, 113.44146309884243, 369.68207746962116, 1174.3557258730145, 312.7181227048043, 1787.54989759133"
1437,"1119.9456275003506, 346.3132458944213, 751.4610690122648, 2052.7151725986896, 229.6175665210829, 338.8622720463918, 322.499248668748"
1438,"1005.9031887366604, 1051.4834242423417, 1681.2620479262246, 709.4728684146298, 277.0002158111855, 132.36503777047955, 1354.4897066913868"
1439,"1382.477516735285, 420.92308728866476, 645.70295418745, 435.9689878065818, 398.9532490650563, 703.8405814895862, 919.6183230652565"
1440,"1149.6533531720127, 160.4906356925475, 812.8802576210581, 382.6167601917436, 306.1987448438477, 57.30745293369915, 374.1821275973346"
1441,"2333.568697895616, 715.9732458214573, 950.2055497581141, 360.73340267035934, 205.59633545843462, 424.89927334358987, 491.70089708228295"
1442,"532.8033484032267, 552.11044049806, 320.39473826654864, 167.96476013493867, 1214.9875685692318, 2565.7208739833804, 2829.755415502545"
1443,"2766.112497841403, 364.1213678567936, 633.0662934144731, 3314.5723748823857, 104.55482440543514, 247.19838398534577, 958.4054914436053"
1444,"237.6053909654501, 253.62391143382382, 233.6196886502624, 320.3475375071374, 106.4127260529246, 828.1558983922807, 714.2584375383136"
1445,"673.9665827410782, 208.1482235251944, 365.201969158532, 376.52776096042624, 187.73753642267934, 152.602283649971, 194.67868715325844"
1446,"1061.64553189353, 98.46981226401203, 4878.9955034274735, 315.41569925026425, 421.19292061682836, 478.9510076842052, 1243.3805294281992"
1447,"607.5710868893952, 619.613586822854, 443.8794063104957, 620.6034405201987, 367.24089052927934, 353.22235569752286, 353.9432307543439"
1448,"1810.229620465738, 1451.1974039628353, 197.84077176942162, 325.71008821154993, 1088.6184333233662, 1501.1408652722055, 352.8484999591852"
1449,"345.5853040669731, 238.08971519196297, 332.34195550447214, 301.3781038217722, 787.734391301612, 189.20988234496926, 1092.8204554694112"
1450,"2711.6532528298408, 1372.0549030307898, 1729.4394969363393, 164.10357940520174, 339.00271107179356, 229.73501808535303, 851.1665232061082"
1451,"2312.380658499222, 4154.439266545236, 457.1480738908484, 939.2646232452515, 222.36407016899693, 455.3898978691364, 179.41608385245763"
1452,"502.6677317423131, 132.04441928258203, 6261.678653191338, 889.3185870375136, 395.95611588968313, 581.8425546644188, 714.9799450648958"
1453,"7020.164302521007, 471.8260960596299, 3773.4225110955585, 287.0596741406332, 452.1351140235664, 971.126728935602, 4286.918360297823"
1454,"375.48863690002446, 226.89452518030487, 226.92131359219601, 908.5073393130505, 318.1008680712252, 1456.9901964851674, 736.1490555758282"
1455,"316.539686382536, 1179.4843636313628, 379.53638805956115, 478.2544395680379, 281.2349114436617, 2018.9506525716297, 748.5363201707924"
1456,"162.88425410383752, 3227.0194640324225, 735.1497884590477, 860.3700901594636, 1416.6985873505112, 399.24684143274453, 629.2313799891082"
1457,"599.8164420959786, 395.69569597470536, 203.30513252206782, 176.8893464797821, 370.06709402194997, 254.2833533805186, 2893.3222140428984"
1458,"744.5126154172044, 178.1753759353979, 1045.6761563111684, 7576.262789801243, 1866.0838496109955, 1242.3404732932806, 883.4702568041968"
1459,"642.181282672029, 304.6236522199712, 663.3554001329123, 1230.2940666266754, 4807.443520571988, 477.03914777014677, 2957.1426575478276"
1460,"1878.7231762461847, 219.46985966452897, 393.77025064214797, 747.5881340908043, 346.09774777529657, 1351.4811212265206, 85.27249532568229"
1461,"10093.862845347043, 167.791813130891, 637.0974277048642, 652.9360522926684, 695.9581590801681, 632.3580230802708, 1333.4481183982766"
1462,"412.01107434201987, 889.8768003948273, 112.59401450143865, 447.1927105894182, 343.38253597536766, 4323.52083058448, 2244.214546919549"
1463,"284.07426806934734, 310.29631759963314, 848.8676882902333, 77.62938384806787, 123.18729549570989, 795.6508806852066, 181.50987142432191"
1464,"653.5694228059959, 2005.15238088112, 1603.414101097805, 637.6852739937228, 146.80620172577568, 125.25422111016042, 506.36010723571474"
1465,"882.7152815711113, 152.86149998138146, 735.9823505444235, 1813.4851650791177, 763.4134314119552, 1107.6743364841975, 3757.9891071874968"
1466,"489.24246658498214, 162.87619626224165, 1184.11706509388, 147.74108194474996, 356.37428557529176, 569.7782614080934, 192.40495709646805"
1467,"472.8322999008551, 1144.968132067931, 513.0700130742861, 195.39585958274597, 195.16083713778323, 114.9584924934326, 206.2297838472256"
1468,"1007.3045135577263, 597.9208669672871, 635.7850218099526, 524.8082006498835, 471.8105607502034, 244.35204159091174, 424.65915388562195"
1469,"439.2570414869441, 734.606765299282, 147.74171818188893, 404.0580507737159, 654.8014764958353, 141.54070410098134, 881.9724472561659"
1470,"2525.033613783823, 403.8984096797961, 461.409682868985, 147.2009604901005, 580.5577439516878, 616.9069758994316, 1273.1869104485945"
1471,"654.0702591821475, 125.25974381903879, 614.565870449017, 327.5403253543165, 935.6842738287967, 279.68664769434116, 486.7582450459623"
1472,"1076.8549381814723, 649.8753425937716, 349.32769205557787, 317.76163457646055, 610.6037632441195, 829.2368751557568, 1137.4830893130688"
1473,"42.008675380469406, 114.81375482686633, 764.1860922159872, 172.3365448088286, 798.3096114613688, 586.2573125811214, 39.43649611196349"
1474,"330.0371241063148, 228.0491809676949, 1444.260712176105, 1187.5478714056, 758.1130896453266, 585.0496742218506, 427.3118612808273"
1475,"521.3341602011963, 370.3238321574426, 740.3523551851166, 4736.160928705514, 185.01470202115863, 382.3706742385509, 298.2807255571995"
1476,"693.4117573416778, 365.9462175924162, 1998.223597554136, 333.1101388725562, 2600.9464083990183, 816.1029383201172, 1099.4701164272162"
1477,"8186.432986385627, 252.07131841045896, 537.0734252447944, 253.28195485167038, 301.5544273260754, 291.7168264684521, 1207.1551862535953"
1478,"460.3428566521834, 511.883812402357, 376.6135744609229, 53.847048176949656, 450.55318361963566, 562.8594010763355, 282.95407363885266"
1479,"844.3015189462058, 143.71485747452533, 271.0773695306796, 113.56597770560695, 249.76251597257954, 626.9803448065468, 126.0723362240322"
1480,"627.8842731773132, 2048.9861022026853, 971.1927565643443, 2216.599392403824, 170.0238793524266, 211.58706988008836, 3414.166613380432"
1481,"912.1783385019619, 2376.9689665827436, 1774.0163029801352, 230.76785380553164, 530.6354264547103, 651.6886668659741, 613.4085318459762"
1482,"1463.6586229883992, 434.6066586832317, 950.4502094941864, 2120.8258770232483, 216.49327848546446, 84.95194394984267, 238.10752484592368"
1483,"305.18871477053796, 759.8097890069598, 66.29548078071272, 6266.584347720136, 461.6874934442238, 258.24932467944956, 501.45869075288056"
1484,"3271.002405456706, 248.49277322775018, 231.37661452411825, 1013.8151632966342, 2484.702733200479, 75.5938228611922, 357.78458042738674"
1485,"1330.8670770612034, 309.53550233259836, 543.7119187062201, 369.44811742853796, 399.84306638696506, 1593.0687674661685, 1080.7616072855838"
1486,"423.3454237409894, 431.3012526316758, 237.53307839087165, 421.3920008643372, 266.0165850494666, 252.06958747001727, 484.9316875381476"
1487,"1120.3014098058427, 468.9670445752299, 540.9554702206066, 4384.477375116532, 428.4440221620126, 126.22113608622405, 2492.1494835807885"
1488,"246.6339803879929, 639.7276273189808, 312.67007677117533, 188.05039371544143, 906.1019545714403, 454.195061468655, 138.92072698735734"
1489,"1548.796766163497, 4444.094455425355, 3083.857264523753, 423.6706867349726, 603.7686030219694, 681.1825426696669, 7215.526731089798"
1490,"516.2608472667309, 644.1699390865309, 261.95407128089306, 332.2520361261604, 492.7409444682152, 346.3905024128483, 103.30993317218929"
1491,"885.7569083389268, 1265.1477962318593, 1084.597336133817, 907.7459949518536, 40.012469762347244, 588.3500557284149, 1015.8921099447954"
1492,"591.19766673403, 2484.390718256945, 131.38595087999056, 3116.629098586041, 164.36391144987863, 582.7899857862834, 896.9611776380486"
1493,"232.6703396727551, 778.346767643804, 527.2200298745986, 308.916349206997, 127.74649356579259, 1961.140536605118, 205.57401467778365"
1494,"488.14078207503513, 1170.873560893424, 2575.4363865847795, 504.32350402652173, 407.20950078021644, 1488.2395814757563, 843.2893657413587"
1495,"1715.4262664232897, 1247.4836538702893, 575.4618624563918, 128.31596598772182, 58.55027916758486, 898.0092895995983, 2105.0590131204626"
1496,"2622.176745590351, 167.55783892689124, 552.0639627995662, 444.4931886223491, 181.60668419494678, 1554.2032460707064, 1593.804682210374"
1497,"1647.0769105787726, 435.60667175299704, 2006.7518702219663, 695.6247183209179, 918.7520191537501, 198.1623556258038, 1654.3150044933286"
1498,"437.6657633586159, 70.93905048847162, 493.89549074563735, 223.01152904257364, 5735.514476569631, 120.8414640549945, 857.3071173420993"
1499,"1424.0490618640722, 224.9514150863185, 426.3999359436865, 517.3434785809068, 1683.4583072402543, 480.36294696389837, 1076.7750949048482"
1500,"442.43799435559265, 431.8632289307976, 1437.948887783621, -1, -1, -1, -1"
1501,"592.778299616342, 896.7580961774175, 1610.8845165906025, -1, -1, -1, -1"
1502,"192.85979604906203, 529.2046179798994, 500.8181264701709, -1, -1, -1, -1"
1503,"2305.7048134102397, 2194.5748701227194, 86.7604000152427, -1, -1, -1, -1"
1504,"6696.576325309177, 226.0120987751754, 410.92489480050324, -1, -1, -1, -1"
1505,"279.47650226489526, 1216.8280104820728, 523.1039987241693, -1, -1, -1, -1"
1506,"688.334830887779, 402.0144142208903, 353.0824533023707, -1, -1, -1, -1"
1507,"119.56821883065196, 1548.4838986783716, 2648.25513673322, -1, -1, -1, -1"
1508,"1640.0293120836452, 889.2097173306855, 237.3688236605121, -1, -1, -1, -1"
1509,"313.97099205737686, 99.26803821560274, 403.9549525394564, -1, -1, -1, -1"
1510,"1529.8372825489648, 185.43868997872156, 185.53142830159157, -1, -1, -1, -1"
1511,"389.86147556831736, 70.82735645716414, 375.19839497776326, -1, -1, -1, -1"
1512,"5092.722252134181, 634.2700468445414, 1695.7960787907953, -1, -1, -1, -1"
1513,"1248.5989492627282, 1751.1650813703125, 253.92599049742358, -1, -1, -1, -1"
1514,"7972.374444980862, 253.90098414072304, 513.492161975844, -1, -1, -1, -1"
1515,"2249.7803202000528, 415.28868885589657, 4890.143248681891, -1, -1, -1, -1"
1516,"2866.4450953966316, 136.5296462714369, 358.05215024958807, -1, -1, -1, -1"
1517,"4062.063243577715, 82.32535327313113, 1089.4656580049548, -1, -1, -1, -1"
1518,"207.9979272464364, 160.61353470083944, 1791.0644303379345, -1, -1, -1, -1"
1519,"834.0708691856786, 280.22660982570926, 1916.485776612279, -1, -1, -1, -1"
1520,"249.79859168213304, 275.0539980864998, 334.59124289278253, -1, -1, -1, -1"
1521,"1610.8482484507206, 1257.3144396265989, 1155.3130257380888, -1, -1, -1, -1"
1522,"5961.910703512651, 1885.1652017928823, 367.1099303133263, -1, -1, -1, -1"
1523,"2451.683135324249, 1012.950358400228, 579.6075084130348, -1, -1, -1, -1"
1524,"1178.933378247051, 316.7225687386234, 1165.6414177213142, -1, -1, -1, -1"
1525,"3651.7211702485747, 665.3970487191617, 267.0422799675795, -1, -1, -1, -1"
1526,"595.2927324246803, 437.50375520617234, 351.68813787282625, -1, -1, -1, -1"
1527,"918.3625974929207, 463.1609343726276, 1001.9027501499611, -1, -1, -1, -1"
1528,"361.572854294419, 51.79098275351959, 1039.7507129973706, -1, -1, -1, -1"
1529,"1034.074290455159, 233.3733297878363, 605.5257397789867, -1, -1, -1, -1"
1530,"584.7255655247645, 267.7351145326128, 1596.3925253122313, -1, -1, -1, -1"
1531,"832.3959234579017, 355.9792032612151, 291.2168361954303, -1, -1, -1, -1"
1532,"432.08441366390986, 249.0765480498109, 248.06625294455878, -1, -1, -1, -1"
1533,"725.7417991032048, 358.41215245496414, 1981.0644307269563, -1, -1, -1, -1"
1534,"140.53129836218815, 448.0033323390011, 1518.7209112858375, -1, -1, -1, -1"
1535,"304.9773427848993, 89.40097492449479, 733.3486437506753, -1, -1, -1, -1"
1536,"253.4841078776972, 561.4776235865609, 273.6523192278664, -1, -1, -1, -1"
1537,"5419.358549179638, 2432.5431197034077, 749.179731715783, -1, -1, -1, -1"
1538,"465.09235198997277, 118.44898423826115, 795.1052031877678, -1, -1, -1, -1"
1539,"271.40083198082004, 277.36423368861244, 1217.8872449960265, -1, -1, -1, -1"
1540,"542.9837904747098, 773.0135978117942, 243.96578675698663, -1, -1, -1, -1"
1541,"418.0432025820969, 104.8485823071666, 217.19645501332676, -1, -1, -1, -1"
1542,"1445.351744554343, 308.98019686958935, 550.1380421454228, -1, -1, -1, -1"
1543,"476.1564166636945, 710.2565708689409, 494.83332554943865, -1, -1, -1, -1"
1544,"324.6552453153571, 1068.661641336296, 293.4158970024107, -1, -1, -1, -1"
1545,"1972.5163759249158, 79.79297243998559, 162.90543916556953, -1, -1, -1, -1"
1546,"132.77746158926595, 300.6515846566807, 355.7317734128144, -1, -1, -1, -1"
1547,"2893.8286537924314, 178.56161205422566, 487.1946748645194, -1, -1, -1, -1"
1548,"206.2011597400466, 155.82690848478762, 628.5774097039001, -1, -1, -1, -1"
1549,"1035.8561974606935, 245.96495766190645, 708.2190502242993, -1, -1, -1, -1"
1550,"1074.5716678809433, 845.9007553574079, 795.1856948034797, -1, -1, -1, -1"
1551,"996.6319579941501, 57.27953443245678, 519.5076788514082, -1, -1, -1, -1"
1552,"840.0966266243107, 160.1095195909179, 3366.274233526775, -1, -1, -1, -1"
1553,"697.0398217238521, 197.93233226838544, 1134.4365440612537, -1, -1, -1, -1"
1554,"333.3853260878231, 156.15117948621298, 518.0607773571895, -1, -1, -1, -1"
1555,"527.8944424197086, 479.8583448100471, 223.67260370900019, -1, -1, -1, -1"
1556,"465.1811068889083, 378.6601760008532, 64.98851450380344, -1, -1, -1, -1"
1557,"5537.561764740307, 396.68616461838144, 9791.160539685769, -1, -1, -1, -1"
1558,"7165.316994453508, 223.57200204636575, 8617.463422870564, -1, -1, -1, -1"
1559,"547.6572014290409, 665.5119003468842, 783.8876227317576, -1, -1, -1, -1"
1560,"276.93104055501357, 116.2256581086307, 133.6385149255028, -1, -1, -1, -1"
1561,"231.23333521235975, 41.62669380340066, 335.57113040447456, -1, -1, -1, -1"
1562,"261.93424204346076, 503.2685298670398, 356.93328567330826, -1, -1, -1, -1"
1563,"1298.2446889378946, 80.70222888281734, 6291.210101174109, -1, -1, -1, -1"
1564,"1561.6463577738582, 2504.1227121575284, 293.6618284613081, -1, -1, -1, -1"
1565,"581.89310976196, 728.5065450794785, 1154.3807371388843, -1, -1, -1, -1"
1566,"9165.010386085056, 523.4564379999817, 881.5700571340469, -1, -1, -1, -1"
1567,"706.7952916075814, 331.741259661232, 2834.118909204968, -1, -1, -1, -1"
1568,"1247.1221137646162, 351.21396356405273, 375.7001545178018, -1, -1, -1, -1"
1569,"462.83905647641365, 1205.2508110677097, 186.19746979135962, -1, -1, -1, -1"
1570,"4358.24496242531, 1126.101444167356, 1577.194605894658, -1, -1, -1, -1"
1571,"832.4146518490012, 322.20891428650765, 303.5760874024062, -1, -1, -1, -1"
1572,"2001.5411703727361, 756.05569302085, 296.90467889229245, -1, -1, -1, -1"
1573,"312.5869064125417, 534.3790326372166, 290.9836204822493, -1, -1, -1, -1"
1574,"959.9900953218005, 55.39743773422729, 2137.641938855774, -1, -1, -1, -1"
1575,"557.9893815045596, 703.7695048761154, 680.8340774133238, -1, -1, -1, -1"
1576,"471.6101424085398, 709.8859005154577, 467.06193811092294, -1, -1, -1, -1"
1577,"140.94466082340978, 272.2684492788817, 2238.7227427340877, -1, -1, -1, -1"
1578,"351.7332596431439, 5400.453343529824, 361.69654963176924, -1, -1, -1, -1"
1579,"70.22901762779054, 469.14129129495893, 1241.4174185626705, -1, -1, -1, -1"
1580,"110.7722712806657, 644.8878405720492, 2647.443426701579, -1, -1, -1, -1"
1581,"884.6778408149862, 1124.0936991606538, 339.28855897087135, -1, -1, -1, -1"
1582,"3953.2764821194837, 1075.9671297289258, 157.98983167155419, -1, -1, -1, -1"
1583,"403.3909647515987, 411.55676459307745, 416.60579419546417, -1, -1, -1, -1"
1584,"1301.7168151783478, 313.8835804013428, 917.5405660432497, -1, -1, -1, -1"
1585,"546.9000922608981, 895.0663951170493, 313.87479367172773, -1, -1, -1, -1"
1586,"57.46944218525025, 75.83910199797391, 311.0466827100761, -1, -1, -1, -1"
1587,"566.9580820898241, 131.35918456704886, 614.5683541009744, -1, -1, -1, -1"
1588,"1110.1771251666846, 444.51458187214143, 1217.9941357041105, -1, -1, -1, -1"
1589,"985.5075337663641, 82.47975173511368, 444.3680139275574, -1, -1, -1, -1"
1590,"614.4047126348189, 253.38480655600588, 647.5453135598407, -1, -1, -1, -1"
1591,"1897.6158967187548, 2984.57444504455, 538.500951083782, -1, -1, -1, -1"
1592,"348.09676035536677, 214.40402600729348, 619.5922233332419, -1, -1, -1, -1"
1593,"605.9832993132894, 312.79117403564464, 147.82161972841988, -1, -1, -1, -1"
1594,"1262.0331537063867, 1850.6209844139742, 224.93153412203498, -1, -1, -1, -1"
1595,"2536.354262611465, 548.6122649891024, 7124.098512291243, -1, -1, -1, -1"
1596,"2692.472482513951, 215.09038770292142, 565.4634030146676, -1, -1, -1, -1"
1597,"103.88135858555157, 619.7502454024893, 94.60616192990835, -1, -1, -1, -1"
1598,"336.58399177945404, 278.32075809555954, 552.0952289016254, -1, -1, -1, -1"
1599,"2099.6608287162326, 426.1973598106846, 7160.124775426415, -1, -1, -1, -1"
1600,"866.7647189511729, 746.7903798794878, 3612.349983966638, 812.6147899783954, -1, -1, -1"
1601,"1024.8956519426913, 1078.9683121189419, 220.28832622150182, 126.43580466675361, -1, -1, -1"
1602,"1374.2854864094836, 306.0294333446566, 147.65093866627035, 464.40329487015583, -1, -1, -1"
1603,"290.8760110282952, 636.4305855076868, 398.31421507758415, 308.31376911498063, -1, -1, -1"
1604,"149.41373110890527, 445.83887539644843, 210.47432970909605, 397.8352455856815, -1, -1, -1"
1605,"610.1156642784329, 145.27060888800216, 188.20757006565108, 1010.8507010536769, -1, -1, -1"
1606,"579.4099101959258, 3561.785299797313, 320.515315954048, 511.37108681499774, -1, -1, -1"
1607,"585.9040256699028, 508.61335436963, 278.08055309108374, 163.19846228922057, -1, -1, -1"
1608,"967.6975871740923, 621.8672914419692, 284.71685581868803, 292.5849419059255, -1, -1, -1"
1609,"2088.42314847914, 606.0730346078897, 255.20082278044583, 1086.1011943620779, -1, -1, -1"
1610,"1193.8002077642536, 1807.5777975411881, 277.2335443760204, 2275.885025183572, -1, -1, -1"
1611,"382.48614632018587, 2722.537325141093, 371.8590172798368, 140.05435438438616, -1, -1, -1"
1612,"486.5738863597199, 276.223393872661, 151.17326546673848, 836.9099830735336, -1, -1, -1"
1613,"623.6952103646206, 2071.7486560104285, 555.3462724110996, 341.5878612928525, -1, -1, -1"
1614,"232.93926872991435, 323.32758174847675, 835.1127564110369, 668.9985256109915, -1, -1, -1"
1615,"129.33669634971153, 3123.1038567437827, 255.92396038540596, 102.00659634656093, -1, -1, -1"
1616,"1197.8962078167433, 290.6925055026662, 1168.2295069360903, 1051.617733433869, -1, -1, -1"
1617,"963.9627346348633, 226.33455728514184, 3006.0653935746204, 83.22757245058969, -1, -1, -1"
1618,"514.2806107259528, 205.93561213019217, 1234.4719977607003, 81.24293986384768, -1, -1, -1"
1619,"137.64291843586116, 1401.3198849283747, 543.5148951135789, 2807.010809866084, -1, -1, -1"
1620,"2888.692954062896, 489.659814486586, 636.5482968409962, 7411.253834299961, -1, -1, -1"
1621,"188.9247173535898, 3005.255618967973, 81.30443749393501, 4160.185301662065, -1, -1, -1"
1622,"265.1474020560075, 366.01445792314996, 494.15711536585087, 318.7911764266678, -1, -1, -1"
1623,"798.1893380418715, 196.4171228162169, 410.0172875408555, 149.73080168227597, -1, -1, -1"
1624,"134.72417558280148, 99.30109311999722, 165.78016509570074, 929.1652326818796, -1, -1, -1"
1625,"3079.04217212555, 508.8641896292026, 144.40567132568736, 692.1621511880031, -1, -1, -1"
1626,"161.3331496895296, 656.7170646570092, 294.8537127300716, 155.29286089073292, -1, -1, -1"
1627,"2900.9483440481276, 175.14875226158125, 169.1990798541228, 793.2036482623404, -1, -1, -1"
1628,"749.368406633065, 367.87358885692703, 159.00849528107213, 861.6556724839861, -1, -1, -1"
1629,"1430.74587282925, 981.1722057507873, 263.3108512301891, 2055.6828246355435, -1, -1, -1"
1630,"374.04570042017815, 176.0337697865082, 550.8258552025585, 376.7011925252645, -1, -1, -1"
1631,"1282.272934134655, 2135.0067588260754, 760.8048292154947, 633.22509458586, -1, -1, -1"
1632,"2614.594212862246, 193.68649445463365, 624.2701244380288, 209.87268334606324, -1, -1, -1"
1633,"883.8683843371683, 146.2205011402681, 364.2074800280881, 1496.3665861422883, -1, -1, -1"
1634,"135.14201853587568, 448.8856129453002, 162.42772903330314, 1403.6000649122095, -1, -1, -1"
1635,"1065.0330811777585, 231.10645290681316, 412.39945304843445, 3309.749213161219, -1, -1, -1"
1636,"358.6577592131403, 4010.5577997172645, 113.73216987529379, 2898.163176880261, -1, -1, -1"
1637,"2037.4398618456783, 2431.9915923789645, 552.5964559411772, 170.85049324864488, -1, -1, -1"
1638,"663.8595674133575, 766.1160465243643, 723.3743912910919, 533.7066888590897, -1, -1, -1"
1639,"693.6053727872456, 480.90164728681253, 334.1519833346898, 662.788614077836, -1, -1, -1"
1640,"983.3130323855422, 634.9041707299014, 725.2615069521246, 3023.0813893079794, -1, -1, -1"
1641,"5827.4644849409115, 312.67855840423925, 1195.947536724946, 3114.9985142984715, -1, -1, -1"
1642,"6074.787069216916, 447.6797383216183, 3071.84079691707, 286.6179859249994, -1, -1, -1"
1643,"450.93796493854535, 778.5520779067905, 1366.5415782200205, 423.0399153399051, -1, -1, -1"
1644,"298.5154705404113, 1530.657941922008, 318.9880629084568, 153.47512054938744, -1, -1, -1"
1645,"654.3557885495081, 246.1105822502629, 517.2901182817034, 136.33077226612198, -1, -1, -1"
1646,"251.9995971212714, 347.5384382113479, 742.4349864535469, 274.3962735504213, -1, -1, -1"
1647,"296.25584475123014, 940.4531563802956, 3667.7216225295715, 1511.2832729684048, -1, -1, -1"
1648,"121.60512769703323, 188.1646836469239, 90.14873944633352, 536.7397656095183, -1, -1, -1"
1649,"584.3217123302563, 370.8369376514455, 331.1766935897381, 1788.9475750834993, -1, -1, -1"
1650,"461.821508344075, 496.5802893180494, 367.1511829922956, 1930.3834015021357, -1, -1, -1"
1651,"1632.3038503830712, 68.1453218503445, 465.11601623749664, 10533.94481844948, -1, -1, -1"
1652,"294.1634562792063, 808.6827052637916, 493.3122016139286, 219.040087376558, -1, -1, -1"
1653,"2940.653725974115, 385.0192811675619, 113.18862543645031, 1052.1163496597317, -1, -1, -1"
1654,"1525.4952309746366, 1692.5416777741827, 2208.154265307666, 219.24171518549105, -1, -1, -1"
1655,"348.95978939390415, 304.39364799415426, 514.1305946879205, 529.2094200754917, -1, -1, -1"
1656,"285.718241742029, 1306.4493208515821, 2003.0414829195793, 703.2172696201321, -1, -1, -1"
1657,"4107.998289962709, 915.5476063762057, 218.5720597708002, 441.3584683224111, -1, -1, -1"
1658,"343.59576264330883, 1245.507879921158, 1118.340832226134, 1867.2348519025004, -1, -1, -1"
1659,"1834.7981124952314, 396.1008016578405, 434.58563520121663, 620.490935080076, -1, -1, -1"
1660,"1285.7848194177975, 393.7228963401143, 528.7727117815838, 761.9307510242572, -1, -1, -1"
1661,"1064.3000860299792, 826.2709313694747, 3607.907239369568, 870.0026582292014, -1, -1, -1"
1662,"268.60733287535345, 304.6988226046886, 682.898733182666, 588.7962395608513, -1, -1, -1"
1663,"743.0368090521471, 352.01389947673994, 293.32048662804783, 648.3220837531421, -1, -1, -1"
1664,"501.30721396825174, 69.13010227421017, 121.09969151947185, 902.7836791031785, -1, -1, -1"
1665,"2433.2142898744523, 778.4046253587655, 837.9029757664287, 2156.0276284644633, -1, -1, -1"
1666,"320.72231100585327, 416.98916258523093, 68.18708755874793, 1739.339438848339, -1, -1, -1"
1667,"434.6909806628255, 5275.081024511122, 153.7797561900916, 507.51930180536294, -1, -1, -1"
1668,"847.9055726051278, 1046.057475130651, 516.1062335546688, 359.84944402186557, -1, -1, -1"
1669,"938.1080987364628, 1253.6450409863953, 1507.0695443297607, 267.95903507879115, -1, -1, -1"
1670,"4889.062879201533, 467.4020096884887, 433.69117793312944, 283.90283573666267, -1, -1, -1"
1671,"1146.7289940019866, 2274.460022433809, 256.61081029429135, 47.82738299817056, -1, -1, -1"
1672,"409.44524013984983, 402.732524763206, 553.8918034809179, 529.3068411637827, -1, -1, -1"
1673,"6292.521162687163, 494.65276979986174, 177.25455136823697, 537.7056007320278, -1, -1, -1"
1674,"288.15484044241083, 1705.9856473788209, 319.69620292686324, 667.3285250325075, -1, -1, -1"
1675,"1344.2566669012306, 504.497751454486, 242.63171804473632, 175.79795445864988, -1, -1, -1"
1676,"657.4529419776038, 310.59377042107974, 440.76197979017877, 652.5345394296029, -1, -1, -1"
1677,"1651.6389341564172, 571.890892536768, 365.29933671094165, 166.2760696405454, -1, -1, -1"
1678,"1241.5836434268463, 477.07622313016844, 400.54452793216944, 2025.4563062300178, -1, -1, -1"
1679,"670.923385222893, 1461.8971226440253, 1027.6403117925138, 1918.275674361, -1, -1, -1"
1680,"191.1867288400772, 446.2176724639826, 46.34244632001029, 328.3834235231499, -1, -1, -1"
1681,"691.7407685920348, 64.71297922539591, 43.03299771238994, 194.83239192656558, -1, -1, -1"
1682,"144.91046005798785, 124.31696866847386, 614.2000556404205, 398.2344751342203, -1, -1, -1"
1683,"826.1159497214157, 214.157044573609, 970.3058759348104, 516.3508650323776, -1, -1, -1"
1684,"139.38364381419763, 1669.24088093739, 726.893716640961, 125.23088857517209, -1, -1, -1"
1685,"2834.026175459643, 1802.8444766004607, 94.70220780997096, 1796.872046033253, -1, -1, -1"
1686,"7313.700150223123, 131.92791406070185, 362.7464915918048, 417.8162149458383, -1, -1, -1"
1687,"387.5003898497343, 177.03598804926517, 213.9221854046961, 2759.2472373138157, -1, -1, -1"
1688,"714.344006948061, 162.72291284747197, 98.98722881357048, 792.0235478014059, -1, -1, -1"
1689,"63.05692567981217, 211.25198004013453, 655.2443088059404, 551.5900358806331, -1, -1, -1"
1690,"599.4615881830775, 102.11546692837284, 1541.9242689360644, 1687.01604172145, -1, -1, -1"
1691,"497.1077898727351, 655.2415913228964, 559.8673154884972, 232.0935596286438, -1, -1, -1"
1692,"715.384690222548, 1306.7960739808652, 612.9074141193133, 814.3669150897948, -1, -1, -1"
1693,"95.28777626728586, 1145.0365197222054, 86.3949897896943, 984.928880105896, -1, -1, -1"
1694,"429.19926799138443, 979.8427958161822, 331.17197344285216, 203.0279253618929, -1, -1, -1"
1695,"404.18423991928364, 763.4556343156106, 923.7033758739005, 1507.9142691812974, -1, -1, -1"
1696,"340.25254029118975, 2472.7605935530755, 366.7856492659755, 1104.1987120478236, -1, -1, -1"
1697,"564.4799179747578, 90.27004115252458, 1125.35531380498, 59.03058650945727, -1, -1, -1"
1698,"1362.422971705675, 418.09299659432975, 697.0168848395656, 701.0379914008117, -1, -1, -1"
1699,"204.60587188386023, 506.0215812762938, 1032.2155544075138, 433.94805318535987, -1, -1, -1"
1700,"841.1547375997494, 452.3562482892057, 246.729691017969, 535.8335962332925, 406.12208050403217, -1, -1"
1701,"124.03742169666134, 799.1230340254846, 330.4240912676286, 650.0810433952479, 1231.4409325630804, -1, -1"
1702,"948.717018137061, 236.55925894322633, 355.20021872363674, 3964.935953056376, 1154.0487640641527, -1, -1"
1703,"424.3213113041674, 1073.2558556439594, 755.4820106163263, 1728.5172126567288, 90.95462002434677, -1, -1"
1704,"164.49061335241737, 766.0202511393487, 3026.0021185620835, 1337.799355681669, 400.30881343237326, -1, -1"
1705,"200.88686943009435, 167.20477324279005, 400.99827054962935, 683.0439980914553, 478.76016276699056, -1, -1"
1706,"3710.0913432196326, 798.5916322081732, 2551.663040804322, 389.2474072423088, 3260.8027938512396, -1, -1"
1707,"397.96460772187686, 455.0552269736427, 287.8127066668741, 378.5277870976486, 1541.088867314651, -1, -1"
1708,"1297.0231312123767, 235.82051923254005, 1290.5572037496133, 724.3312840126785, 973.9904677390293, -1, -1"
1709,"703.9403145073218, 203.30272242181337, 904.000245383155, 422.0633648403012, 227.82184934700075, -1, -1"
1710,"311.5435118332794, 1417.3145517692049, 739.4976493604233, 224.79683061483763, 387.30297026461903, -1, -1"
1711,"1239.7015325292132, 318.21351994673455, 661.2638718730532, 462.36825166005156, 1502.8399069774139, -1, -1"
1712,"1395.9989176204645, 209.49819104063252, 100.95365779220955, 387.9307186988524, 849.7663324951019, -1, -1"
1713,"1234.6226718484822, 1210.0439398360656, 687.6604300938801, 307.83777318331744, 807.9676189941498, -1, -1"
1714,"726.5172060726616, 1207.8882778559284, 134.2540681588825, 195.5916361329099, 1935.9551527422757, -1, -1"
1715,"2788.890142206932, 280.01178583453685, 121.92808053023876, 650.0695991911645, 735.2300186515745, -1, -1"
1716,"568.2332605314059, 3580.5782694154955, 156.99597006382976, 204.11951703304464, 625.9284302758774, -1, -1"
1717,"2341.45822966999, 962.1441120004437, 364.12694345048305, 473.7924858965292, 2187.596441113332, -1, -1"
1718,"643.6316362304132, 987.4231768742457, 218.01397466579957, 329.4862694983684, 579.8148679841194, -1, -1"
1719,"166.5968225229768, 2629.7882125632404, 165.35671858134629, 61.363574344976385, 276.3449833504596, -1, -1"
1720,"1489.7341519918402, 209.95824581507833, 277.0295476590892, 606.0039523641765, 763.889515162415, -1, -1"
1721,"817.8883617957217, 848.3428861244427, 232.21281238665716, 183.27531149086377, 509.09112933110123, -1, -1"
1722,"431.84968453988324, 138.14912264239695, 341.8304463144842, 301.95835911065967, 873.4331285201337, -1, -1"
1723,"2999.7675036614137, 276.13261409476837, 422.8228747762954, 311.93633353853863, 313.2417482655552, -1, -1"
1724,"361.0112208803069, 771.0886478675998, 578.5361966754566, 60.18239832447368, 941.0395804802095, -1, -1"
1725,"542.3352702685488, 154.52211860024983, 581.600112593297, 510.24777344041456, 795.93886802329, -1, -1"
1726,"1328.2739535111227, 88.27527073382726, 291.5920610672194, 357.95425972718056, 4278.933916625929, -1, -1"
1727,"505.96581453892856, 682.9905671075982, 1745.8136496053462, 383.6880450554659, 191.97378821239136, -1, -1"
1728,"147.0150029924265, 878.8003829826639, 866.9609581979701, 110.5047035371821, 942.2065294469737, -1, -1"
1729,"310.90950006678054, 613.1531672496773, 658.7079311062028, 131.18720523994767, 657.4937278007656, -1, -1"
1730,"796.9424750563995, 755.0055185078543, 576.8039943215907, 139.9027441380521, 863.2459179067066, -1, -1"
1731,"130.3734854153208, 96.21636637787917, 949.5834972526454, 80.19144419950514, 436.6248427151223, -1, -1"
1732,"428.89663065357126, 188.42727194698506, 843.0446646880904, 591.6527250279602, 144.92503394915323, -1, -1"
1733,"1779.6716251925232, 278.1179090012706, 142.64741514698247, 596.3948114664645, 398.8109631247513, -1, -1"
1734,"112.40178628720662, 802.8714123365078, 1006.6748966969108, 392.118717041089, 512.0324812647151, -1, -1"
1735,"1445.3663282402647, 857.356080725584, 582.9574796581468, 5997.4393232881175, 231.71199424950763, -1, -1"
1736,"402.9388729770143, 280.24132464623517, 405.66482751385706, 575.7744456169153, 7533.224809259478, -1, -1"
1737,"2967.722736005211, 354.47820636845967, 151.58462302768723, 750.6856315827135, 679.971981514884, -1, -1"
1738,"370.13105731913436, 403.1737292977775, 425.770096200136, 246.1169198249705, 239.66166595969858, -1, -1"
1739,"430.73880543350396, 67.15892190157342, 198.84588693389998, 1112.2950344966416, 486.88223720693304, -1, -1"
1740,"84.26305461862067, 803.4481220745331, 1247.0646222672976, 1436.4006885547558, 1539.9392511512722, -1, -1"
1741,"345.63485395105147, 1154.5871353749346, 298.1671015565294, 353.442112445862, 302.61493800179727, -1, -1"
1742,"1351.8913923747423, 1251.6249368249205, 580.7390366935851, 376.1545916825066, 90.0317290538933, -1, -1"
1743,"488.9617486703771, 399.54198502708016, 1268.3762604578187, 2491.519224421236, 457.97302091102995, -1, -1"
1744,"1296.1716755769, 623.0859508747186, 666.6476078137534, 1127.0336163360494, 501.3452764392563, -1, -1"
1745,"141.52742785804836, 71.16482366082874, 197.1023003947958, 432.27371342612446, 1201.5409192833865, -1, -1"
1746,"161.38697455391582, 1339.7625657137635, 1027.806917886975, 481.3235262250761, 374.11984308787834, -1, -1"
1747,"1776.6087898280323, 672.5048475050145, 138.26911182820015, 1206.5451227021106, 2253.4179350674162, -1, -1"
1748,"643.331215715223, 938.5402775392356, 104.53778313512368, 235.66231932955577, 159.5508977187931, -1, -1"
1749,"2464.2799704746635, 375.27667745275835, 387.8692911970742, 625.067578803794, 61.55879034279701, -1, -1"
1750,"286.8784800477315, 664.9373417430041, 96.66847685337298, 234.81028687062852, 121.94819565168734, -1, -1"
1751,"2678.979410897587, 746.661461933056, 2010.6388832945984, 289.5147749907058, 5387.0530258742365, -1, -1"
1752,"697.2161991965942, 910.0848432156647, 586.1996595272765, 266.909837631286, 314.1007888101142, -1, -1"
1753,"128.04171648899595, 293.3871763780927, 349.7431917634553, 306.059236391041, 472.47434039658697, -1, -1"
1754,"699.9948311332591, 574.4169516894355, 810.8644848663331, 3005.4929612799647, 590.9144820274951, -1, -1"
1755,"692.6539213923284, 697.0331135921949, 485.11452290947176, 992.0774023428012, 644.9108254395348, -1, -1"
1756,"209.6305787120137, 152.80150669347506, 2132.0662773558142, 424.4685831840472, 1274.8650667852644, -1, -1"
1757,"193.77110988121026, 583.5225886967014, 78.24745380096448, 345.8659448582956, 1419.543944045379, -1, -1"
1758,"1534.746993078302, 343.3769759409199, 265.88937817326695, 321.19001414590747, 137.50097547282851, -1, -1"
1759,"5439.808041147194, 616.4891918941132, 389.7544460692633, 446.79208205956013, 423.0642280614622, -1, -1"
1760,"131.7308527264293, 199.3036237282717, 1118.696503674099, 697.2222424634682, 285.00155580689835, -1, -1"
1761,"424.56443020122515, 301.42323225985365, 589.3009572747403, 466.8292784868544, 117.87851184412794, -1, -1"
1762,"566.0206372229497, 2547.2116345807935, 179.9684284523636, 668.324968534853, 521.5644897017313, -1, -1"
1763,"556.9684379218756, 102.63210161873138, 233.4636639385278, 446.63481480731883, 608.0114435692448, -1, -1"
1764,"236.04371574098104, 378.3104435930441, 288.1606770043845, 933.7548838351038, 405.35104147903263, -1, -1"
1765,"1346.7578423275347, 139.54144806253143, 284.78365037194504, 3012.1431818835977, 717.1720199317424, -1, -1"
1766,"210.798829066796, 2085.9573855525246, 1252.1389093074167, 146.87487263896404, 408.64160464066464, -1, -1"
1767,"574.2511397795369, 259.89016553360125, 1027.5746268685702, 1101.447678967982, 654.9576138427527, -1, -1"
1768,"27.866182502897075, 585.4707963920469, 310.3686809714492, 170.46879423822898, 464.96530202813, -1, -1"
1769,"772.855196605909, 885.700203285895, 217.83756645978988, 299.5506078952496, 120.89947468750164, -1, -1"
1770,"2054.434372766154, 316.83060686300803, 234.75179374712707, 741.764666420981, 7586.660841725621, -1, -1"
1771,"736.0483135388379, 1007.1076486159293, 728.1368953036404, 544.7249166208918, 166.73543083348366, -1, -1"
1772,"1213.9933822764847, 531.7017986580402, 845.8373573553619, 1255.3732374815738, 378.0115439086756, -1, -1"
1773,"261.38054704365317, 251.6752048338095, 136.9932588329321, 392.42013915214176, 1015.4993548084333, -1, -1"
1774,"559.1434913210745, 151.46102118427683, 482.8437607313789, 1002.8170174802552, 2697.881811298185, -1, -1"
1775,"989.193678363302, 224.71591696700833, 147.25317595060295, 400.1097131688401, 315.24884570224214, -1, -1"
1776,"954.4387509470914, 103.99399359654419, 103.0286814241956, 240.69042241485232, 925.1435367766748, -1, -1"
1777,"781.0321621008919, 170.63778178914876, 94.48948235439278, 392.25695541889445, 1553.5923057288728, -1, -1"
1778,"546.7292448425886, 447.17741267447434, 744.9911607037253, 313.7093840026925, 589.8356143611153, -1, -1"
1779,"493.5471812569421, 151.9891704668878, 731.0540298597847, 469.4064562872511, 1214.1928308797906, -1, -1"
1780,"1843.616726023556, 2399.0993119400996, 523.4955948652636, 146.45663806477998, 1176.4282934977025, -1, -1"
1781,"501.25422248347564, 166.12739893954245, 655.1937988472193, 428.94544208294496, 566.0602510426957, -1, -1"
1782,"533.8782950829319, 489.4885114946196, 327.85463189523693, 158.71647630482101, 154.83405034703628, -1, -1"
1783,"346.65856419552256, 932.0364921540945, 233.71742893687474, 272.9895472175445, 1184.5136905886193, -1, -1"
1784,"354.3753652919857, 432.60020744099154, 625.4744770237257, 226.39255453631824, 975.7089698785574, -1, -1"
1785,"140.8379707261226, 387.97951991484706, 1779.99069845346, 438.422124221914, 234.8175852990764, -1, -1"
1786,"1970.0884376948752, 1499.0893523131901, 755.6661964476561, 69.79041520609249, 1085.4772240767043, -1, -1"
1787,"269.9902370452566, 888.1592321069917, 355.85875092521667, 305.85230324767247, 341.8260332741404, -1, -1"
1788,"283.74085031183245, 4731.111737285744, 648.8771767776503, 298.8559734265268, 685.2287293715976, -1, -1"
1789,"301.53612064893815, 113.78192291865459, 217.57300485218005, 451.25003264644647, 140.20021770634276, -1, -1"
1790,"234.89091525244058, 396.7198661586955, 531.0703962062051, 95.03767008702631, 251.50432072648488, -1, -1"
1791,"311.57248721326937, 4499.319094882992, 475.42734849950995, 582.6874088407405, 1530.1616605253307, -1, -1"
1792,"3579.334722088116, 3642.601223715014, 583.2739217834454, 380.78305688902384, 5068.379975808696, -1, -1"
1793,"1656.9083399644198, 580.0120475478909, 635.6549385944754, 178.89305009636172, 429.0390548279688, -1, -1"
1794,"935.703809842739, 6720.157858571214, 72.23376514210926, 136.768975088096, 573.0639337340675, -1, -1"
1795,"245.17910658240254, 127.07553438938504, 916.6854376822007, 865.74463433411, 869.5474955314418, -1, -1"
1796,"402.5840368131345, 88.66827422698216, 1993.8842837422153, 233.81684689325078, 1189.7483995019302, -1, -1"
1797,"1176.675818825102, 568.5230068320575, 986.5810438556947, 1642.0612714396739, 865.453231445706, -1, -1"
1798,"4281.6472885027715, 336.403566813577, 1357.373376487417, 70.2006086000367, 1461.9635168507261, -1, -1"
1799,"84.04566284278812, 210.4813562593729, 399.49021064131546, 493.41768576108893, 812.569726095533, -1, -1"
1800,"2282.8925960904844, 335.4438439376097, 123.87972132283744, 553.6703136686217, 1010.3293613781996, 495.6844919087378, -1"
1801,"151.75615443220926, 401.0145225840595, 330.7866085185127, 1650.3253203193929, 322.7208013623913, 702.9078739523632, -1"
1802,"1295.53247203993, 820.8616684990768, 108.7949977333038, 751.0964852408882, 377.47731290674375, 410.03883247581956, -1"
1803,"104.1811166021519, 362.5937069422139, 67.30778938898965, 466.35424882368324, 551.4001883301335, 101.49388795975011, -1"
1804,"2259.3219942731007, 511.9957325757804, 427.51633856169735, 430.9834364755337, 162.9696086654348, 1996.1662829519464, -1"
1805,"185.2253904993074, 113.21174860008563, 674.5578259376784, 139.0145863832978, 326.07052944593266, 424.0612746465782, -1"
1806,"212.2823280277004, 1503.3368733813986, 216.14035338849556, 48.837777129274194, 279.63417545691414, 2695.644876073263, -1"
1807,"462.0851980472212, 1106.5431461803346, 792.8487635424613, 538.4430273672829, 1029.313997127212, 2161.580025935479, -1"
1808,"790.3397778387525, 1118.0077061001903, 951.1293595708507, 90.35727185854394, 535.2664835386563, 623.5808158167748, -1"
1809,"409.12748396597624, 3449.69790843681, 529.722670783335, 761.985513329636, 399.1387194552205, 341.5148149931747, -1"
1810,"2423.1500728994815, 754.945256269704, 468.3247153228442, 96.84858559349759, 910.1750685610866, 522.2146401744807, -1"
1811,"112.93157448275139, 234.94461455701426, 336.8903815861003, 820.6669048425323, 1275.0193628953427, 350.8455530721421, -1"
1812,"1906.3803870580496, 5893.2129293910375, 1278.8647792327608, 66.71909729228913, 325.4007371282026, 801.9951680224822, -1"
1813,"281.160752618585, 593.9665776016161, 1282.8431095323363, 63.18989555374219, 1482.544616140714, 324.2217185597333, -1"
1814,"254.48643570197643, 158.80438481238474, 637.8906931778731, 114.82911765056562, 371.34486940602807, 446.4447632458714, -1"
1815,"3080.9446497381805, 60.6029757515794, 393.8128579313846, 518.0724170451225, 457.76918308815334, 4430.254574807478, -1"
1816,"5362.4691817384355, 308.9056152312045, 554.694065571679, 2204.221716138232, 423.5241049338176, 1349.2198112304538, -1"
1817,"764.123060239269, 86.05021801598643, 215.09176921420817, 518.5695739855622, 452.69541031616177, 926.9807120952275, -1"
1818,"441.1996101098991, 351.41296130100415, 2262.652142380189, 269.7727392733922, 385.96726773769313, 230.79192633654054, -1"
1819,"111.48625901695873, 211.73758139249176, 294.54709744133055, 314.64792637076545, 1916.5963637340396, 383.1146918832249, -1"
1820,"58.09425339397191, 6655.602213353516, 1050.5948883140622, 298.84238238191716, 1186.105598948281, 186.81115704537288, -1"
1821,"596.9108826762747, 851.4004194992798, 473.3117394059164, 742.9701953233647, 620.7707606705013, 2081.954150173491, -1"
1822,"1998.5278098547, 1310.2989382256537, 525.6424895213805, 204.96760361090145, 143.9303094072976, 506.9008276538751, -1"
1823,"590.1841712610046, 2916.218729697866, 70.94644956953462, 963.2487460363792, 926.7661086173762, 2563.733826828481, -1"
1824,"1281.8809052354773, 59.58346294771691, 451.4239277565221, 1377.585962820759, 86.20911384922898, 589.3748317722136, -1"
1825,"639.1169115376438, 1642.3917819618946, 56.472840576292654, 123.93933583584314, 1407.595952808662, 216.7628431379263, -1"
1826,"284.5566176717097, 594.4371626149155, 3118.955163098187, 117.20470900557335, 209.65597553537958, 730.0097050663647, -1"
1827,"326.55290315038894, 2553.715927352958, 231.0289833091771, 275.2797550344616, 1504.4975904704243, 731.4978873108403, -1"
1828,"106.69006048127441, 34.84873620071188, 143.50730394732145, 305.0738450382195, 251.30024755767784, 553.9893335088829, -1"
1829,"462.92411237922613, 2484.1812124299768, 146.28585559369634, 219.4237747016675, 994.1384702194663, 86.2480357122121, -1"
1830,"1092.6805194736398, 75.96973012901887, 320.9752764408296, 628.136342166386, 95.2520284753311, 532.9526207658374, -1"
1831,"283.7916024110612, 2136.4316127029615, 442.28659789181427, 194.6100151993515, 394.76355615533294, 799.8310387157671, -1"
1832,"509.9421829992951, 1713.7605425579568, 3469.3863721589732, 560.1096843752466, 404.4022529632516, 2103.858146920704, -1"
1833,"542.1046425787129, 55.3934731294854, 169.5415393030965, 241.44275803730048, 313.45606528981926, 292.08488519964783, -1"
1834,"406.9534479252553, 605.7839352159656, 303.4565912159247, 37.225874464227125, 1517.3428565826594, 729.0875241190867, -1"
1835,"806.0710735969922, 486.13194221577226, 208.67128877345897, 500.6780345694684, 220.46326476780973, 722.3219871698129, -1"
1836,"5379.181141744301, 305.6833691041718, 201.73223486527127, 140.04065026948635, 390.20084221342734, 3302.363880466656, -1"
1837,"1951.567479759518, 239.50038310839483, 1245.4556731743319, 328.6031615971759, 404.0167362806663, 447.9466583476104, -1"
1838,"895.9148822939936, 414.8914452278116, 196.54519541888038, 676.1970837720561, 115.29065602719427, 517.5766062960507, -1"
1839,"604.0777502818005, 532.3264154277423, 486.3468553811576, 4037.67637636792, 142.41468228504462, 327.7428662410486, -1"
1840,"1098.143775083129, 291.39204416495346, 278.28863680867903, 263.9812834788489, 595.7311329213919, 287.83542213065766, -1"
1841,"87.55631614009792, 614.1322982000731, 285.36980981694705, 222.75280595912596, 663.3447520171951, 654.4027208071855, -1"
1842,"636.8494957021398, 1892.531679374028, 253.55634131188117, 177.0658262396513, 195.14306991180845, 360.50543545834114, -1"
1843,"159.7007932303239, 134.1527228559119, 61.411788665772, 122.33277709786279, 192.8022820570421, 538.419159490768, -1"
1844,"120.12795408856397, 371.2534791770476, 501.2111960500385, 162.56010577061267, 243.77162961450568, 657.6677032547665, -1"
1845,"295.1781789862168, 451.0039828156804, 719.9008743510624, 374.49648717200483, 145.86837875381968, 1374.6536461440733, -1"
1846,"301.4883666056553, 346.23495745061246, 891.7823709998473, 215.34755303799875, 243.73169309494781, 527.238768114209, -1"
1847,"770.6748919286724, 797.0382517833511, 292.28215477392087, 2410.228595330109, 627.2135858804307, 159.0071728546261, -1"
1848,"894.7633548001015, 3281.4106971005313, 824.1074168138017, 404.00566844452226, 2025.495773958181, 922.2906216724991, -1"
1849,"306.47920841573927, 745.7138099346837, 470.2107221346375, 747.0190837562089, 1392.468045658276, 7431.340794098889, -1"
1850,"1289.1488843430702, 544.4550688239822, 338.05384536083307, 463.2519053251886, 200.74042713801433, 603.4502014514349, -1"
1851,"567.74767404525, 451.64401328113127, 123.05407007817317, 213.4894812421462, 250.23740060947281, 2652.6756504886457, -1"
1852,"206.6880561512861, 2179.6680380280127, 230.52150763040945, 247.33113388849475, 687.617504144789, 1441.828718917367, -1"
1853,"310.8712079299453, 253.62893128327795, 584.9218763297844, 362.792333726749, 1158.1759412383565, 3232.0167246339693, -1"
1854,"452.51534812375337, 271.24525531790016, 429.65457062942573, 298.53643890582316, 174.55226350331748, 536.2551860758379, -1"
1855,"468.4142205700145, 549.0340358558545, 295.3915928059002, 1133.381351543152, 2053.281690290206, 454.1853202590189, -1"
1856,"1381.867408633741, 452.46874768080767, 172.99945554198433, 348.8121830875336, 420.34558593024104, 100.83809229224151, -1"
1857,"129.60593319201254, 5156.31627351062, 561.8489658776532, 149.80601800115102, 630.0263788114617, 130.51295995977722, -1"
1858,"887.7447070572955, 632.9154207437674, 717.861154891451, 142.9314587668801, 632.5237802842172, 1415.0211465814061, -1"
1859,"554.3806194136705, 318.19679696574065, 452.00555007117583, 1002.149841355706, 618.1581843949313, 808.3562821005683, -1"
1860,"228.20669893012874, 566.253546529444, 2048.3132070615584, 572.3652999105287, 831.9543953748171, 652.526359885685, -1"
1861,"666.3999042517233, 873.6646783863011, 504.37915455059635, 103.2486691646648, 866.5625514245789, 680.0442988249177, -1"
1862,"933.6524379114202, 177.41673849609498, 733.7445298763045, 1055.1911309344623, 221.17520933522343, 1215.470888705249, -1"
1863,"577.6820092164851, 1203.2322585603292, 332.2477468888368, 681.7973725983636, 609.9891158234308, 213.35990143013402, -1"
1864,"37.864468073907695, 1010.476145595921, 1380.478825345107, 605.6593593754351, 601.3289039135198, 712.6168564997812, -1"
1865,"37.556302783112514, 511.05857313627075, 462.894529334934, 341.9482985395923, 282.85951325093765, 1214.5516564590032, -1"
1866,"76.71483231883757, 758.7184400794283, 1464.392867022018, 829.7275198109722, 934.6649896410938, 360.31760119691336, -1"
1867,"246.80345211161807, 554.0707877038285, 191.29258434353943, 1661.7711846332359, 1983.713436235328, 186.13609535076628, -1"
1868,"5486.65562243123, 320.4159482151873, 488.3372667042071, 1112.6578303426409, 990.3285703567567, 1154.566932870836, -1"
1869,"857.6225342160723, 269.37968058629525, 575.5161376926907, 1094.7533072204183, 888.4904060056393, 47.10729292529583, -1"
1870,"2117.6697675039813, 10261.429420561588, 388.51074830906487, 197.3986651647162, 1349.402127265801, 349.60864763861025, -1"
1871,"150.52602230706867, 178.85791871213524, 692.970094373657, 180.59005645534657, 259.0744542277165, 338.65590039350747, -1"
1872,"180.80761389354143, 5090.174860440833, 320.30022343633846, 198.7700918798932, 385.011180447722, 155.47240154547194, -1"
1873,"1286.8724939551448, 203.94945905909432, 1887.0053684510117, 78.44601241324762, 415.81300043083684, 176.02818324290195, -1"
1874,"293.338558833092, 4411.309386741717, 614.1144371539186, 634.1464694937241, 105.86509907320811, 266.5320700802672, -1"
1875,"94.46957344750132, 165.5093532973775, 1813.479949940996, 342.2039090233217, 238.1605996424588, 726.0024950298408, -1"
1876,"177.21502203817164, 251.97940483343814, 1390.5483517187379, 386.1042880753096, 680.8003991564719, 391.32956082363296, -1"
1877,"399.90245257818674, 463.74386036010924, 354.7869920181916, 221.9892537959578, 213.52974274573285, 283.65793355359494, -1"
1878,"461.9050019936205, 71.71260619752353, 206.74959745034323, 246.4744731869156, 69.90891493323187, 1772.7475938350697, -1"
1879,"843.9604271938905, 1146.7134045346254, 356.167671259503, 1370.524347276947, 1617.7615599592025, 3307.1358521671305, -1"
1880,"1112.3661532716924, 41.579748314824684, 774.3594635179077, 222.25673754790432, 2841.205961654103, 224.5236943079876, -1"
1881,"65.1258135178292, 313.37257294957016, 605.788517200735, 776.600466463487, 250.42919398736532, 448.3687601772485, -1"
1882,"3050.720083226274, 151.7611881914201, 239.65405874059851, 214.31940316397285, 165.51081419828603, 1199.2248487686372, -1"
1883,"586.0956605566192, 450.20943256270454, 220.24684446785287, 1043.668933563695, 380.3985256785759, 1503.2645288229692, -1"
1884,"728.9199535788225, 242.72150084298195, 868.6495137835602, 667.148950422042, 114.284175582622, 5122.475352842467, -1"
1885,"192.09454429787746, 896.0034901756526, 371.9819381762044, 310.62481157432666, 697.8726185489089, 583.898595972543, -1"
1886,"1054.9491107645272, 154.87626723446843, 262.3821265339706, 445.878128356866, 180.70063124800882, 556.1448180659091, -1"
1887,"222.95050894840628, 393.91042578717395, 203.77464830411353, 1063.1577250067837, 662.1091273165283, 118.89210639214666, -1"
1888,"691.0217310740677, 55.654026704214715, 2878.8546396281586, 436.95065266591405, 802.431831818923, 1019.4183989381444, -1"
1889,"563.6698638012215, 2321.1565431808044, 1148.0459221729875, 1408.9761597734125, 291.1592971207486, 158.59910563185773, -1"
1890,"2822.910812724394, 1217.7774277736398, 258.5285399169918, 334.2347413140218, 85.53973545605126, 1110.7697089552016, -1"
1891,"260.686305378377, 210.1155583068886, 95.07090685628795, 181.24201086198596, 1906.8139411736022, 79.80189522873691, -1"
1892,"404.9000095152362, 293.9515968466367, 339.2799786090625, 152.71056118327854, 247.98910538298574, 1179.441200623739, -1"
1893,"1241.3968684815077, 334.6718299495317, 609.819514689748, 777.883173382836, 424.58409092822006, 286.3932154760006, -1"
1894,"551.1450430667348, 992.317346180596, 479.7796879402407, 91.88068312218091, 257.95266972359593, 2205.8061995795397, -1"
1895,"868.1817190563457, 127.53997825543686, 315.4473430184346, 371.9574244042566, 1061.9768099277408, 799.8614137393859, -1"
1896,"117.37918853161796, 1794.4219513228359, 341.61907883281265, 308.4680550226267, 284.3928576461291, 76.46529967668613, -1"
1897,"1655.8916569384523, 1433.597556098955, 783.3081655065157, 342.383020770075, 507.4000546759763, 285.3273843758778, -1"
1898,"637.4571467261094, 199.34504331129202, 1712.9269252753522, 435.8979958574411, 182.51284131128554, 427.1460999062631, -1"
1899,"156.4830190660287, 208.40543511656244, 548.2679693037899, 383.5552367443084, 607.7532260977235, 176.98399836600606, -1"
1900,"793.6468169333139, 1143.405647467754, 142.65517411881507, 469.16582379932754, 232.85827836585736, 2127.1939062420724, 748.6357012821155"
1901,"1207.933495041776, 183.18218948865174, 242.90815660580338, 193.5304921188507, 1444.789750343531, 94.08877852264351, 192.26432015497159"
1902,"436.7722888238484, 2970.5979744944234, 1496.6686834471518, 5274.757553427147, 196.25409096594075, 881.9462338928963, 136.04051881171745"
1903,"190.5104890382524, 1171.1454279626575, 1745.5075871103843, 152.75301834634917, 187.57809426042775, 124.46499865474507, 148.97709490696585"
1904,"452.6583055221262, 757.3661169441137, 613.6562612488405, 474.6912317793972, 278.6463004263271, 478.6526638339821, 342.35908181449213"
1905,"486.27446626779374, 350.90024342889296, 490.31750978755457, 48.91533193166815, 155.35798614740222, 292.463268557943, 4417.707180501296"
1906,"379.648716866872, 5492.8106791658565, 460.49972024598344, 272.68924359808045, 303.30625734421284, 411.8819489808907, 386.51949424337715"
1907,"394.22043913421953, 937.7377795362504, 1247.6986792588698, 306.3348782894283, 377.20429189811296, 468.37401539701415, 269.4719263010861"
1908,"1204.6769136477449, 719.7647065352581, 364.83956448544933, 177.85853417249385, 396.8721331717323, 2368.1566451078525, 1424.619245962112"
1909,"756.9740667659423, 193.49307914114596, 277.0872391366792, 1096.2065421175062, 418.84125061539817, 327.00341415069545, 587.1638995780845"
1910,"598.911703084624, 645.5234565772574, 164.972584493693, 659.4858170593151, 355.85432017076727, 399.62149103037336, 524.7484577087712"
1911,"524.234566210437, 520.0629376693837, 81.53077365733759, 301.5317048125896, 283.1893870731372, 2289.4908429199268, 451.70836952005425"
1912,"2059.758216650296, 240.1273327230392, 136.55845163538805, 290.6441588861567, 2015.6138589506077, 130.76694825162997, 2648.9563041518218"
1913,"373.635244785593, 183.84883551347906, 40.3100866613299, 1189.3341649085244, 1347.6584313553124, 362.3962539324044, 779.7671627544759"
1914,"1206.1871293293561, 893.5819473975972, 658.7196405117426, 521.7471995369259, 297.62404756629957, 206.7149568013576, 79.47556687541561"
1915,"359.23783884470856, 602.7842867092513, 136.66625878130986, 2193.169973116996, 324.54108753475947, 675.9484297818207, 337.31170062850254"
1916,"201.44315929914447, 961.6315124985435, 391.6533040900272, 525.8731258580452, 817.3552088665034, 662.3264822249162, 731.0733327923864"
1917,"263.5230786132378, 189.9641019234823, 759.5328549914393, 187.8381717994517, 106.07506072049367, 201.60396572267388, 370.88257175520005"
1918,"253.67769609222876, 113.55900265057387, 251.89418315100014, 270.1487749740078, 260.8970603530647, 854.6191331712229, 1504.770123638427"
1919,"2588.3106112729447, 173.01873573434938, 290.7299202758059, 461.91420216150345, 61.53493459562657, 148.6864360623876, 274.0322796269322"
1920,"928.8209951922922, 2574.455220007318, 179.36117447276968, 348.0110007586519, 153.21945503080232, 333.9302966364414, 671.7470619919079"
1921,"271.8280660074707, 258.40947703041707, 87.54108767395158, 516.584315900448, 225.34410402755535, 583.5352745632955, 1041.486136969181"
1922,"148.99245013697467, 7274.137524479449, 315.7677186200747, 314.2100946584306, 77.39522041494064, 73.60289422995902, 485.4985818688821"
1923,"690.8067362356223, 1728.6459969176908, 133.35094571410153, 248.83168740837095, 58.659452668832614, 472.15844868883335, 910.9895864666327"
1924,"632.696890331902, 189.54447140090528, 2075.551941794053, 192.02379553511815, 583.540541299471, 260.0967818659058, 5480.233831635588"
1925,"476.8221788936395, 209.58521609654977, 2865.6766556982398, 315.44435910172206, 581.4719596694814, 434.6810942386712, 726.9205692497446"
1926,"795.0175094594694, 207.54042734929823, 982.2206481824084, 1616.892568068166, 281.40371464196886, 206.2258707949065, 1054.4395073129308"
1927,"769.7891757747747, 621.8599138253903, 1078.6932574469279, 182.60098597499203, 132.27295895153856, 389.6654156137088, 1820.0082400513184"
1928,"98.26814185080397, 746.5675131950636, 695.55849812431, 5867.950164019585, 481.898143760549, 73.44671145645003, 303.2070174100787"
1929,"183.09421936266733, 736.3265084281095, 417.2234402303131, 648.3354963226784, 53.61997374046154, 1146.0940858870292, 1300.2610131792248"
1930,"1613.0297474194365, 114.21495185240715, 176.43666535045935, 110.8336256354478, 375.5554127127504, 370.9882858843239, 402.3991985329016"
1931,"285.4279895785337, 1415.931055767853, 460.5680990008916, 403.5487747059319, 320.4495999819854, 613.7574407617391, 320.59333317595616"
1932,"440.75855510686387, 1196.2128406629718, 410.72281511691403, 2618.7726646304345, 1679.6015214753315, 165.4407542624763, 1204.793194582833"
1933,"978.2223737396375, 1796.6629417184668, 215.0381034501591, 124.67945565910908, 117.30395366380763, 671.7445701699461, 127.96324479388304"
1934,"130.29004190588648, 270.1384332492411, 1087.2227162355912, 162.2149968499987, 192.38288749550264, 135.62334387550828, 346.1054809828193"
1935,"1195.1266029015192, 348.0449759096925, 556.9343658260543, 329.78399720235876, 206.31029895678085, 316.3176721163765, 328.03760176931866"
1936,"1170.0102045853657, 654.800391946624, 686.7653460651618, 592.8607149506661, 384.2751753249156, 108.62942116609774, 948.0933527002015"
1937,"450.48545653447695, 556.5752394740634, 489.3427246232334, 397.3217462875728, 427.2350778671638, 360.3150483340712, 153.85149911567936"
1938,"136.8298764143573, 621.7828824813631, 380.16497292634, 662.4606552118025, 390.9667513113051, 170.0532469055701, 282.1108969315833"
1939,"877.3742048145139, 160.23296560637465, 1657.2489148572743, 864.1709116749616, 315.82613512897706, 3451.466993234293, 750.0906050689654"
1940,"590.3552494844732, 170.24766330819233, 102.73644296916713, 276.82812675771515, 291.3575361203711, 777.6823546385776, 312.3675615909288"
1941,"281.35282052640815, 198.8781157947729, 96.99405092126275, 741.9071043823208, 342.59210670167033, 285.60146565999366, 597.8042636832403"
1942,"246.11281599040197, 388.43555694751785, 123.87038540058784, 335.7112832719741, 555.6225847782692, 31.777217934992766, 160.96785338036102"
1943,"563.3043293967004, 309.23630677216715, 427.18627481617534, 709.4631291066843, 552.7390660309387, 381.490225537114, 328.1792929594385"
1944,"84.76114500720547, 1769.26459109645, 148.09518931624007, 193.30334757006943, 2626.2431504803776, 135.70214577651606, 1219.1991021498745"
1945,"251.45911229662312, 982.7051969757404, 134.9473521790246, 693.5347836693632, 355.89153324319534, 1874.8198299304568, 360.1332030933744"
1946,"92.10719323256245, 559.1223941941817, 605.0604843627995, 121.06660154658852, 108.61355984535123, 741.8460450824856, 245.95587824971105"
1947,"1251.085897677998, 472.67560549536336, 749.0943516789797, 116.97041370632476, 1111.5103910558444, 132.94421911563387, 1453.7965382847906"
1948,"954.5450183498142, 581.7812815173821, 501.27973246114857, 502.7126168268764, 613.8991944974393, 54.972779156718495, 445.58983281406233"
1949,"655.9128931605983, 1451.2671646518424, 67.53018908373451, 294.45221025846655, 1368.1038585435276, 274.1527292613452, 309.21347712378986"
1950,"79.23348109570327, 1447.5209219757123, 2673.191234330451, 240.21139331859385, 331.5889040637553, 160.98195296495453, 1515.94679714737"
1951,"385.8358651078805, 354.72050338036433, 1334.0184335890879, 781.0797808726351, 255.66149805277007, 730.4342805526194, 274.0830475017824"
1952,"162.55943281413573, 216.12682200518253, 367.88931568356173, 316.06462968628637, 267.846456312027, 583.6814087761487, 367.7862630277331"
1953,"330.57812286768694, 545.4189351406357, 237.5146593734363, 655.4675056206063, 262.8431505102651, 235.4927352707222, 750.996461750569"
1954,"424.838251396964, 553.4406896191027, 313.44168127325213, 763.6097620960606, 90.17080755999211, 183.01137965576925, 1743.6941443097082"
1955,"2046.1232430862483, 2048.338675686851, 677.7351506914473, 87.90153985699556, 287.2078373987064, 2471.4156919776933, 175.66017461820462"
1956,"2069.1347525993533, 363.3118923577635, 1047.648918970027, 423.7389995686615, 280.6420865144644, 825.5988411728074, 571.5539422293052"
1957,"2512.474185297964, 1474.6998729732584, 159.22626193068197, 108.9253162135075, 1394.448928557676, 87.8861553625331, 84.29740390237802"
1958,"1374.1157296136082, 130.68774090043556, 206.8566657551989, 2586.8440029625317, 48.6098924737244, 621.6341086488966, 203.0170144913245"
1959,"433.6344652288739, 1105.352888796684, 433.7557278888364, 603.4470140198524, 247.7979504797847, 1027.4596166683677, 440.2642069975008"
1960,"140.90856230744322, 140.03808686177047, 1054.1465428513927, 531.1973718667657, 392.78291504508985, 359.54524946820084, 494.5177662754129"
1961,"1507.5054947194992, 1519.2002128777083, 2545.330081694011, 102.45050184448283, 234.00176830419403, 197.8679177917932, 457.67384136941394"
1962,"209.6042069489729, 68.78825985521166, 413.33118841231845, 272.8418785335827, 365.76307614252096, 1439.0044511657923, 703.0640645856236"
1963,"1852.3828543115687, 220.5466945357848, 606.1649306423262, 61.3631477563256, 1064.802224569213, 187.1127488372474, 2613.287769918874"
1964,"4118.608773251992, 616.2600848451148, 1189.6113159051436, 968.8418311512117, 62.6126371721344, 125.69222444558474, 334.3623258257211"
1965,"464.5858378654896, 2502.465385457856, 549.7079963933647, 302.63819538543214, 379.19909607468753, 440.4446913558454, 709.8770775300225"
1966,"1395.1872607284902, 9064.281750470349, 187.107584209907, 318.75382049153933, 620.6125753342144, 261.578233344976, 572.698592324348"
1967,"447.1533866947477, 935.4398692818684, 129.49488678212063, 412.66558120990976, 1455.3148910888922, 130.8579456724728, 548.750623216468"
1968,"171.72616676108444, 1744.4626909865055, 587.1024615170422, 1203.2185234958786, 150.48031387944684, 851.2608342347646, 166.55898623418153"
1969,"284.9854328317184, 206.3326059569631, 427.4682335704266, 2326.2965386584547, 1296.664708100984, 1469.913474996535, 594.7007936970969"
1970,"666.1792010731281, 290.16382226054, 129.74033925927438, 186.75905194202028, 61.51086106470688, 447.76512951206445, 3169.388271648705"
1971,"752.3175583097196, 247.86332747038486, 354.6798213374853, 1370.798832537494, 382.90680627338185, 161.61874316713588, 6018.015412096505"
1972,"316.50668358496176, 749.0511660674363, 286.26469287949544, 1224.647741175197, 824.0960935001101, 436.25986408785354, 153.38379012168312"
1973,"806.4047113432393, 65.80974621694067, 1080.1702668477071, 332.5794346838904, 102.57338462429311, 634.3441501435935, 1255.5182938497378"
1974,"198.24988283784774, 402.88523798359716, 256.343435987076, 682.6574758802069, 316.6139418591134, 387.29577657094956, 852.6631892488537"
1975,"69.54713633282478, 106.3440713068627, 1947.4863290185942, 439.2157485358294, 661.7766668245104, 831.1172334637693, 157.5518717027591"
1976,"690.5212671318096, 1232.8696302492149, 97.98074260314796, 1542.0309126790578, 38.42405769526651, 139.12502459534323, 306.9384789501389"
1977,"1269.4870734328792, 90.39136752564136, 94.03574944625535, 386.1147038871373, 408.73643158950586, 340.1225356274494, 1316.1305385914773"
1978,"924.718040764334, 237.14249250172804, 537.3793808288372, 189.7324185726843, 194.6225334049014, 111.45614127228714, 686.3843675116772"
1979,"1277.2339639757029, 299.51525300223034, 137.60461605332557, 174.82805698938407, 518.6309142700702, 2468.519361764401, 1423.136443450568"
1980,"394.13564364393244, 541.2731118968367, 1924.1119602630974, 282.8674277354513, 371.3742344516922, 335.38913535825736, 1185.4475327167008"
1981,"135.04505912709712, 841.5022183219587, 439.1972958594174, 167.43084099164474, 229.97244495207212, 279.0680166495919, 168.97546592893002"
1982,"59.81296526295528, 1251.009247780307, 673.8053093624852, 1434.6545436379126, 2092.357302697339, 467.67617609140905, 1015.7658375900589"
1983,"1982.311721550351, 3603.405078191752, 1173.8925545166198, 2799.575026121872, 412.92895800394126, 297.3171644762398, 303.9778694995534"
1984,"323.0265599445329, 1022.8928029141567, 154.91076833020372, 415.6818806066737, 1071.542449248084, 549.8865309951087, 363.5194922621364"
1985,"191.94453005960224, 581.128300961187, 586.8263409131, 1842.3295362130343, 613.5089489864104, 265.05630170964184, 188.6675954243913"
1986,"147.51292397620512, 335.0020505057763, 282.7106018902224, 557.8635250405341, 2584.3382418430515, 320.28002424843964, 140.56377484608413"
1987,"228.53768151620534, 438.2956520696517, 1923.6264909780396, 126.06005434340064, 82.54260113974635, 582.4638364641025, 223.84282338765365"
1988,"908.827711470577, 395.13936883858025, 194.61272318795264, 2273.5112402948434, 383.6256594983152, 237.3663462985615, 528.100538511216"
1989,"893.8594955686623, 782.2396094564418, 2840.015248773615, 471.4188533838851, 621.6922629133027, 297.62965657866357, 520.819374903107"
1990,"731.6205840830922, 436.23082172019633, 789.9362375581767, 389.1223469796223, 342.77030741978507, 86.95888231902012, 230.92465291325237"
1991,"498.96024485144625, 165.3170403362331, 314.9092570904955, 411.6648510400041, 184.1122588136568, 578.7068623371316, 203.75854602798614"
1992,"95.08052280724141, 349.3089163520102, 1053.9932020638555, 966.3852797456248, 102.19032831283688, 1180.3073326752578, 133.28311649496797"
1993,"266.8699533976293, 814.0698122428256, 410.1461865882086, 98.57412272271529, 727.8726444740935, 2651.4178791396207, 407.2194177407264"
1994,"1070.5975430549606, 247.37050567581898, 98.03340198838217, 449.66662218706927, 721.5032657547154, 149.4256773046945, 2723.186436459651"
1995,"87.94234428810692, 339.98981090950497, 2059.896797673934, 1233.2013257922051, 108.22160283615682, 332.94091222813546, 177.75105437216916"
1996,"566.8237490266988, 473.52669541367277, 1086.7618141247158, 1724.1529165333275, 523.9070072449503, 127.23856061491507, 246.78766957368492"
1997,"423.9127787623807, 1725.136694867965, 464.8753515711556, 370.1407281578407, 69.5852354549116, 128.79530190847302, 725.5135679935682"
1998,"462.14880569021386, 414.74070205260904, 1782.1849014122445, 154.52443999095453, 1201.56655161807, 358.422352068441, 299.7964453241994"
1999,"242.614019061275, 685.5570650760684, 727.7764211862374, 1255.5358271722462, 365.7000152526923, 942.0200208724939, 1218.6976813755457"
2000,"598.6632859866133, 378.5020966338953, 808.57508270197, -1, -1, -1, -1"
2001,"107.03837262768522, 554.1827441499219, 372.1726432688138, -1, -1, -1, -1"
2002,"5027.737253002225, 1142.6287861296275, 544.7509643964246, -1, -1, -1, -1"
2003,"579.1178424690798, 2412.3310774445918, 1052.8500726963061, -1, -1, -1, -1"
2004,"1157.7826467882212, 628.735255881147, 1762.8441053655583, -1, -1, -1, -1"
2005,"412.27086257595613, 83.5414331497011, 170.341079965633, -1, -1, -1, -1"
2006,"539.0794067551956, 1302.4955355723073, 772.1306938879196, -1, -1, -1, -1"
2007,"344.92445447800685, 2188.3027110208523, 2549.39789973592, -1, -1, -1, -1"
2008,"4036.5756528184575, 261.6860903116662, 1474.5665127609968, -1, -1, -1, -1"
2009,"1159.0151135479214, 381.59191792044726, 2496.73801655696, -1, -1, -1, -1"
2010,"626.4557867390466, 2099.17416876452, 178.81505414449663, -1, -1, -1, -1"
2011,"175.73937422192682, 452.5528311279726, 209.0825430720347, -1, -1, -1, -1"
2012,"744.0006449012134, 183.83439904145567, 1832.746766368581, -1, -1, -1, -1"
2013,"149.98266834158312, 1221.996327661713, 1093.3277970545748, -1, -1, -1, -1"
2014,"1297.1205473454966, 1255.07503882152, 345.98441737471, -1, -1, -1, -1"
2015,"1823.3555818217487, 288.06843286248915, 589.525680994849, -1, -1, -1, -1"
2016,"949.1473655950026, 177.3207614214449, 3455.8685770372076, -1, -1, -1, -1"
2017,"314.83890857566405, 1091.3197648378107, 279.3250929084452, -1, -1, -1, -1"
2018,"526.3675930081313, 176.49083976503482, 1554.938895611042, -1, -1, -1, -1"
2019,"906.7034585826251, 535.0160362605443, 806.5815872757935, -1, -1, -1, -1"
2020,"230.75847570406467, 538.3690586816803, 395.3029738435393, -1, -1, -1, -1"
2021,"1182.1494679699608, 375.3315993204987, 10264.35172403724, -1, -1, -1, -1"
2022,"1121.2179163479075, 377.9283772876233, 667.4141026912017, -1, -1, -1, -1"
2023,"749.0577485199274, 1366.5878690871411, 1024.9212547851319, -1, -1, -1, -1"
2024,"254.51877824559824, 291.75587328381096, 123.51060737796986, -1, -1, -1, -1"
2025,"549.0425545688751, 382.1870433568097, 2075.1604933712774, -1, -1, -1, -1"
2026,"789.9158768215743, 282.84518615419614, 817.75981577063, -1, -1, -1, -1"
2027,"1664.5202756094527, 162.65659830076848, 1100.8712627539094, -1, -1, -1, -1"
2028,"1021.8409698452999, 806.0019017469663, 7347.80649232838, -1, -1, -1, -1"
2029,"281.95145048721884, 3410.767319962894, 204.53427580719122, -1, -1, -1, -1"
2030,"913.735366236299, 1076.946674138182, 2121.228330181327, -1, -1, -1, -1"
2031,"684.8701720190616, 354.33405492124285, 508.5204416087508, -1, -1, -1, -1"
2032,"273.4320544647999, 726.4243861205532, 215.55118742468693, -1, -1, -1, -1"
2033,"315.52861256806654, 1367.9166657496055, 523.4828129050641, -1, -1, -1, -1"
2034,"681.4010808287117, 676.6467302095366, 6106.608625519319, -1, -1, -1, -1"
2035,"3774.8722352428645, 1070.1681714518088, 6032.776805131342, -1, -1, -1, -1"
2036,"242.4048032760724, 375.8988281000085, 128.76640936099594, -1, -1, -1, -1"
2037,"978.3197268151928, 340.2192647814344, 353.34624961608785, -1, -1, -1, -1"
2038,"814.5008860596755, 1134.9305051411852, 1089.5860620240658, -1, -1, -1, -1"
2039,"946.1280148024215, 109.68415335012449, 268.06469848342124, -1, -1, -1, -1"
2040,"878.2853059334777, 124.45086424008588, 323.9175545830392, -1, -1, -1, -1"
2041,"955.6047493003758, 1041.4830175841046, 674.1519311227468, -1, -1, -1, -1"
2042,"256.24071708108994, 1228.8134296034405, 244.01669689612706, -1, -1, -1, -1"
2043,"199.41304908665876, 900.5393083876634, 1235.2071993368215, -1, -1, -1, -1"
2044,"132.59686750851145, 125.61752225168289, 591.6901766052802, -1, -1, -1, -1"
2045,"1807.5575209738963, 704.3635934225811, 596.5993751153778, -1, -1, -1, -1"
2046,"223.56847996903105, 660.8174042323133, 138.49954013396413, -1, -1, -1, -1"
2047,"291.29385694428413, 1232.6104027441122, 701.1764860485998, -1, -1, -1, -1"
2048,"1728.6749304014852, 68.08683610025106, 543.4923379304817, -1, -1, -1, -1"
2049,"1648.8461444135382, 454.37434340702083, 855.5601080248987, -1, -1, -1, -1"
2050,"3135.046259618509, 1331.0833857131524, 532.7119852891321, -1, -1, -1, -1"
2051,"646.7107447730447, 302.96041072427545, 374.22993575467984, -1, -1, -1, -1"
2052,"275.7113408829011, 476.33082426511737, 749.5520997740665, -1, -1, -1, -1"
2053,"534.1917432125056, 250.04448914194845, 469.9995126858821, -1, -1, -1, -1"
2054,"2599.902069109765, 560.4438520818676, 8433.197268986964, -1, -1, -1, -1"
2055,"434.0892517157331, 949.1773871250979, 313.6299177654711, -1, -1, -1, -1"
2056,"868.7558807971757, 576.2903193161821, 195.99751776440812, -1, -1, -1, -1"
2057,"1722.2150230647808, 515.9181179910612, 243.34360685479652, -1, -1, -1, -1"
2058,"232.21373510161433, 123.02902033516102, 106.08613338500324, -1, -1, -1, -1"
2059,"2649.413058170068, 440.75860335190055, 828.9403460455395, -1, -1, -1, -1"
2060,"3048.2609703224066, 1336.08269644734, 1307.1491704894243, -1, -1, -1, -1"
2061,"1013.2633293725544, 1296.7082193259273, 667.2963374492775, -1, -1, -1, -1"
2062,"588.4026511856558, 544.6722997668354, 1045.8920940889632, -1, -1, -1, -1"
2063,"99.37062532109509, 921.4776165896303, 617.1261549740526, -1, -1, -1, -1"
2064,"269.1435249366936, 723.6625304384371, 318.3195687443423, -1, -1, -1, -1"
2065,"948.724146781165, 339.85255616375815, 220.21572859729042, -1, -1, -1, -1"
2066,"1883.1375288786198, 477.4128215991589, 267.4489651446752, -1, -1, -1, -1"
2067,"640.7992925057958, 1027.4544081099784, 112.2172871162116, -1, -1, -1, -1"
2068,"1616.9431325340224, 193.21378610891418, 785.9147098917564, -1, -1, -1, -1"
2069,"368.364060706367, 379.716352749605, 673.8618903926562, -1, -1, -1, -1"
2070,"298.80205926581317, 68.34160291534998, 208.4422060978896, -1, -1, -1, -1"
2071,"159.31306243046492, 222.85990531476742, 112.97751943872744, -1, -1, -1, -1"
2072,"4000.2796778808515, 214.37740629591397, 2959.7073906216233, -1, -1, -1, -1"
2073,"649.5117854833142, 461.6370146271037, 161.3246355297097, -1, -1, -1, -1"
2074,"142.57483864966227, 974.1649352940436, 1104.7167580408504, -1, -1, -1, -1"
2075,"3486.6995569277765, 1194.1384628028982, 911.155786462732, -1, -1, -1, -1"
2076,"754.6486603792658, 565.5342623134018, 219.01836239200236, -1, -1, -1, -1"
2077,"1515.0583822867122, 2519.3864457624545, 1173.0342308219153, -1, -1, -1, -1"
2078,"430.4890885786977, 185.08268764006812, 500.3499841669726, -1, -1, -1, -1"
2079,"1549.842726756281, 744.423970339762, 932.5538966413283, -1, -1, -1, -1"
2080,"84.82320607590344, 1405.426808678989, 350.7138488118444, -1, -1, -1, -1"
2081,"990.2918075378184, 876.3943776692925, 459.8401102527986, -1, -1, -1, -1"
2082,"570.0829038166844, 153.33453498512858, 1256.6673625463645, -1, -1, -1, -1"
2083,"1381.368681434923, 139.41956749594613, 301.019653035333, -1, -1, -1, -1"
2084,"570.6797247538877, 171.13256151756644, 274.24563510625984, -1, -1, -1, -1"
2085,"887.476645559759, 250.53718181889516, 815.6522553978457, -1, -1, -1, -1"
2086,"264.78181005946817, 134.88995411305697, 4345.419065742778, -1, -1, -1, -1"
2087,"350.44286727365545, 800.9203130310123, 308.59443483426236, -1, -1, -1, -1"
2088,"228.74093846835262, 135.30516298714065, 2721.1784642732537, -1, -1, -1, -1"
2089,"466.422952830107, 316.6575287086944, 159.16105219599, -1, -1, -1, -1"
2090,"404.46306535156805, 122.3162916743154, 441.2766111922809, -1, -1, -1, -1"
2091,"632.9742645614814, 1792.6280856503856, 167.8136008546606, -1, -1, -1, -1"
2092,"692.01250138828, 210.29091009949136, 95.57581210878857, -1, -1, -1, -1"
2093,"311.9249651476914, 169.65861151188932, 1965.3429519189658, -1, -1, -1, -1"
2094,"351.86091279644756, 68.30842881051767, 110.88431763567203, -1, -1, -1, -1"
2095,"1057.2419102537242, 180.08650568351877, 964.4914716746769, -1, -1, -1, -1"
2096,"803.6212438248941, 311.1474506899002, 729.7611016635091, -1, -1, -1, -1"
2097,"94.68658750139184, 5883.135598742687, 579.109981699822, -1, -1, -1, -1"
2098,"638.0247826254365, 1645.7296880549084, 4686.079513351707, -1, -1, -1, -1"
2099,"1568.9791374669267, 528.3927363865128, 1070.5896987158471, -1, -1, -1, -1"
2100,"882.8388186002935, 1521.474963961203, 4227.915244108524, 320.49312366805316, -1, -1, -1"
2101,"604.3060940107213, 135.95185218680874, 252.55079280333808, 477.99905497721426, -1, -1, -1"
2102,"818.6006528222713, 1778.223192765004, 977.849758186418, 476.0768959863294, -1, -1, -1"
2103,"614.255213949247, 3341.0444354342676, 2320.04052191458, 277.05781813892577, -1, -1, -1"
2104,"4690.247541089173, 650.8632819928138, 391.60015587845857, 356.2273645524932, -1, -1, -1"
2105,"1739.4655959062134, 258.87554144504304, 143.75039655940486, 5019.434373348768, -1, -1, -1"
2106,"1682.7995236571787, 239.83856527651113, 453.9909580709555, 2402.4820279776714, -1, -1, -1"
2107,"465.10644344339244, 714.4411652251363, 279.01539787356626, 509.2795640239683, -1, -1, -1"
2108,"2196.631439085075, 309.45096381408325, 1102.0419179341964, 2167.750801115284, -1, -1, -1"
2109,"1255.7338382628234, 1315.122016420232, 1224.723232057535, 1238.0494906533881, -1, -1, -1"
2110,"1173.644179612337, 1111.8888751519667, 572.5249717458239, 357.1076641608518, -1, -1, -1"
2111,"463.5901048951213, 530.18932725292, 282.5084916530344, 269.02249412624667, -1, -1, -1"
2112,"1392.7849053274165, 79.46339101117294, 1466.0604197610385, 896.8898337944413, -1, -1, -1"
2113,"1391.7186199444957, 370.9154302733984, 286.2809024099662, 1257.3766712068855, -1, -1, -1"
2114,"609.5874791056939, 146.31675789843038, 269.14907813869024, 401.11870541478527, -1, -1, -1"
2115,"408.64947432501145, 877.3773691442699, 575.2313514450287, 681.7745105853827, -1, -1, -1"
2116,"740.7487303483609, 1498.0616283814768, 377.49540692692403, 1579.523799607572, -1, -1, -1"
2117,"2453.4907007446513, 153.1378050154312, 933.9594785487275, 590.3024880853026, -1, -1, -1"
2118,"1715.8461124441974, 452.7533203562399, 140.7855920891012, 7559.912223426288, -1, -1, -1"
2119,"389.11064855116643, 514.6886967624783, 892.666396244186, 304.44202221426093, -1, -1, -1"
2120,"2589.3389015002113, 534.1119008119492, 384.6385717781442, 617.8946865850457, -1, -1, -1"
2121,"1174.1413189090567, 3345.123225600916, 530.4296515165686, 487.45631889309146, -1, -1, -1"
2122,"1641.1105796402626, 2637.7055860057003, 158.66462769594065, 897.8107904811075, -1, -1, -1"
2123,"223.4679278690391, 268.22749699137864, 103.95840086370326, 152.35334901333374, -1, -1, -1"
2124,"735.7245227351835, 108.0856109124716, 3413.321764212623, 538.9272298317159, -1, -1, -1"
2125,"1264.9204506700744, 583.1597215598484, 178.99756015339554, 2124.2425658938587, -1, -1, -1"
2126,"1711.1372285242144, 1689.7313692571445, 144.57902819421093, 60.40950627533297, -1, -1, -1"
2127,"242.97931147233362, 306.48663628310055, 1515.509041950981, 2941.2399959975032, -1, -1, -1"
2128,"537.0134953585358, 1102.7370183328837, 603.4929739948263, 3024.0871383141184, -1, -1, -1"
2129,"1128.8095309068265, 758.1777422421649, 3209.5493319297475, 773.0687020115149, -1, -1, -1"
2130,"1117.5329298494992, 377.23669612397816, 430.40874672417465, 926.5162024134987, -1, -1, -1"
2131,"758.6657969032337, 872.9886450791525, 479.3219165473722, 559.6806436398967, -1, -1, -1"
2132,"3330.003869579319, 528.9787904282175, 47.673975842256, 2437.8662536744655, -1, -1, -1"
2133,"84.04531109375289, 452.7246105895809, 4556.729194189379, 388.5813619925901, -1, -1, -1"
2134,"1584.981255434805, 498.93830575781845, 335.62973563957723, 579.914009368456, -1, -1, -1"
2135,"2986.874438419695, 168.76933009711314, 256.19515741133654, 159.3973260867167, -1, -1, -1"
2136,"392.3923981954714, 686.1796744857343, 248.1936435306125, 522.1935372948991, -1, -1, -1"
2137,"1543.0473177055853, 334.6853574159973, 102.49751814583416, 296.469150690166, -1, -1, -1"
2138,"1123.5359843157523, 146.4790407886261, 1871.9075019898214, 2450.9513213787163, -1, -1, -1"
2139,"952.0113301358535, 552.1449251695065, 747.7070577571371, 313.2853847272741, -1, -1, -1"
2140,"770.8131011764467, 495.64933552101024, 59.79549319990399, 129.3477538443615, -1, -1, -1"
2141,"829.3892222930331, 236.73182935498141, 261.22387651896327, 1190.121164549905, -1, -1, -1"
2142,"1171.7966991107003, 636.9538057926821, 667.6659183297038, 214.57944771161755, -1, -1, -1"
2143,"4077.613881124589, 520.5151369944385, 328.6964579123209, 537.2026056741776, -1, -1, -1"
2144,"565.1878299625093, 331.67884207052276, 639.8183211424105, 1065.2638183279487, -1, -1, -1"
2145,"2631.400367635026, 1912.0309909804123, 162.8190998321591, 1162.2565013799535, -1, -1, -1"
2146,"375.21971922456163, 255.280480002668, 379.78559909680894, 511.12940435499485, -1, -1, -1"
2147,"596.7724022488793, 121.34941895642942, 135.15807120648492, 1097.3990395877881, -1, -1, -1"
2148,"145.76903642073805, 790.845697711434, 718.767006227578, 308.0965754840803, -1, -1, -1"
2149,"1008.2938622926802, 178.01920965226148, 561.2734937810659, 249.92098537859968, -1, -1, -1"
2150,"824.9715709580387, 742.682312728092, 422.44498857614474, 1453.7511017396496, -1, -1, -1"
2151,"353.62636225418, 459.1387394859033, 474.0533991514255, 198.07505453885705, -1, -1, -1"
2152,"1958.907715655801, 470.57204770018586, 98.43204566152906, 1421.6757278762004, -1, -1, -1"
2153,"183.09074468935515, 2837.5806916966185, 989.2735935200458, 771.276192969738, -1, -1, -1"
2154,"248.65835302112754, 599.2380460896677, 73.50091619417343, 353.167292713195, -1, -1, -1"
2155,"973.0836339397697, 1011.7802221502791, 539.6748345968584, 1010.5370394017697, -1, -1, -1"
2156,"194.8968927387939, 468.7906735939094, 341.27176593427913, 612.1369718118597, -1, -1, -1"
2157,"119.9351951672645, 862.4472137713187, 272.3874619521514, 561.1741352408442, -1, -1, -1"
2158,"489.8206853022583, 381.44461156469936, 259.99730377695687, 182.9362823028505, -1, -1, -1"
2159,"775.3896920465337, 99.4618346662102, 2132.2867917611843, 1038.9330325949325, -1, -1, -1"
2160,"3685.278184141867, 347.57586462531054, 231.32096119340395, 408.2363430690251, -1, -1, -1"
2161,"708.8524769059737, 723.8400805690704, 522.6869801142856, 1088.6572341751987, -1, -1, -1"
2162,"166.79363341951728, 229.04152039644595, 346.11476759428524, 372.8606093710456, -1, -1, -1"
2163,"1094.8136045293672, 632.1171777685981, 483.71296486738123, 840.7651154783242, -1, -1, -1"
2164,"156.6868119147004, 182.03951035474157, 153.87384863929762, 353.43432287140837, -1, -1, -1"
2165,"759.4318396585287, 667.6761044225727, 233.39939727143337, 419.9598195577605, -1, -1, -1"
2166,"450.81204147959596, 1317.3896505546263, 818.4922890564433, 254.9312695386702, -1, -1, -1"
2167,"707.286158297764, 342.8953485220569, 1517.6663301563285, 617.0917193924063, -1, -1, -1"
2168,"1228.4268283390375, 1008.1687531501569, 182.770044439821, 5472.5752643869355, -1, -1, -1"
2169,"934.3619638213685, 256.83318690243084, 391.58319074063047, 1726.2528592232288, -1, -1, -1"
2170,"711.3217339705012, 261.6751543193453, 541.1317192838173, 637.7116341964405, -1, -1, -1"
2171,"496.02641654031356, 1987.1523334229187, 1063.5744956320113, 971.7887632130993, -1, -1, -1"
2172,"804.3708978175131, 874.5818093327445, 129.84419428607302, 188.20085289570972, -1, -1, -1"
2173,"362.1490707286719, 1526.288983484766, 174.01012958866974, 131.94291103684947, -1, -1, -1"
2174,"3279.5235252264647, 453.84030744055957, 278.8024211850835, 367.2143230582192, -1, -1, -1"
2175,"625.051195487423, 206.1837855278527, 186.30499646158538, 541.3109617554712, -1, -1, -1"
2176,"155.27208616886122, 156.52351020621893, 236.15897370627545, 1922.9334727300368, -1, -1, -1"
2177,"690.4819167596398, 236.0980129885482, 779.0924561646304, 1692.0572924502494, -1, -1, -1"
2178,"1124.798288745224, 907.3931550685794, 2256.343204033237, 865.8205919755962, -1, -1, -1"
2179,"555.816632564308, 6101.984303539884, 1306.8777763419653, 648.9440650201338, -1, -1, -1"
2180,"607.6518362978944, 3153.55949651142, 456.091775373475, 1286.4747220939032, -1, -1, -1"
2181,"302.57572683470954, 2013.3966522638752, 2241.59419751627, 133.1024975132998, -1, -1, -1"
2182,"641.915119541515, 317.2696152107446, 412.91297989807737, 415.65287499918753, -1, -1, -1"
2183,"300.13101333719897, 258.90639880643386, 501.40082902891413, 1392.2481826209298, -1, -1, -1"
2184,"1044.804231990101, 321.0718703148142, 584.6711226137201, 2062.1550989502357, -1, -1, -1"
2185,"438.4898838933425, 134.66260162962732, 850.6619751395709, 3508.503394826105, -1, -1, -1"
2186,"201.52919263416555, 244.15788055609892, 2049.767006464398, 326.38737659348266, -1, -1, -1"
2187,"964.0911175123639, 178.11725524061845, 185.27004099547608, 606.2549979843765, -1, -1, -1"
2188,"92.62318013083885, 1509.3457188540071, 554.7959208486125, 347.0597919819517, -1, -1, -1"
2189,"249.38247824458017, 1819.3489153110324, 708.5997271585778, 404.44792912542846, -1, -1, -1"
2190,"538.1004283963886, 779.8589756371107, 191.61104541637982, 133.2210114265894, -1, -1, -1"
2191,"235.52202282147448, 309.94965292563086, 96.80721648457774, 88.8503475049049, -1, -1, -1"
2192,"331.2164451269474, 1083.406257565196, 1486.4838616724842, 219.7251216717778, -1, -1, -1"
2193,"265.62633604913566, 304.7388993867547, 425.29405005917215, 1152.610177085131, -1, -1, -1"
2194,"1736.0541547114353, 68.9808780607158, 382.55624525543163, 6368.048215945726, -1, -1, -1"
2195,"298.61791043946243, 399.5608919471526, 55.60646972799444, 681.3586807890372, -1, -1, -1"
2196,"958.0264704451885, 503.5914511865256, 476.17827166796536, 706.8727494575268, -1, -1, -1"
2197,"208.15555287120395, 199.22459027151064, 1989.1147400036161, 328.5790412443615, -1, -1, -1"
2198,"375.3317223808359, 694.8654847274936, 514.9505885254542, 238.70846776161142, -1, -1, -1"
2199,"1282.0615698901784, 3652.861792377491, 421.42338573992737, 422.71803260662045, -1, -1, -1"
2200,"504.815485314146, 3139.80360541377, 1524.98926836898, 1286.6826176986754, 839.7118345600488, -1, -1"
2201,"412.14733807842487, 773.4024395456868, 914.0082672975149, 276.6618126442798, 1311.1494940032117, -1, -1"
2202,"929.9488290374239, 305.6620042322405, 1829.7438451797009, 1358.224802133479, 400.3792823077437, -1, -1"
2203,"141.82673206329375, 452.0274691540957, 438.67856633198113, 405.9736314455547, 217.018718394051, -1, -1"
2204,"649.7583096041798, 535.3590577139339, 117.84633162214648, 592.3898886823408, 218.18879494320453, -1, -1"
2205,"833.1783329372024, 564.7226302862435, 1156.5004858427542, 119.12154323634444, 170.31219332597666, -1, -1"
2206,"1820.5636380411702, 568.2998212741636, 122.11853016044715, 416.9006827217785, 1031.4476913682986, -1, -1"
2207,"2658.556954894708, 307.2112600283983, 613.4419709255741, 261.79321588300155, 12324.432764484403, -1, -1"
2208,"796.0527779163027, 370.39070795766725, 2213.2333823910662, 518.6090301139305, 1080.035369400909, -1, -1"
2209,"111.5722319308304, 336.8319620251305, 375.2252186476955, 174.30271409578978, 740.5506752346417, -1, -1"
2210,"585.4569850499641, 549.3355757380513, 789.6000369800064, 520.7531589832059, 1029.028426700728, -1, -1"
2211,"977.0203875398363, 545.2501228443199, 280.43418967152763, 205.54991067721852, 901.1888462203464, -1, -1"
2212,"2240.4243706226125, 400.2624667380799, 392.99933487717124, 602.0718940337006, 1245.026792575699, -1, -1"
2213,"401.2917249894294, 489.14640130410737, 700.2926451540618, 415.3741552919849, 1506.7930841655711, -1, -1"
2214,"1249.3956424648613, 4468.443010818874, 209.26271159782362, 1310.0417215726097, 1197.4292160498205, -1, -1"
2215,"4519.063992442103, 294.85054967928806, 1072.8851864151757, 514.3429046799681, 1520.8521861876875, -1, -1"
2216,"860.3369338653137, 1057.8973103780831, 287.3141394584092, 143.8336574946866, 409.49132160584793, -1, -1"
2217,"5763.897912921598, 1211.7625928873263, 2193.6244308078867, 868.8075192586253, 10485.430577532079, -1, -1"
2218,"1047.11160965763, 626.7930066102208, 861.6085654710304, 1193.1690616103797, 3039.3864587037624, -1, -1"
2219,"886.5650842557235, 213.19304497452254, 309.468149089136, 1705.1015724397228, 408.2193353500822, -1, -1"
2220,"787.198330454543, 626.6842127723124, 449.52305200782365, 570.2138352772, 498.52433848786035, -1, -1"
2221,"1114.3142743696512, 403.957424079774, 337.6943316219981, 379.8131150098623, 267.0187995590134, -1, -1"
2222,"836.2903009775353, 543.7730583761412, 188.00637684248898, 1009.5092166692559, 411.0194503605093, -1, -1"
2223,"841.7037892509262, 1010.1900427858192, 298.6110788234357, 215.50437166976036, 5164.779976632363, -1, -1"
2224,"608.8842320247529, 1420.4755989450632, 284.13314647173183, 1232.1143424506695, 440.857494435257, -1, -1"
2225,"1244.2371580291892, 1199.429942961473, 271.49120739306676, 820.4760598462107, 1607.5694697924446, -1, -1"
2226,"267.3818641738368, 336.2533691352795, 136.05060685124272, 211.37172829216217, 324.5745001756733, -1, -1"
2227,"81.74106967727009, 85.8188996178213, 4366.626352151034, 627.5264769682938, 578.3484753763216, -1, -1"
2228,"348.478618233831, 2011.8760718326087, 78.73142225869965, 2409.5428547780275, 731.5097749649101, -1, -1"
2229,"2488.753961720657, 139.5822265220252, 349.44213182076027, 221.75520786092252, 1322.0877930239963, -1, -1"
2230,"507.71612398988873, 77.82883266507562, 420.4405777298389, 201.35477463100986, 270.492507634632, -1, -1"
2231,"689.3782186368436, 353.5884621284288, 1171.0526758989536, 789.3411132569554, 957.7655755497576, -1, -1"
2232,"644.2155319350871, 897.4418402900867, 271.42020152028465, 93.36076014432366, 315.9008597348181, -1, -1"
2233,"345.13162524178404, 1211.0305343650202, 560.0142648082125, 115.73403892021963, 307.9671937655411, -1, -1"
2234,"160.9152773926463, 1204.0635027703659, 511.2505153042179, 978.7773301735982, 2135.1394152823955, -1, -1"
2235,"934.0341890432554, 232.3964410080508, 2539.9415777539016, 323.80879351347727, 318.34734099044385, -1, -1"
2236,"1917.7286299970149, 2379.7658071105543, 364.6699386458493, 1406.0598551336784, 323.07473447389503, -1, -1"
2237,"579.3014022140775, 2162.6393127632364, 516.0214899360868, 157.30389790912596, 4430.249146479739, -1, -1"
2238,"789.1052787660644, 107.79719760438068, 426.5153899663357, 1077.3482336244765, 555.706269202478, -1, -1"
2239,"4283.170619995843, 222.85290784960603, 674.6255461225727, 677.07342511228, 554.6653825183498, -1, -1"
2240,"229.34355871287926, 379.8320878220042, 81.78062416563557, 642.4372688092188, 303.8097892472231, -1, -1"
2241,"678.1570513166259, 1078.831839302357, 137.83310921485264, 893.7653526409, 2162.100282834182, -1, -1"
2242,"4303.816347591916, 552.8573105303387, 206.8886546593087, 1063.2657687782307, 409.57907540199966, -1, -1"
2243,"228.51081464106426, 155.14027922883986, 924.9294693620128, 435.764539999664, 946.3680835701198, -1, -1"
2244,"2026.6301046662743, 948.5067238936955, 2248.566152983868, 221.6948626050766, 316.6535887466199, -1, -1"
2245,"635.8894699205831, 1657.862489953934, 153.2964176403874, 563.2443097060916, 637.9601109225399, -1, -1"
2246,"267.47909483299554, 2284.5542517024473, 61.32642704065123, 97.44411512366221, 365.47199765536504, -1, -1"
2247,"919.7434744670056, 1008.8974787869961, 351.0502975317644, 629.2612011117225, 290.7771536542205, -1, -1"
2248,"1037.4528981695296, 856.1738056349996, 377.0909980832017, 328.7827716119166, 483.91614515218157, -1, -1"
2249,"173.14177257150286, 629.1441243517858, 492.5684731727708, 713.8569678492397, 605.5309063393428, -1, -1"
2250,"1045.1729936014594, 149.1486402120376, 687.7131524515895, 318.1672814562285, 806.6793367517679, -1, -1"
2251,"358.01662282158054, 646.839189049553, 410.3647907844136, 3693.3400992334355, 452.7395998910326, -1, -1"
2252,"131.96414145202735, 746.1188586668194, 694.5296137410871, 172.1681351141247, 313.17752753038553, -1, -1"
2253,"395.8612220333384, 346.52641301834865, 371.8411894845524, 220.13562100706153, 362.85641650768423, -1, -1"
2254,"1922.8027753599313, 166.76900035459187, 1446.44795407415, 183.6471920771615, 669.8902161742917, -1, -1"
2255,"674.9278399067882, 167.01432308773846, 617.3423724440344, 279.36181797422427, 1954.8336492986386, -1, -1"
2256,"6295.251240494691, 556.5564429810951, 89.16091631471885, 166.80319882017426, 975.399649153789, -1, -1"
2257,"1043.5584659932167, 248.92239042389667, 259.2089328923906, 312.5904526422026, 724.6294866794027, -1, -1"
2258,"1377.8010736622537, 674.6053655071477, 1788.5486885530004, 445.0078815213204, 4095.0357976408895, -1, -1"
2259,"1210.2545776249394, 2251.718256768743, 97.22201943744712, 239.80718279097547, 361.54254151808203, -1, -1"
2260,"854.5922140864188, 472.7955580901026, 553.0184224861388, 416.8536990923546, 270.3054685645447, -1, -1"
2261,"786.1622591616334, 1289.543253881826, 846.0381180001218, 730.3071282338292, 1476.8282597082018, -1, -1"
2262,"824.1892495295843, 358.4102326668292, 69.23793636563076, 1501.741428122576, 1218.5888460717472, -1, -1"
2263,"232.35892150882856, 81.8330055059139, 833.8109764673202, 182.1257317432653, 269.10593797667354, -1, -1"
2264,"2201.769054208242, 375.3633383011158, 119.4041429621719, 608.4863365074611, 4103.367389821961, -1, -1"
2265,"305.884048232104, 319.9948542093189, 420.5472382979303, 330.7093335732935, 367.1038664253997, -1, -1"
2266,"386.19586911887234, 779.7183048663153, 159.48804374636381, 2168.6799844771167, 424.33236939705665, -1, -1"
2267,"740.2255264629757, 106.72316193019088, 3720.0072383278557, 201.31011132202178, 1153.4371659543488, -1, -1"
2268,"1206.7103646245273, 931.591680564225, 418.59472479522907, 997.5258600857154, 205.06996628466192, -1, -1"
2269,"927.9807941660868, 225.57851707642854, 109.32537842135447, 1006.7933349900911, 288.42892753008186, -1, -1"
2270,"401.7281220723817, 287.8029419359634, 274.7014489452374, 69.6749547700336, 2763.595312038225, -1, -1"
2271,"293.32079845385323, 1025.7724458189382, 733.4146460072266, 32.18326764259471, 1261.1042945425218, -1, -1"
2272,"570.9259627264935, 401.7163218465992, 145.21136849336455, 195.0086566121512, 249.53274292625167, -1, -1"
2273,"76.06952394853163, 2003.2297603552433, 245.1491304621373, 506.19135210414765, 563.9786128003059, -1, -1"
2274,"879.4199771595951, 2045.8630979412337, 4235.834310429222, 886.3840067380542, 1881.816478470601, -1, -1"
2275,"2894.6550931980187, 353.91419357675056, 1685.9710206437203, 136.6526628274691, 3672.326634650968, -1, -1"
2276,"472.3240898379594, 801.5597262649201, 608.9367230115975, 1123.1406774958439, 238.08192390071608, -1, -1"
2277,"844.1009725438164, 380.7511962779203, 598.992051426434, 430.12230818077904, 80.90984012115669, -1, -1"
2278,"437.2542279354917, 514.5559433063158, 1402.6224620751545, 1743.9112629176543, 182.41348561267347, -1, -1"
2279,"4409.899804832012, 144.88802387332342, 1327.585976615415, 85.23682508692077, 865.706500037538, -1, -1"
2280,"265.1552139603811, 477.31464548447104, 475.4666757944285, 192.47977528665518, 777.0418376154172, -1, -1"
2281,"736.1926158133251, 1355.4023156557146, 82.88597516124457, 2677.777438680095, 471.8221577470319, -1, -1"
2282,"319.7012608757852, 734.274744229118, 519.3081434304881, 104.40899732612112, 235.21089653494562, -1, -1"
2283,"270.71483121055996, 130.98917976219164, 56.24951941471544, 422.60958068621767, 4062.8578516335215, -1, -1"
2284,"890.5698370725547, 152.50529163812672, 242.4084363326716, 77.00304524520413, 4128.428987799345, -1, -1"
2285,"3378.2293478845922, 338.41283631561123, 469.3335842152107, 431.3323372240926, 792.8155687224936, -1, -1"
2286,"1383.7756213882408, 222.37010307416722, 1237.5634034359423, 330.49572191234614, 831.7464989026084, -1, -1"
2287,"1929.429800856886, 224.49070757278167, 1358.2726100504588, 190.45143960955272, 260.4895608869179, -1, -1"
2288,"1368.038593976371, 1346.540212759673, 222.14379001613403, 1037.1387070062162, 942.770376862634, -1, -1"
2289,"944.873969088584, 278.6330780305893, 438.61735554348314, 291.90980202220726, 713.5774468044145, -1, -1"
2290,"337.2913001105775, 283.97224758523686, 547.5808521168394, 320.86907693149635, 3690.2744861310975, -1, -1"
2291,"88.13407467929636, 376.71047794167663, 225.75025475852902, 393.3266425375681, 288.73914346697967, -1, -1"
2292,"511.03750410723114, 3030.477328605217, 318.92977584595695, 1890.2634125957893, 622.4455252068842, -1, -1"
2293,"529.461447765964, 85.8793716151186, 1201.1252936801943, 327.47634056465955, 9521.876411033014, -1, -1"
2294,"3391.2804024088623, 459.06565847141394, 969.7841676983261, 329.90454855170225, 1240.456997478094, -1, -1"
2295,"1371.5134347741339, 1503.7406781417692, 734.4666870484739, 348.809702576268, 1287.0853643229827, -1, -1"
2296,"279.6928744587764, 439.52659399601777, 268.89690954098035, 336.1875176189396, 206.55795341778608, -1, -1"
2297,"2190.6760620974937, 541.5886466956831, 605.0324027816745, 623.9664408149395, 2609.427655167523, -1, -1"
2298,"1062.947521504334, 122.51985589319688, 711.2323649852815, 761.7564913466412, 1131.0653074314228, -1, -1"
2299,"2246.957548077313, 818.0681472913252, 614.4225341993756, 210.19924420324614, 1440.9959890500427, -1, -1"
2300,"327.62326856121825, 431.59329995574785, 1074.3395005098923, 222.69966467410947, 245.57340571182456, 2294.179320331496, -1"
2301,"284.74122016926435, 881.4107432994288, 1121.2133554323066, 2223.4470573455706, 64.03869045024354, 236.14740502008019, -1"
2302,"365.07235508270423, 377.8494247750466, 516.3318399673635, 780.3217749364227, 507.8954277673072, 150.7544444845137, -1"
2303,"573.115543891482, 993.5171249838309, 721.5117976738458, 2781.1064549501125, 550.1545426361861, 317.72407439172264, -1"
2304,"1063.8475286948299, 196.8132632534501, 739.4379731759218, 241.46022883791824, 1503.891085335464, 3309.0146182940025, -1"
2305,"2165.4747255026477, 323.78902768341794, 257.0974936885394, 683.2682629800804, 151.25739313296907, 500.8382758501408, -1"
2306,"40.60713573993682, 570.6707872028474, 538.951419135341, 2337.5314679181015, 375.21790394563885, 274.0599834575029, -1"
2307,"114.73580419896501, 984.6863620937918, 2102.401788212393, 180.9786549142329, 365.8792948441727, 213.64027380207563, -1"
2308,"628.1120887492591, 222.4069396673839, 302.1714263354003, 913.8978145563891, 279.99975684827587, 632.7905799520884, -1"
2309,"1415.5276118291677, 810.0523057141525, 65.81913454489816, 2698.0934334788876, 186.55560009651666, 246.36419088603486, -1"
2310,"1824.0951132888013, 1369.2382556457278, 592.3359415521322, 734.0691277623209, 212.95878395838628, 819.8437565942465, -1"
2311,"331.164732807915, 43.481386979871125, 341.6107319606505, 238.77144213746078, 317.11785529589605, 449.11096772443375, -1"
2312,"333.6948387907335, 734.5439349265164, 522.4668488397044, 84.29430448964106, 1715.045399451077, 614.1726646997572, -1"
2313,"681.1683919752272, 292.6435214475599, 1257.5814388568685, 456.28922295995795, 253.26172309259456, 659.3642493170715, -1"
2314,"1066.997501879921, 469.14175144314083, 278.1734348876845, 317.6255878806438, 158.67355042378756, 4870.483594967232, -1"
2315,"385.2634315708469, 925.1331547026203, 139.03999593153125, 3947.9967262823056, 2093.1145449628, 197.25997173405835, -1"
2316,"1789.6582404877415, 348.90455223161007, 99.51142629020978, 260.9749115039798, 835.6476105157941, 743.9200643018495, -1"
2317,"533.1132492994702, 364.63917016304345, 551.463084060301, 620.8770291029621, 71.86389665413395, 486.7909825752738, -1"
2318,"141.5071123788462, 789.433895612347, 219.5803634898351, 78.79180202977969, 157.6087682581898, 226.94799614513917, -1"
2319,"738.2896890172681, 1368.0600591078835, 150.12847576271034, 280.8130136321083, 67.14958122350787, 861.6350056629364, -1"
2320,"561.4676377677845, 943.7919502449063, 445.0727699514265, 517.4781240509601, 3670.561911644915, 1840.8026555392594, -1"
2321,"2003.6732704892756, 275.4019206219308, 117.62452974824362, 445.7824884233797, 688.7848843722801, 3378.5078161064635, -1"
2322,"1125.7624493335877, 623.989554852939, 139.91251435045115, 1526.4421389766253, 358.34875386293743, 2754.7401812945172, -1"
2323,"107.88094939869808, 7299.010228682606, 182.6023048118043, 736.7861413406827, 239.71115449742223, 139.74005457619228, -1"
2324,"1017.8099101852325, 838.4824627475059, 2434.9007734341903, 143.11595475144688, 747.9981994098076, 743.9811849207057, -1"
2325,"1290.109381599353, 79.16009243478277, 341.41450316490545, 1260.5801615599132, 1308.0714557292647, 93.52666433800077, -1"
2326,"727.6757116441495, 8748.073500878167, 1276.6711024626816, 1012.7270883143402, 111.12852375218252, 733.7270757542943, -1"
2327,"886.7744134553869, 1637.9927776827774, 107.30657462680063, 185.06447199307567, 321.5858366524108, 328.75160081847383, -1"
2328,"459.78693435377454, 3065.3091792131822, 306.7831073872892, 75.28420408869675, 282.3938354924823, 852.0238514679573, -1"
2329,"1077.7381249131188, 233.55993624032436, 208.3875149320786, 675.7207611819524, 228.52610178143556, 713.2483106232469, -1"
2330,"357.8979509499504, 319.64938041539585, 1565.0600600120792, 225.43274390093967, 613.2296765781066, 166.4951468530549, -1"
2331,"314.9351643699713, 374.76462582744546, 604.6428929342483, 1577.1265323885266, 626.395095715525, 162.3452021900924, -1"
2332,"695.724408300773, 564.929048904973, 1432.5058594936113, 779.9064942835403, 554.9382037117748, 1142.2546547812135, -1"
2333,"389.4016508137824, 228.3950740244194, 235.47465318097778, 448.3360509069707, 691.7373701028672, 1294.6942608700201, -1"
2334,"828.5800574316345, 767.3550559609324, 3793.684714349956, 1594.2240987068963, 238.15649014899708, 992.5757695066529, -1"
2335,"658.657332615958, 2862.750530202251, 442.5341345941794, 285.8175881242572, 513.8790151855993, 81.91120542896775, -1"
2336,"177.67157440427764, 985.6494655780609, 113.00086728694012, 119.47464259955905, 529.1784487557431, 519.3817608584002, -1"
2337,"503.39128071475204, 298.21530720907725, 118.65500155924367, 66.16109381066703, 82.02785808524486, 931.074934595275, -1"
2338,"1227.9412626494106, 698.7983026231872, 105.26947963133674, 200.25886005483432, 432.5411382578311, 844.9091753416297, -1"
2339,"319.150239257518, 123.88389944155075, 364.1798016633096, 415.94906631068613, 235.68360381239322, 346.89528084177374, -1"
2340,"662.5239987252685, 364.56133576464737, 279.3175723591556, 355.1507156659436, 235.89953826331032, 774.5322781971634, -1"
2341,"716.4645579241076, 639.6421974644649, 575.4909541921513, 312.5923668985906, 69.06083406420585, 290.94231996875243, -1"
2342,"1702.1609524385956, 1863.4878378379995, 293.55201299325415, 3260.877714864508, 226.61005414740927, 575.7952683874922, -1"
2343,"166.76805216848587, 764.3023419576467, 222.9806041801579, 184.05285596378033, 524.8294334956076, 301.3519566453443, -1"
2344,"442.66071893018636, 446.3512808395467, 2028.2357694489529, 1323.98889683614, 905.9660187419452, 676.0074402076416, -1"
2345,"1044.1794487658826, 346.3841202322273, 5880.517779434218, 107.60486211741609, 797.382834633486, 400.11778453765885, -1"
2346,"867.8115411642943, 345.1557104270406, 284.95059454069013, 476.6602624731545, 352.36178926855075, 2103.1914493666504, -1"
2347,"211.42640674092388, 531.507565400938, 112.60805795819739, 831.4921592396233, 83.67939222131112, 111.57920331432358, -1"
2348,"1046.408663077204, 322.22030339995797, 353.3607548844853, 311.99847734796134, 1396.36596845072, 3876.615812632628, -1"
2349,"13524.295294076792, 268.73338939162295, 597.3454295039609, 172.4670122525599, 258.2584199390024, 3446.520073541958, -1"
2350,"1334.2666617611928, 271.913665833253, 1353.0558277789016, 316.47394680754377, 370.67611056520593, 332.4005019165475, -1"
2351,"716.9652151095689, 271.8440186346403, 507.60020525111594, 766.9898645409805, 107.1645409901107, 871.8131238758638, -1"
2352,"377.7325205733339, 291.1323031704845, 297.84397982004333, 346.41915705291274, 3857.867262824713, 347.8294594847403, -1"
2353,"506.8198322550363, 279.94478206035205, 333.40967732721913, 1372.2568849009203, 325.95562139042016, 279.21215474716644, -1"
2354,"1471.845591083231, 990.3472995297866, 292.7625780576627, 2167.03419149277, 573.5058274500487, 513.5934806410545, -1"
2355,"825.8787111321398, 2286.467403945033, 411.2061993546621, 239.85706757224995, 472.2722065084832, 1387.4808038531953, -1"
2356,"298.08351292016283, 2849.279654212901, 1142.9657406575386, 122.00535316536622, 591.3798398533818, 477.57884754637746, -1"
2357,"2228.4348875629903, 164.7707716532389, 239.490948159253, 194.17617736286556, 90.80405217039835, 1519.3553998996915, -1"
2358,"363.2646896675993, 1902.168903829048, 262.5484782456689, 492.23407684436586, 517.8003099460616, 610.8481904111661, -1"
2359,"711.8398514615101, 567.2668169737767, 1254.4227325096194, 150.61528834920375, 456.8799668762874, 49.765750993344966, -1"
2360,"433.9702287591013, 1028.6662591650913, 424.70022966320977, 297.919791415695, 501.1099791734585, 364.36030933846416, -1"
2361,"1199.3682326986873, 375.1458395734537, 393.60752979494293, 359.07740859689795, 568.1380016934538, 448.11575113479694, -1"
2362,"69.46875083626955, 583.0361970392786, 333.11719100484027, 601.7260557368569, 383.3814492575903, 217.28244754743835, -1"
2363,"1001.4627039709852, 1385.8932433666537, 601.459252290354, 558.4124252602963, 5779.817457459688, 2345.82296515294, -1"
2364,"1127.3230560610464, 981.952340342358, 726.2137359582198, 84.66103411019438, 523.1967890604176, 445.8997642431305, -1"
2365,"327.7211681618616, 809.7600664549005, 92.84067214902846, 1835.841498557866, 271.90077326511914, 2807.885271941905, -1"
2366,"698.0996044737636, 1017.6170227959337, 388.542057756293, 471.8989564350992, 531.1922330162853, 781.0732084967038, -1"
2367,"730.2693071666639, 484.7196228176604, 2949.5770220039017, 241.10700125276426, 3218.2244863591914, 1614.203220448884, -1"
2368,"995.4578763215354, 1064.9945189208888, 1034.8153286823167, 303.8172041967621, 448.47606078540673, 646.028505610546, -1"
2369,"887.6491761912023, 1612.574091867875, 285.74874232535893, 847.8861852534656, 115.21602031658857, 671.192647139433, -1"
2370,"843.8801597095794, 735.1759460944367, 625.6106435368621, 2263.7065815278884, 471.7308368254757, 271.1589871880628, -1"
2371,"300.0470404102567, 2277.2397436530387, 472.3703025444994, 117.56793041744214, 994.9656496875191, 1916.851832848472, -1"
2372,"1280.5623552588804, 2916.124242012479, 879.0658882638318, 514.7629918039299, 621.8685571863302, 190.9442357638793, -1"
2373,"603.032439437256, 701.5470380388688, 1438.420779452219, 239.6764486007459, 519.4378320307089, 765.365939312774, -1"
2374,"4070.2137092137127, 453.1205491153876, 1144.7809315247698, 284.0822893276241, 155.42287302846836, 1138.5169472969949, -1"
2375,"369.5708048711448, 1205.8088308804572, 950.0218599914273, 453.7463354355476, 446.6667324861224, 412.8017326443986, -1"
2376,"1494.317033922732, 1046.1293516434198, 1978.8009048066524, 349.8655028878511, 276.5930627861052, 209.39264894965916, -1"
2377,"155.21355575782786, 882.1149573729701, 487.2223971379951, 370.49523003857735, 171.19264471793804, 624.7320754867449, -1"
2378,"662.93010325138, 2666.6526166685185, 368.2796298723244, 715.3136917497336, 219.4320077028112, 451.3263242825918, -1"
2379,"356.9957064568241, 232.7464817230964, 142.92045681580436, 286.66399651157656, 715.7108231381018, 263.71574821761055, -1"
2380,"382.6071959058907, 600.9058260371743, 400.07291918872585, 430.91836348939216, 99.99082328305903, 687.1018906005561, -1"
2381,"368.71458369744363, 4245.114403669179, 555.8286158685324, 876.0654318606985, 1309.4448071301872, 181.98235608477148, -1"
2382,"955.4671877948947, 1747.5012493332158, 1263.9990528010796, 489.4771684890559, 1271.0222025905757, 734.3455895280333, -1"
2383,"186.97017388310618, 666.1068486641534, 710.2734342313569, 808.2714970791268, 218.3138525928389, 163.61919774783564, -1"
2384,"276.47042928146794, 5833.806586320281, 64.97728172281474, 1774.1952850231507, 534.3163776396711, 273.5957581749037, -1"
2385,"875.3673213246212, 408.609104153491, 483.646643780273, 332.25577706263925, 656.6128384392227, 5398.842967709184, -1"
2386,"231.66338703233836, 1336.3010323501992, 1577.0097965954972, 265.17066838219034, 259.28460315493385, 60.01469249677199, -1"
2387,"991.1988700103255, 820.0430927515594, 486.05520527833653, 69.5966950068242, 937.9622669187248, 2219.6418430445488, -1"
2388,"238.47322619322568, 290.2587016710864, 411.0410269836907, 554.038207363693, 140.92156037061397, 1275.949858088375, -1"
2389,"1518.4336360463253, 187.84522700174782, 489.4329008840046, 516.8127398103411, 126.24401660031306, 1541.4597141799563, -1"
2390,"1540.4904457507166, 1522.7029000121527, 91.87757339333818, 421.7993157085301, 71.56120466941994, 221.40337658404556, -1"
2391,"218.82739833657223, 900.6705214698756, 749.4204635939313, 469.68337036559586, 4802.2047596800985, 203.71360011934965, -1"
2392,"306.7412015069094, 501.2606958672472, 451.60547963217107, 236.3503826493265, 489.3142256463986, 451.73194840372406, -1"
2393,"471.95010927246494, 734.7311666933782, 90.67463517878608, 940.5062829035688, 91.8829763403958, 123.48727030328024, -1"
2394,"451.6882668985267, 365.79707495746715, 181.4241006447496, 199.21677506440557, 2107.26533692493, 1131.3879251533544, -1"
2395,"1034.6003589890393, 156.21826752633828, 569.2228780432442, 552.5929646995617, 170.95186715314446, 1590.3311592823272, -1"
2396,"921.5798614625514, 524.1902042107761, 1081.8357897187502, 69.44139388217584, 383.01222491004364, 2460.937590204358, -1"
2397,"2477.3827196490865, 289.80366807558613, 1105.906630822261, 651.9769574117773, 204.856666510989, 336.7356680264321, -1"
2398,"1052.1009930462606, 1007.9222185818761, 450.85690898012297, 679.6369407746181, 338.037132997832, 921.120674145263, -1"
2399,"113.48029214123991, 1729.2449891656424, 1755.7319679488069, 251.73684242726776, 71.78160691950445, 596.8385379495712, -1"
2400,"101.51757362478332, 133.2209516026413, 1149.5041894608134, 462.11803599539843, 1145.4885780169698, 313.11468307813436, 1991.5150096982043"
2401,"6357.817382478048, 749.4367247336141, 678.0957721126332, 575.0266585061478, 2808.4330397665994, 326.84422092026955, 211.75629145716744"
2402,"1763.0850717820372, 704.484389705892, 383.7228863163791, 927.3147878201265, 147.02034736814335, 57.60439364306181, 153.36375777178944"
2403,"457.06702407664363, 216.52255277162203, 1423.7200284162998, 88.6128378015726, 475.35029810540027, 1233.8821596313976, 784.4067395715135"
2404,"1575.6723776208585, 377.6246159384464, 284.91498276225855, 206.87791367718987, 1353.932990848716, 115.13358464056296, 1831.3827625767185"
2405,"429.6582230371746, 91.52158623129085, 1139.609038738949, 894.810920137594, 240.9994562936112, 963.9040215817286, 546.9945040091902"
2406,"1548.9865084046885, 664.5077655007404, 2659.7294494963758, 114.18431267450498, 512.9759594394379, 262.748337754113, 212.89078001416323"
2407,"453.1106952519367, 1469.0721689806362, 377.98248036201704, 461.60448678788566, 177.50533951589216, 187.8104286816977, 388.20041610615226"
2408,"639.56802037861, 241.36224101855169, 2847.9254319195124, 220.16408007349392, 280.992638076316, 1343.645066635324, 1804.3047895671639"
2409,"2213.221325156241, 106.66407831175923, 380.926046636379, 866.9263017448097, 277.3814003524231, 431.76924537930796, 689.1650975774013"
2410,"2281.812427152258, 98.78988370011719, 108.65351037917162, 127.00668812438641, 250.60353654308068, 700.2676690935276, 197.65943420163848"
2411,"737.2790562739441, 310.06555227083123, 3949.952143235946, 312.00510828882, 453.9261822601783, 434.6427081751313, 83.29397279446773"
2412,"387.15505092355266, 511.47887817532876, 120.79348730717936, 433.93890063049184, 263.39252481447966, 550.9135323344448, 291.1466678850657"
2413,"483.5641373818619, 155.93307740348524, 186.93489010345277, 158.53666600842672, 667.3651598795163, 302.06691648726087, 472.2761756161541"
2414,"790.9131118957614, 1101.1983106135194, 691.6616359891099, 868.558123046907, 628.6349236913396, 533.8167616592852, 599.2516808681149"
2415,"501.47933832705417, 7523.086797440988, 503.38663337200325, 400.378178557998, 252.2473881186728, 90.4918132019744, 235.6457605788821"
2416,"543.7215247542279, 668.7039594886253, 145.22794542240842, 326.3511746816903, 1733.1783693051252, 114.25502376404155, 560.3198521094229"
2417,"210.7004830955887, 403.365653161574, 1500.325119817834, 210.4975289653246, 143.3334955096023, 185.96908686881747, 1158.05003175549"
2418,"3552.6519266073255, 62.15667002328087, 263.34226857571264, 720.1600287461586, 279.5083188779737, 331.6162105682272, 2171.5959205908935"
2419,"668.3972500813262, 5707.864351030945, 172.27315312612052, 902.2528146892695, 486.31286758547515, 128.66712485227185, 464.08398226674143"
2420,"379.8820560797742, 1259.1857555630513, 582.3669575487461, 294.7770841674145, 2661.4897866677525, 100.37422636249788, 2680.7267890122152"
2421,"1966.7699740530045, 115.38951788940031, 369.3477027034809, 1917.259442085398, 60.624661631222274, 283.2744677256466, 82.45089722576645"
2422,"555.3777830755278, 2202.9125362613113, 2815.822503640993, 230.35203839063323, 61.168378479988995, 1414.7914668714618, 2731.901920203043"
2423,"379.9701510933415, 279.25341827675203, 109.97377477292048, 590.3583747246414, 292.9961508523832, 155.4072838863093, 446.9883191152961"
2424,"475.04616749089257, 450.2742592529791, 190.4864869890334, 1599.0606855180108, 489.26298944829244, 345.9269261544068, 560.2452718944678"
2425,"1339.2437162800823, 38.673649139940835, 1568.3303549798557, 389.2159489880131, 190.31794496373206, 4030.0723432889336, 580.9288491992965"
2426,"526.1698996153806, 675.3116820627811, 216.11091141203946, 663.9912574125701, 193.67645372366346, 1706.7219759057916, 5518.105085242053"
2427,"676.3090586410383, 697.3640963846232, 738.0415380665246, 225.35746480902193, 697.6891637970214, 569.5590607200444, 2543.9725744980938"
2428,"110.43375217734621, 828.0356741414812, 326.95811616064555, 550.8418950205142, 187.73471235041075, 2348.8775159505253, 490.65866571043756"
2429,"606.3693357918584, 924.1089822439974, 432.09310286951535, 1186.3296746547633, 1022.811632949463, 843.4979468433534, 655.5104640867365"
2430,"203.78296664732017, 785.5141726317493, 943.7268929705956, 305.7118452539045, 408.3310146940049, 394.56017317390024, 860.4802558856966"
2431,"733.845784677469, 3669.048957308189, 902.9267870621471, 1041.8081663471166, 226.4049288057432, 590.8431408777419, 1481.5731285073796"
2432,"387.62261634709205, 7531.903004149566, 188.14809138857507, 182.68454100592237, 353.16743974209544, 330.95895411203423, 356.05157545626963"
2433,"706.1640176124209, 316.9795850759034, 316.5353205041234, 2084.9924693651938, 1115.944347820956, 416.4593425650757, 177.60414278929912"
2434,"150.88389840792476, 900.5271002549534, 74.05139072815909, 289.58635681942485, 321.12328062349417, 1989.9884344827503, 546.6900582462705"
2435,"1090.1005603682415, 1037.0726093443056, 416.92507323378464, 674.9442394825015, 1120.0239725875756, 372.61236811664327, 576.4507015163554"
2436,"90.85538607310278, 553.4474859118102, 1555.5730766412937, 177.18371682148776, 209.192205837768, 444.8274580686236, 2271.007808406535"
2437,"745.7855031388375, 242.41345926917882, 2249.0346677145394, 789.6330806552594, 1133.5908383612527, 884.4570408952983, 1086.783759113951"
2438,"2471.460538304762, 1422.8397111662903, 140.9295226931485, 610.3094389084832, 324.5405968508938, 378.08747094335706, 345.92202482216317"
2439,"66.96620477495267, 387.5817270227755, 273.5069009832235, 843.4322603383906, 270.5114202843091, 2724.010971230052, 411.38613417896937"
2440,"491.3794039862005, 117.88000187280306, 159.03898289103975, 739.7390719058019, 694.7635756265254, 263.52825388085284, 2241.5641135448955"
2441,"1840.9637903766306, 206.8148637472325, 419.22357628117, 243.1425281966171, 432.13794475307503, 229.0941068806066, 4057.1844838126276"
2442,"1938.6835598280402, 315.3353455364728, 388.76940022064616, 2241.0521783256954, 76.69017993141557, 309.9381097389735, 407.50515715618303"
2443,"367.85169824892887, 203.90096651959533, 1117.6686365035769, 199.3609766014695, 1144.5394561856135, 303.9132929036599, 560.2889028232375"
2444,"667.6688068493668, 1533.2055900086593, 137.43477453791022, 1241.7372727829525, 3950.9547104982826, 307.4347525425979, 398.29363831416765"
2445,"492.4095299824103, 48.617737562643235, 238.3969291089587, 116.52607344375166, 4874.602441525239, 528.1348443383421, 1237.9839814468137"
2446,"684.1608814203095, 664.4681617345238, 1126.3372457227247, 2034.6364327105498, 374.3187634418869, 395.43431718725975, 1630.218183543198"
2447,"200.92794867358998, 290.9594685598975, 1148.1649209377156, 287.9065435790408, 1985.7130757995706, 591.5904713847161, 141.50778334450206"
2448,"1450.9129801467425, 334.3146340486004, 99.36386139854046, 815.8828552807529, 47.89767995737894, 2628.703518654678, 1117.3627456867523"
2449,"390.11055945122087, 510.4564380693537, 199.38139408259735, 1313.6722103750376, 281.4452643919427, 298.81528221858565, 367.90312284637537"
2450,"696.9149890900146, 458.89187111143923, 63.459926034320056, 339.45448653113516, 565.0350253206683, 220.96771573170406, 1309.708982324529"
2451,"220.06861428090585, 982.5754395938826, 686.2780569303056, 900.6430708684179, 807.1344889512983, 462.48326608403517, 564.8472964822435"
2452,"1835.974580128725, 421.5425396082045, 870.3256601013704, 616.8355851504687, 253.6146993326662, 344.0033532696546, 709.0659232225037"
2453,"641.2833335316783, 766.1656579880896, 385.3961651408737, 1881.3132620523772, 88.41253808401876, 275.33346814087656, 741.2659952577378"
2454,"746.4824442192361, 155.33901126378015, 2132.6507292696815, 103.60597165959518, 587.2461016647742, 753.2985536826781, 151.8379887160217"
2455,"151.9689571081439, 157.61952663322222, 652.4941872838782, 248.41625832314918, 220.74957269870544, 174.55040823750295, 80.45414189840163"
2456,"924.8888906490529, 133.7964186629499, 95.60802911054695, 873.6668074787731, 1437.4944519422954, 604.1013486128321, 446.3454603693457"
2457,"547.128227518006, 2496.981365563988, 141.7352053119355, 446.81258868915296, 1296.2219318208306, 447.46455558441573, 381.9871133727707"
2458,"2920.1679163417016, 326.97192054773353, 292.43786546159265, 340.17889835735923, 137.85428638383246, 689.36253784503, 151.81017494030613"
2459,"4123.462524482426, 934.1139259999082, 901.5106311299892, 576.3197222749566, 301.3959466135125, 227.89821764358973, 521.453546241215"
2460,"1441.7542340869932, 1250.790368648687, 1101.987235223223, 571.1897587019622, 125.42183985095137, 304.5881165109661, 222.70746674966455"
2461,"230.26775580801774, 502.9198507720474, 694.4978013481591, 6689.525199356483, 359.3027372478738, 2928.309587083169, 433.2123403204457"
2462,"966.1273771959461, 333.2035083965053, 104.56466777758331, 425.05778433039944, 480.53940820917956, 146.42912517693807, 2624.634040254269"
2463,"539.0650689775186, 1964.1005552476786, 995.83432736842, 79.40325445284628, 2051.590666558358, 1179.2915130836764, 395.0415430864847"
2464,"1063.3182157254007, 272.57386999857056, 324.09128416840014, 182.88739550176814, 444.56540168903877, 177.78997215235103, 564.6420329402017"
2465,"184.75061403044703, 308.7782774680001, 161.805474941495, 173.11713605691594, 350.9823122558903, 562.8133678965528, 258.1716174907394"
2466,"5645.952548954309, 252.13351685178674, 859.125070961017, 946.5209340988993, 2506.495848213496, 1458.2636073160834, 464.77476399788316"
2467,"547.8395079448488, 370.4789298944867, 3288.2309643695653, 772.2906633626959, 445.98147162179987, 591.4879178636862, 401.3101948566233"
2468,"1849.617006024352, 483.61182784664754, 1437.1467611828834, 540.0305617899226, 242.5252552404102, 597.8236569845851, 730.9172216183513"
2469,"9945.406594534645, 1107.9038424678654, 204.39959934926952, 896.4610146204984, 734.5898278632344, 2900.8424666433416, 892.3372074025974"
2470,"1378.7335692689887, 113.12845845101303, 277.4365369066932, 264.7643659373059, 279.28104559850726, 455.1566862577513, 714.9771162110297"
2471,"562.1207521365624, 444.2076299187379, 457.4039546541776, 1475.464404744135, 369.48955893236894, 424.4212000845871, 1379.8813827254432"
2472,"55.87895674344138, 3610.4364716414116, 188.50847036042066, 813.5233118024312, 303.8483619735907, 475.8504597936218, 752.4469435138835"
2473,"191.1997547059649, 797.9689641940689, 1005.0618852966783, 93.95702383471641, 446.24607436949304, 610.369783710938, 630.6345097479083"
2474,"124.9131098002095, 1466.6560259969563, 384.2085643551909, 609.397707455743, 286.65341346196124, 179.95521731688905, 253.03316862531977"
2475,"1700.5780828993177, 193.75950999394445, 717.3982815420644, 737.1374188032505, 158.4553626765512, 237.90140126929197, 118.80115229745095"
2476,"169.5351329188913, 734.9523560735325, 798.1058306396764, 488.4317393733118, 289.06967509432104, 728.8264532744141, 452.57874783807085"
2477,"345.0212939356301, 75.21070756858211, 1309.7445239324243, 265.64359764135594, 1043.3042629576794, 306.95055257351044, 519.1600975717453"
2478,"1301.1197339100809, 646.9956932299841, 1150.6849228608367, 831.7376157308679, 625.1367467111195, 57.241070344942926, 1605.387838491004"
2479,"936.2200000280552, 2260.896257178472, 180.989446915732, 2510.763465406784, 253.10978355808484, 58.40385352046711, 437.43484845575693"
2480,"659.0218376266117, 603.6964621658659, 176.2880015714504, 166.84360274053958, 289.3978517033149, 377.7978383519005, 314.9234361166449"
2481,"1282.230140859702, 1542.0634957676584, 474.8132479111871, 49.64436661465846, 1665.8489716308638, 361.3891954171591, 341.4872004441845"
2482,"115.16840819432103, 8636.557699313867, 127.09782096749552, 1009.6399410857539, 261.73648659369445, 903.9835571097937, 195.80972734809814"
2483,"245.21200568072857, 128.91661459472877, 1324.1220383573109, 1087.8565739494447, 119.11334587120554, 1092.990462447722, 741.5851884169906"
2484,"274.77152705500225, 935.8424534745201, 230.96059166805787, 602.1475142525289, 75.3594176789684, 1357.5408097155798, 5326.5661024194405"
2485,"97.82028861065646, 944.7239407997597, 386.5268441604276, 231.29690361340886, 1820.6892175476896, 298.9819507718614, 817.9884818522031"
2486,"1550.3900370677698, 304.4109818881743, 770.6181762941922, 1169.1029517967338, 178.19225817976167, 438.8383776286944, 492.9370941192647"
2487,"338.0139590461073, 1309.0583726690313, 437.3611771240727, 342.8888363855366, 510.07762489304497, 84.5453816145615, 768.0808887891243"
2488,"257.07053374422827, 336.4901273026775, 2165.2096366414066, 613.9095523546413, 1028.3917355823646, 1137.886328615054, 202.35815352692057"
2489,"1219.24698258509, 1087.6698155001397, 506.6450971535542, 563.227144692929, 310.81074963594983, 342.3494514089738, 839.6258950324305"
2490,"232.74411157638312, 354.0883999828794, 6024.807571380283, 170.7252542262411, 282.8196701433979, 464.72717101323514, 340.44454633743186"
2491,"2691.1896220364188, 7229.371871947379, 131.20911033619146, 696.4422258111598, 317.44822023862054, 587.7606806204471, 606.0878587818574"
2492,"1006.9880696084326, 251.98883894574146, 3881.0577566754655, 401.20543888659154, 246.78646106230144, 309.90674515198964, 254.02801901781203"
2493,"1790.5143398733426, 2379.169090611914, 1661.598522923961, 957.4559717330073, 284.4202506943199, 605.6916478345618, 208.71311641215806"
2494,"243.3399136862059, 151.89392140439926, 771.5797383228474, 241.00406296795845, 713.9579027858824, 572.2252620004263, 124.66535828226759"
2495,"589.8930237695342, 221.6061775857659, 316.46851311234553, 1056.110917687174, 563.1848173825048, 186.464726794667, 166.8871931457673"
2496,"504.38726350917045, 2937.244045049624, 489.65485786441366, 786.6381433241293, 843.5944399576402, 300.2864070743375, 440.0990272729508"
2497,"474.72017768997716, 243.40203776788354, 541.8091711625547, 696.1055467394572, 2429.0519089378336, 586.5815254572881, 475.25837397834334"
2498,"460.39432015595145, 243.5829315350384, 2057.3949767448703, 107.6207751504807, 200.2330753527292, 561.3717881101159, 5406.4543849781585"
2499,"2129.8385495769426, 459.8699865251197, 325.3106192976265, 310.6687773827101, 339.9106951052503, 171.9829214725287, 1478.4712980113381"
