graph_id,0,1,2,3,4,5,6
0,854.4617,1775.2446,155.86366,-1.0,-1.0,-1.0,-1.0
1,424.65176,504.2948,867.73364,-1.0,-1.0,-1.0,-1.0
2,519.1222,177.27884,344.3994,-1.0,-1.0,-1.0,-1.0
3,303.5923,685.40546,222.09537,-1.0,-1.0,-1.0,-1.0
4,2689.4312,222.8126,5015.9053,-1.0,-1.0,-1.0,-1.0
5,87-1.03534,150.75343,1752.3839,-1.0,-1.0,-1.0,-1.0
6,293.61023,261.05368,121.440865,-1.0,-1.0,-1.0,-1.0
7,1293.0247,921.4664,239.25499,-1.0,-1.0,-1.0,-1.0
8,333.3607,1937.1805,75.16273,-1.0,-1.0,-1.0,-1.0
9,2540.3052,861.9556,304.1064,-1.0,-1.0,-1.0,-1.0
10,476.25378,139.1002,1907.6511,-1.0,-1.0,-1.0,-1.0
11,424.51434,446.86896,263.0926,-1.0,-1.0,-1.0,-1.0
12,2377.9043,146.41174,121.1517,-1.0,-1.0,-1.0,-1.0
13,371.38242,521.2739,502.80695,-1.0,-1.0,-1.0,-1.0
14,870.7383,276.93896,1438.2097,-1.0,-1.0,-1.0,-1.0
15,647.55963,466.47122,268.29504,-1.0,-1.0,-1.0,-1.0
16,546.8392,264.07678,74.48713,-1.0,-1.0,-1.0,-1.0
17,1498.8318,841.8158,1064.7478,-1.0,-1.0,-1.0,-1.0
18,996.3458,389.19864,2022.8568,-1.0,-1.0,-1.0,-1.0
19,335.34595,1330.4197,289.59695,-1.0,-1.0,-1.0,-1.0
20,832.76953,309.2697,1232.2234,-1.0,-1.0,-1.0,-1.0
21,1588.9484,244.40962,301.05777,-1.0,-1.0,-1.0,-1.0
22,756.603,693.26587,219.39832,-1.0,-1.0,-1.0,-1.0
23,267.0049,142.47386,1368.1621,-1.0,-1.0,-1.0,-1.0
24,1751.4805,6164.192,1693.6815,-1.0,-1.0,-1.0,-1.0
25,896.9883,518.19946,192.5731,-1.0,-1.0,-1.0,-1.0
26,1014.4556,304.87946,1049.5096,-1.0,-1.0,-1.0,-1.0
27,1145.4792,445.2075,1084.5344,-1.0,-1.0,-1.0,-1.0
28,149.20546,523.54987,414.73306,-1.0,-1.0,-1.0,-1.0
29,350.71237,948.5865,545-1.0557,-1.0,-1.0,-1.0,-1.0
30,419.5873,600.5429,151.88525,-1.0,-1.0,-1.0,-1.0
31,1183.2378,221.93759,279.5065,-1.0,-1.0,-1.0,-1.0
32,544.3901,362.19315,4197.47,-1.0,-1.0,-1.0,-1.0
33,464.6968,1516.5442,738.6037,-1.0,-1.0,-1.0,-1.0
34,686.4193,80-1.0509,948.5592,-1.0,-1.0,-1.0,-1.0
35,345.27136,306.80453,797.3603,-1.0,-1.0,-1.0,-1.0
36,2837.6992,996.2989,877.13715,-1.0,-1.0,-1.0,-1.0
37,116.29361,1122.384,330.71503,-1.0,-1.0,-1.0,-1.0
38,977.1067,217.22128,191.98155,-1.0,-1.0,-1.0,-1.0
39,148.79097,369.9321,765.0843,-1.0,-1.0,-1.0,-1.0
40,531.9469,1108.5392,3003.199,-1.0,-1.0,-1.0,-1.0
41,3125.1921,2041.6552,230.80702,-1.0,-1.0,-1.0,-1.0
42,1038.538,359.27872,210.80586,-1.0,-1.0,-1.0,-1.0
43,520.6819,500.4693,2055.92,-1.0,-1.0,-1.0,-1.0
44,990.38007,444.74115,412.48132,-1.0,-1.0,-1.0,-1.0
45,152.40091,929.58093,568.9492,-1.0,-1.0,-1.0,-1.0
46,6967.75,759.4988,951.76984,-1.0,-1.0,-1.0,-1.0
47,1276.3846,135.3702,598.4831,-1.0,-1.0,-1.0,-1.0
48,988.99713,450.93716,481.0084,-1.0,-1.0,-1.0,-1.0
49,332.98453,1116.6775,636.7424,-1.0,-1.0,-1.0,-1.0
50,762.6388,312.10797,1405.8203,-1.0,-1.0,-1.0,-1.0
51,126.30556,1231.3821,504.7372,-1.0,-1.0,-1.0,-1.0
52,432.76602,95.90899,911.6837,-1.0,-1.0,-1.0,-1.0
53,369.9868,3448.4607,652.7457,-1.0,-1.0,-1.0,-1.0
54,1031.4479,5210.539,998.4038,-1.0,-1.0,-1.0,-1.0
55,70-1.06964,242.11014,1076.5148,-1.0,-1.0,-1.0,-1.0
56,292.27316,153.07735,2100.3123,-1.0,-1.0,-1.0,-1.0
57,602.0584,113.28785,97.87534,-1.0,-1.0,-1.0,-1.0
58,310.82492,287.7595,117.98651,-1.0,-1.0,-1.0,-1.0
59,2347.3765,1592.0825,594.02606,-1.0,-1.0,-1.0,-1.0
60,270.90732,484.01947,11-1.03132,-1.0,-1.0,-1.0,-1.0
61,351.66006,179.48392,230.43434,-1.0,-1.0,-1.0,-1.0
62,1736.5952,281.07867,2710.1284,-1.0,-1.0,-1.0,-1.0
63,593.73737,595.5224,887.7788,-1.0,-1.0,-1.0,-1.0
64,851.2102,193.233,413.75833,-1.0,-1.0,-1.0,-1.0
65,411.58185,509.32907,1253.3928,-1.0,-1.0,-1.0,-1.0
66,407.84378,371.35974,212.60506,-1.0,-1.0,-1.0,-1.0
67,201.49118,598.615,437.7515,-1.0,-1.0,-1.0,-1.0
68,158.55295,950.4089,735.6801,-1.0,-1.0,-1.0,-1.0
69,943.4061,1869.5967,145.90646,-1.0,-1.0,-1.0,-1.0
70,872.6339,701.1121,5279.1035,-1.0,-1.0,-1.0,-1.0
71,523.0536,2353.0784,666.10114,-1.0,-1.0,-1.0,-1.0
72,2923.1445,1421.9028,253.6322,-1.0,-1.0,-1.0,-1.0
73,211.07457,1582.7197,636.37994,-1.0,-1.0,-1.0,-1.0
74,2166.9011,178.55405,420.58444,-1.0,-1.0,-1.0,-1.0
75,634.6548,998.9951,134.79193,-1.0,-1.0,-1.0,-1.0
76,603.9373,3837.691,1234.3365,-1.0,-1.0,-1.0,-1.0
77,154.98668,1384.9451,173.89096,-1.0,-1.0,-1.0,-1.0
78,1234.6749,97.733536,1281.8333,-1.0,-1.0,-1.0,-1.0
79,337.84113,216.39558,1131.9717,-1.0,-1.0,-1.0,-1.0
80,5594.3945,371.6807,869.6661,-1.0,-1.0,-1.0,-1.0
81,411.46857,7004.9526,209.93254,-1.0,-1.0,-1.0,-1.0
82,473.7607,172.05182,151.46555,-1.0,-1.0,-1.0,-1.0
83,1007.1341,1073.7285,159.34607,-1.0,-1.0,-1.0,-1.0
84,597.5326,828.2995,351.65228,-1.0,-1.0,-1.0,-1.0
85,2196.778,276.34982,2782.6812,-1.0,-1.0,-1.0,-1.0
86,428.2896,311.97305,501.6356,-1.0,-1.0,-1.0,-1.0
87,362.03973,211.77037,282.82477,-1.0,-1.0,-1.0,-1.0
88,922.81445,1732.5142,364.02264,-1.0,-1.0,-1.0,-1.0
89,428.9236,1840.4934,8242.878,-1.0,-1.0,-1.0,-1.0
90,272.1292,860.30273,424.36124,-1.0,-1.0,-1.0,-1.0
91,276.28592,1187.9437,2517.9443,-1.0,-1.0,-1.0,-1.0
92,1585.4003,872.6537,260.91852,-1.0,-1.0,-1.0,-1.0
93,1708.008,187.96355,519.92126,-1.0,-1.0,-1.0,-1.0
94,1746.1097,1148.7502,2272.4292,-1.0,-1.0,-1.0,-1.0
95,509.3034,34-1.01508,1551.3945,-1.0,-1.0,-1.0,-1.0
96,2069.7969,3946.9556,379.4545,-1.0,-1.0,-1.0,-1.0
97,1783.9543,1137.8395,1604.2291,-1.0,-1.0,-1.0,-1.0
98,202.89687,842.6999,585.0448,-1.0,-1.0,-1.0,-1.0
99,771.50604,325.3486,1384.5195,-1.0,-1.0,-1.0,-1.0
100,265.11105,450.82254,361.4708,1686.9823,-1.0,-1.0,-1.0
101,1948.6692,315.0497,127.64664,2567.556,-1.0,-1.0,-1.0
102,365.17755,1231.3236,321.7532,81.99541,-1.0,-1.0,-1.0
103,3291.21,749.7171,358.90204,6212.3164,-1.0,-1.0,-1.0
104,10738.484,267.5718,291.18155,477.75992,-1.0,-1.0,-1.0
105,560.3895,221.35237,115.03174,322.73502,-1.0,-1.0,-1.0
106,491.73032,5003.3574,3591.0894,5229.5703,-1.0,-1.0,-1.0
107,703.37445,3126.1477,1344.632,1905.6532,-1.0,-1.0,-1.0
108,685.3433,745.6518,1012.40936,260.52243,-1.0,-1.0,-1.0
109,512.7255,1288.9324,168.27931,80.33721,-1.0,-1.0,-1.0
110,4077.5894,232.75076,305.2783,1295.9464,-1.0,-1.0,-1.0
111,322.66254,613.04083,149.20192,229.51418,-1.0,-1.0,-1.0
112,821.7159,250.5468,824.43207,502.78952,-1.0,-1.0,-1.0
113,260.90103,750.4041,111.15362,664.8453,-1.0,-1.0,-1.0
114,4946.686,276.75708,406.4427,2805.3833,-1.0,-1.0,-1.0
115,918.0987,329.58356,460.2626,1788.1321,-1.0,-1.0,-1.0
116,2180.3896,487.94333,1505.2607,1007.838,-1.0,-1.0,-1.0
117,114.63167,2072.5535,75.977104,289.70035,-1.0,-1.0,-1.0
118,58.79304,111.30362,388.6733,133.61678,-1.0,-1.0,-1.0
119,1656.4202,86.4859,346.55228,1149.3116,-1.0,-1.0,-1.0
120,139.06825,451.20523,590.833,86-1.0612,-1.0,-1.0,-1.0
121,548.1235,256.43442,291.64267,3828.378,-1.0,-1.0,-1.0
122,495.66898,310.46994,104.97113,1303.4774,-1.0,-1.0,-1.0
123,334.7369,14-1.08984,2212.06,237.25044,-1.0,-1.0,-1.0
124,293.74887,3778.3906,991.1434,136.72939,-1.0,-1.0,-1.0
125,6759.894,415.82382,512.70013,5844.9478,-1.0,-1.0,-1.0
126,1071.9001,186.20729,180.45238,436.58514,-1.0,-1.0,-1.0
127,865.85205,564.65985,612.26306,407.5441,-1.0,-1.0,-1.0
128,1612.5446,425.82425,182.14665,898.37994,-1.0,-1.0,-1.0
129,1078.3726,535.1734,1588.1451,552.3625,-1.0,-1.0,-1.0
130,747.84106,668.1272,3035.7122,228.16824,-1.0,-1.0,-1.0
131,340.2721,1446.1609,107.31569,204.8399,-1.0,-1.0,-1.0
132,564.6391,298.69104,745.4084,2021.6942,-1.0,-1.0,-1.0
133,1073.9902,267.20502,616.99896,1786.2101,-1.0,-1.0,-1.0
134,4136.476,329.80875,325.39554,7242.6997,-1.0,-1.0,-1.0
135,573.07605,655.70294,240.4398,1247.9799,-1.0,-1.0,-1.0
136,261.77768,461.42017,452.2211,1551.6869,-1.0,-1.0,-1.0
137,808.0475,4550.856,1572.3351,1857.9749,-1.0,-1.0,-1.0
138,1722.0343,1227.7092,2002.9078,954.04156,-1.0,-1.0,-1.0
139,1381.5784,1125.076,354.80936,156.5742,-1.0,-1.0,-1.0
140,682.712,761.8026,217.53285,548.08246,-1.0,-1.0,-1.0
141,137.68825,782.2244,98.364655,412.18826,-1.0,-1.0,-1.0
142,328.14505,493.3549,1589.7545,548.9218,-1.0,-1.0,-1.0
143,1160.2186,313.56778,144.05165,559.52704,-1.0,-1.0,-1.0
144,1897.1847,451.64896,800.73456,1341.1271,-1.0,-1.0,-1.0
145,463.6587,224.56923,2997.4072,1681.8898,-1.0,-1.0,-1.0
146,723.6059,407.80862,541.7763,1006.55695,-1.0,-1.0,-1.0
147,592.6532,220.33716,1506.8932,243.91093,-1.0,-1.0,-1.0
148,224.03862,291.88422,283.86734,201.23085,-1.0,-1.0,-1.0
149,383.88467,894.61084,630.6772,1143.4628,-1.0,-1.0,-1.0
150,412.11795,902.39166,992.0432,842.16754,-1.0,-1.0,-1.0
151,995.7824,527.5307,286.88202,373.97943,-1.0,-1.0,-1.0
152,113.947205,1152.7083,178.09946,96.4235,-1.0,-1.0,-1.0
153,1349.9802,876.9567,951.3836,613.01184,-1.0,-1.0,-1.0
154,924.3437,1841.8861,286.72266,129.17624,-1.0,-1.0,-1.0
155,1851.2919,633.8415,1978.1156,2237.2598,-1.0,-1.0,-1.0
156,1034.0903,2029.647,232.46562,2402.6328,-1.0,-1.0,-1.0
157,843.88745,467.73544,163.95662,1946.7406,-1.0,-1.0,-1.0
158,1662.3882,265.23862,1322.9154,1156.3634,-1.0,-1.0,-1.0
159,930.61523,397.66437,399.79886,1942.3757,-1.0,-1.0,-1.0
160,462.8067,652.6014,143.46004,1775.6956,-1.0,-1.0,-1.0
161,1489.9358,173.62483,108.81912,2262.056,-1.0,-1.0,-1.0
162,576.16,240.44067,950.21356,450.18723,-1.0,-1.0,-1.0
163,2430.583,211.21516,994.40607,669.54333,-1.0,-1.0,-1.0
164,1125.6597,113.6629,145.08337,6557.6763,-1.0,-1.0,-1.0
165,104.18921,399.2431,132.94305,573.6454,-1.0,-1.0,-1.0
166,963.989,428.88998,544.3815,581.337,-1.0,-1.0,-1.0
167,1482.2946,1376.7035,116.81602,289.94266,-1.0,-1.0,-1.0
168,1826.7793,468.28098,124.20024,2362.2053,-1.0,-1.0,-1.0
169,1163.5658,731.0484,325.25314,1604.6713,-1.0,-1.0,-1.0
170,237.35085,592.6136,512.9919,1767.3143,-1.0,-1.0,-1.0
171,839.30927,292.27005,280.6837,320.214,-1.0,-1.0,-1.0
172,1553.9937,234.4439,803.74176,2959.0474,-1.0,-1.0,-1.0
173,1436.4054,197.1014,441.46487,611.3398,-1.0,-1.0,-1.0
174,2067.003,285.06708,286.75665,2230.3018,-1.0,-1.0,-1.0
175,452.73413,282.36502,718.94275,3290.7793,-1.0,-1.0,-1.0
176,347.8514,101-1.0236,2451.509,420.18307,-1.0,-1.0,-1.0
177,300.5706,451.14813,1045.5543,521.8442,-1.0,-1.0,-1.0
178,9750.44,319.36642,290.5248,1923.1622,-1.0,-1.0,-1.0
179,307.6418,274.23074,79.31919,85.25715,-1.0,-1.0,-1.0
180,680.46326,384.99088,372.045,318.195,-1.0,-1.0,-1.0
181,1176.3541,955.707,294.49374,790.82,-1.0,-1.0,-1.0
182,1254.7675,181.45773,124.390144,1548.2515,-1.0,-1.0,-1.0
183,942.40247,488.19342,377.67697,428.63306,-1.0,-1.0,-1.0
184,1186.7208,959.41437,940.7852,197.47119,-1.0,-1.0,-1.0
185,279.8397,1630.9044,848.795,609.9965,-1.0,-1.0,-1.0
186,285.21674,1527.8765,5453.4453,305.15518,-1.0,-1.0,-1.0
187,290.84372,1269.964,240.98561,205.04054,-1.0,-1.0,-1.0
188,325.17242,501.8232,3784.5298,2912.3794,-1.0,-1.0,-1.0
189,352.60632,426.56882,1674.9965,337.56793,-1.0,-1.0,-1.0
190,2310.6235,1833.4047,613.94165,833.1956,-1.0,-1.0,-1.0
191,587.0289,232.28374,240.78647,866.0484,-1.0,-1.0,-1.0
192,1151.2167,525.47784,395.6414,1435.2832,-1.0,-1.0,-1.0
193,365.25366,4218.0425,581.46124,232.7559,-1.0,-1.0,-1.0
194,487.26715,961.8917,582.6447,3005.1255,-1.0,-1.0,-1.0
195,683.6434,710.863,1110.3395,601.2876,-1.0,-1.0,-1.0
196,415.68332,2702.724,406.24222,1266.1268,-1.0,-1.0,-1.0
197,434.11813,185.4001,3542.3274,594.01245,-1.0,-1.0,-1.0
198,1019.77106,863.6032,1033.2538,2928.831,-1.0,-1.0,-1.0
199,353.9371,2167.0166,250.87299,6129.4683,-1.0,-1.0,-1.0
200,179.49867,261.7469,1751.2186,316.47797,1005.27356,-1.0,-1.0
201,456.6392,144.21721,897.8532,1450.751,199.63307,-1.0,-1.0
202,273.9703,1935.0111,701.6476,157.81358,393.43915,-1.0,-1.0
203,1281.6182,427.70566,436.98434,884.5769,649.1531,-1.0,-1.0
204,1209.7872,210.97609,264.96774,197.92915,1141.491,-1.0,-1.0
205,512.6009,205.71428,1664.6036,185.25824,2288.063,-1.0,-1.0
206,481.23203,679.14264,397.8688,542.3467,555.5062,-1.0,-1.0
207,77-1.0763,509.2741,599.2444,123.82818,694.31934,-1.0,-1.0
208,3217.0518,834.2828,801.51807,474.39563,2191.69,-1.0,-1.0
209,258.4608,610.24164,415.50897,2720.4211,77.81465,-1.0,-1.0
210,1131.026,616.3242,157.35313,175.42091,1982.2535,-1.0,-1.0
211,931.5677,968.70685,2316.1384,260.4622,285.8439,-1.0,-1.0
212,1807.6959,350.25308,365.85287,135.41347,167.4279,-1.0,-1.0
213,2190.1748,293.92667,102.670166,126.2136,937.0834,-1.0,-1.0
214,245.27449,208.43379,349.4482,372.49374,2599.3552,-1.0,-1.0
215,3452.522,1676.779,169.46794,330.4709,2642.1365,-1.0,-1.0
216,687.98456,636.66876,1834.639,679.14276,1017.4388,-1.0,-1.0
217,405.9548,2091.5854,763.3322,385.1048,228.7441,-1.0,-1.0
218,8445.654,464.98373,146.72319,50-1.02298,9018.957,-1.0,-1.0
219,467.7841,975.7336,211.67833,549.9409,407.75244,-1.0,-1.0
220,604.2529,524.2464,299.91263,107.43564,4462.43,-1.0,-1.0
221,930.1626,432.303,5777.2056,12-1.01645,181.28139,-1.0,-1.0
222,205.12276,102.96124,546.352,830.43085,772.41516,-1.0,-1.0
223,137.60745,695.4811,792.6298,319.29446,333.0119,-1.0,-1.0
224,2542.8872,290.66183,149.98398,346.5405,5201.8433,-1.0,-1.0
225,1881.6241,1136.6249,93.745514,368.9355,239.22678,-1.0,-1.0
226,7681.014,504.81772,1816.1395,4967.6772,575.37695,-1.0,-1.0
227,324.28598,895.48615,498.1868,215.5432,551.12067,-1.0,-1.0
228,2105.4204,3661.905,1871.8595,395.5493,423.55057,-1.0,-1.0
229,2288.7998,2851.6753,627.0693,449.0354,2378.9207,-1.0,-1.0
230,1065.5787,148.08926,690.8336,202.23518,970.9937,-1.0,-1.0
231,107.4029,935.65656,1813.5634,225.32332,2543.4622,-1.0,-1.0
232,1017.733,141.65718,2829.1436,512.9191,1079.1656,-1.0,-1.0
233,571.20447,323.48584,429.47385,105.96492,422.70587,-1.0,-1.0
234,1498.841,866.8092,170.22357,483.5017,5440.6265,-1.0,-1.0
235,1066.3995,162.52061,595.80347,125.32674,915.3555,-1.0,-1.0
236,2189.0269,170.91853,127.53977,115.0801,679.61,-1.0,-1.0
237,216.98616,3891.1038,852.9843,422.34836,183.2152,-1.0,-1.0
238,5640.1694,340.18823,1327.4828,385.77667,777.7445,-1.0,-1.0
239,893.2334,952.99445,202.17145,513.68854,6820.2817,-1.0,-1.0
240,262.6358,885.14355,1628.3231,221.68105,62.10783,-1.0,-1.0
241,353.94034,507.40707,500.60504,314.73157,67.48711,-1.0,-1.0
242,75.19415,502.12503,314.82822,640.4836,239.47176,-1.0,-1.0
243,1342.9288,157.83372,901.58026,3694.7468,715.8376,-1.0,-1.0
244,4706.474,142.94179,976.61304,310.39194,608.63043,-1.0,-1.0
245,2265.2903,231.32367,126.4991,1027.6453,266.13684,-1.0,-1.0
246,166.52278,1832.316,72.247574,1125.8171,124.62775,-1.0,-1.0
247,160.58757,730.68115,384.04605,768.7778,125.57491,-1.0,-1.0
248,251.20647,1967.6493,1430.3673,2748.1863,1272.4052,-1.0,-1.0
249,596.7564,555.936,487.27643,495.43256,83.27873,-1.0,-1.0
250,4805.305,325.0424,228.41084,477.92834,268.2872,-1.0,-1.0
251,1678.2306,644.1496,99.445755,316.74792,3134.9316,-1.0,-1.0
252,619.86505,360.89212,3825.826,186.08746,526.58887,-1.0,-1.0
253,269.15482,406.5142,533.20654,306.7849,396.04083,-1.0,-1.0
254,301.4072,1456.04,380.46808,2639.9712,6230.9272,-1.0,-1.0
255,303.49368,396.86075,2585.8206,327.40744,124.78526,-1.0,-1.0
256,736.39294,505.90714,1149.8715,90.489685,751.52716,-1.0,-1.0
257,1139.981,412.65073,460.1542,1484.2413,1652.9473,-1.0,-1.0
258,1600.5905,2958.972,157.52248,689.40594,426.73654,-1.0,-1.0
259,320.74908,711.9759,171.57133,358.58774,1517.706,-1.0,-1.0
260,2698.1536,1141.2094,379.4118,757.91437,4235.746,-1.0,-1.0
261,165.58034,1434.1385,268.63574,223.95998,225.98506,-1.0,-1.0
262,385.11447,518.4991,873.9719,220.446,2650.2805,-1.0,-1.0
263,254.42299,743.55066,932.6898,61.775593,176.16922,-1.0,-1.0
264,121.735535,181.4329,743.7707,96.446785,113.016304,-1.0,-1.0
265,2257.0283,454.07297,235.16841,607.54474,7130.598,-1.0,-1.0
266,212.02417,237.53738,445.2853,536.3779,1275.0,-1.0,-1.0
267,791.8739,291.82272,743.10626,99.61882,147.22919,-1.0,-1.0
268,191.23824,1127.6654,1216.6345,287.5689,773.1449,-1.0,-1.0
269,1767.3009,257.53598,1074.6655,221.68672,892.50116,-1.0,-1.0
270,720.11847,141.77838,409.68295,3707.4138,21-1.07924,-1.0,-1.0
271,565.32745,814.6478,276.9847,181.55319,1048.416,-1.0,-1.0
272,1076.8451,416.1608,117.48822,206.25812,1177.6326,-1.0,-1.0
273,703.5495,558.20605,525.8266,856.37506,718.6399,-1.0,-1.0
274,1031.3807,122.91338,156.35133,1048.452,275.23032,-1.0,-1.0
275,1281.7766,358.68796,356.03592,364.95187,631.7249,-1.0,-1.0
276,80.916214,546.1822,693.35516,67.94189,147.983,-1.0,-1.0
277,617.4164,1124.391,341.30698,594.4222,968.6131,-1.0,-1.0
278,1885.2771,764.5174,148.95294,291.85916,302.6932,-1.0,-1.0
279,1849.9188,30-1.04233,166.35547,1684.7257,6198.275,-1.0,-1.0
280,159.53099,1074.6715,523.0279,177.79292,1525.8817,-1.0,-1.0
281,2731.6235,689.9494,591.42554,2601.8992,402.55576,-1.0,-1.0
282,1132.5885,869.3741,2762.5889,637.9462,487.6623,-1.0,-1.0
283,264.62308,327.2358,289.3481,5639.771,814.074,-1.0,-1.0
284,484.80038,963.1125,540.2164,1229.9303,3854.7505,-1.0,-1.0
285,603.89197,779.3339,1515.3651,471.77206,315.59912,-1.0,-1.0
286,263.45938,336.43814,576.95074,1007.45526,254.32487,-1.0,-1.0
287,374.91653,763.3733,1497.37,1155.9823,2988.7273,-1.0,-1.0
288,798.77985,394.0375,352.67078,841.6584,660.1981,-1.0,-1.0
289,554.0469,226.86751,1148.042,1321.7618,163.60123,-1.0,-1.0
290,2350.4858,484.30975,603.7869,631.27795,416.9684,-1.0,-1.0
291,341.997,84.604935,527.25415,1577.2032,2914.275,-1.0,-1.0
292,134.65901,561.7602,2309.7769,214.50179,178.28812,-1.0,-1.0
293,1835.2018,858.7547,820.81647,420.24252,1019.4661,-1.0,-1.0
294,1639.947,473.44968,685.3984,203.27504,673.6864,-1.0,-1.0
295,532.9286,907.93744,519.9344,151.31352,1115.1185,-1.0,-1.0
296,153.40558,437.78827,139.06145,1307.6298,1129.3931,-1.0,-1.0
297,76-1.05585,297.88974,167.9742,236.41759,3074.82,-1.0,-1.0
298,471.9114,373.28415,65-1.0291,399.34415,236.57884,-1.0,-1.0
299,231.83815,351.0218,627.5346,346.10678,104.055565,-1.0,-1.0
300,613.02356,338.6716,895.93585,618.14746,453.74252,454.78812,-1.0
301,290.80493,423.46588,421.81662,719.7622,918.3579,713.92126,-1.0
302,1576.7338,404.7326,449.67133,953.2833,2083.3755,706.0064,-1.0
303,4197.7515,920.9531,344.80136,997.4105,567.9049,523.0024,-1.0
304,504.5181,1265.7118,244.64972,368.74387,279.16852,110.36811,-1.0
305,147.21022,93.74661,199.45552,601.13776,732.8549,4456.9536,-1.0
306,165.16216,4231.571,425.94098,356.92566,155.83585,202.19211,-1.0
307,4159.517,236.93993,575.06274,1107.671,179.32236,4549.2217,-1.0
308,441.91562,814.683,304.8049,425.72913,115.87781,484.80963,-1.0
309,334.7695,509.43524,804.40607,272.77118,828.76917,859.5816,-1.0
310,4424.4663,177.72052,431.8264,386.42392,230.56502,2122.195,-1.0
311,217.41167,261.97433,751.70844,1525.9901,485.77615,1068.0946,-1.0
312,111.94781,116.61581,301.13232,359.33725,320.65643,500.93646,-1.0
313,1523.2616,509.55435,789.0527,253.91731,255.99791,205.82285,-1.0
314,740.39496,131.04558,5907.8335,145.58281,344.43076,528.2082,-1.0
315,939.0247,371.44943,973.7338,406.36203,573.44415,661.3828,-1.0
316,546.7937,722.23895,827.3308,262.7128,1357.1941,3027.0142,-1.0
317,3164.4788,2836.0835,126.06062,1067.408,472.50378,2401.2732,-1.0
318,1443.2538,147.46007,283.61813,2764.6846,586.7654,5389.0723,-1.0
319,113.54606,152.16489,782.2757,285.14764,305.36786,266.74326,-1.0
320,3815.66,373.225,578.12946,986.604,486.2587,618.8554,-1.0
321,1871.7616,237.32504,416.65512,214.83553,420.44647,199.21077,-1.0
322,564.53436,130.32904,766.757,236.79123,2964.7026,439.07257,-1.0
323,583.02325,1011.67975,723.6368,539.1896,332.94205,232.72037,-1.0
324,1466.1376,477.8918,320.26828,1327.9852,641.741,1074.3542,-1.0
325,1036.236,396.54984,138.57567,665.85284,2844.6182,1054.4502,-1.0
326,361.9882,621.9129,288.6152,163.65556,864.3409,199.32993,-1.0
327,709.9484,1285.3538,557.267,132.34937,274.02527,1780.5386,-1.0
328,1351.1729,725.6011,313.31833,454.6042,268.80917,1058.1547,-1.0
329,1091.4711,2166.956,1802.8597,576.5225,207.2949,219.7573,-1.0
330,253-1.04,258.3116,1156.9048,249.45555,493.58185,324.37192,-1.0
331,236.03848,467.3151,80.93349,108.53589,221.07988,848.14264,-1.0
332,275.86874,949.66315,258.12238,593.8154,555.14026,235.41295,-1.0
333,4039.053,391.5953,3618.717,382.57855,956.2118,885.95776,-1.0
334,389.84244,592.6945,1129.361,314.09818,479.87744,337.42535,-1.0
335,1183.2914,185.70973,279.35867,452.67996,1186.2742,4156.9624,-1.0
336,5695.307,591.1151,1574.5775,931.2299,50-1.084,757.0069,-1.0
337,234.14464,644.0488,463.76797,495.7681,189.85323,284.54694,-1.0
338,4557.485,616.9903,61-1.08856,127.32481,285.74725,4588.7637,-1.0
339,2407.2085,285.53305,447.53323,1129.131,232.47229,268.2366,-1.0
340,252.13084,1669.3744,284.61694,93.542145,35-1.02695,433.56415,-1.0
341,442.79282,4308.1353,1016.12665,999.9011,307.16934,2118.3213,-1.0
342,408.8182,713.95197,481.45834,579.60266,240.47095,1430.7373,-1.0
343,846.27277,675.2841,646.2554,36-1.0696,274.13425,825.2683,-1.0
344,62.73872,163.14119,87.611015,588.6278,150.42357,74.36949,-1.0
345,476.76096,651.86444,601.66205,297.16763,491.84363,408.67203,-1.0
346,1543.706,5781.2017,316.1789,291.05377,1661.4475,2094.9626,-1.0
347,3859.8945,452.68173,369.50247,2268.092,984.7052,1166.3333,-1.0
348,2016.7673,368.8394,138.38602,217.83806,680.6691,516.72363,-1.0
349,389.14572,166.51457,711.9235,104.845795,221.76004,242.11263,-1.0
350,279.69547,1454.6544,3570.6343,510.13242,124.68308,131.20256,-1.0
351,103.47243,336.53848,161.15764,332.41263,744.9581,492.73856,-1.0
352,4702.349,103.32491,217.18968,873.8112,878.01105,1112.5524,-1.0
353,1242.3943,644.90436,673.5776,331.64597,280.93945,1439.3129,-1.0
354,1536.6097,420.88785,777.47565,832.28534,2789.7808,527.03094,-1.0
355,957.31287,424.61612,1409.6243,334.2386,177.9667,891.9155,-1.0
356,192.34628,306.9341,488.61774,1561.1272,459.68884,1636.6859,-1.0
357,396.3176,1604.5621,142.18513,383.5769,344.41296,417.39694,-1.0
358,178.73677,1669.4729,172.48552,1520.8866,582.6669,594.0632,-1.0
359,506.0461,279.26175,3102.7268,1394.463,2039.2516,445.93167,-1.0
360,58.82687,1079.1112,572.7243,3231.7705,1259.2301,245.20091,-1.0
361,1276.0591,702.79596,1402.4825,413.94675,524.9397,8635.827,-1.0
362,1340.797,1172.9496,212.74568,789.1531,63.12558,3587.366,-1.0
363,2246.4497,161.79375,566.2781,1495.9076,121.923615,1118.7421,-1.0
364,862.2995,1252.9762,164.6877,1172.4474,147.94415,360.49634,-1.0
365,301.90164,163.32794,200.83626,382.51566,752.26715,1252.3064,-1.0
366,1188.759,745.29913,323.78827,175.59575,5126.2046,1137.9098,-1.0
367,67.83364,1324.0249,233.10963,903.54565,171.76021,289.7991,-1.0
368,6810.272,250.9633,524.7745,743.8368,366.09265,708.8992,-1.0
369,1697.0809,1206.4172,225.78992,1295.4427,1924.5353,337.7055,-1.0
370,2718.1458,214.57729,292.0801,257.07468,755.9895,1938.2101,-1.0
371,652.1785,1512.1852,611.6516,509.7858,540.9782,2911.788,-1.0
372,936.77155,615.92664,396.93686,1217.4303,188.65388,491.67215,-1.0
373,6463.4346,137.73166,261.7465,152.32771,238.47894,959.0033,-1.0
374,401.94086,660.7785,551.0966,1335.4872,369.6632,1676.5969,-1.0
375,1331.3975,1814.5151,233.08397,801.0838,225.79672,2531.1367,-1.0
376,2319.8286,973.1218,298.3082,226.00606,143.1104,1041.2523,-1.0
377,264.80136,790.5737,415.6848,236.01036,420.48068,355.66068,-1.0
378,672.42804,5299.7363,222.38522,807.3806,3977.8652,6596.7085,-1.0
379,1022.7373,383.8739,1916.4646,85.01129,2192.1794,575.2406,-1.0
380,285.0541,283.97098,361.24948,578.386,600.3185,1608.8221,-1.0
381,677.5059,528.6414,85.89737,8002.2124,380.3294,2408.0488,-1.0
382,287.5361,1372.1283,221.09483,712.8505,153.94975,783.61945,-1.0
383,473.24918,2202.3457,463.31693,205.58673,58.717915,522.62134,-1.0
384,181.09798,166.48207,366.53784,506.9777,1519.7971,176.51028,-1.0
385,137.186,486.06232,595.0705,1576.8209,785.4286,2581.8726,-1.0
386,727.6064,1750.3838,202.30852,3327.7878,659.18475,1639.5797,-1.0
387,111.65041,525.8598,2652.4697,386.2658,428.08127,967.0789,-1.0
388,831.39996,804.4023,379.85416,398.10605,104.337746,758.7818,-1.0
389,875.77203,4923.095,134.00719,1140.5961,1144.247,229.03798,-1.0
390,1102.3477,713.1022,74.26809,470.88193,1212.5905,848.16547,-1.0
391,453.722,3401.4504,595.23663,70.579926,427.0301,1514.6072,-1.0
392,1199.516,373.38156,484.61194,327.7764,1068.0367,1510.2574,-1.0
393,1142.1573,536.75977,1053.2395,851.5804,163.4816,903.7021,-1.0
394,385.4332,267.38986,909.1763,795.24994,1423.7549,582.49475,-1.0
395,567.8163,169.57631,233.41216,662.72235,154.43352,315.80402,-1.0
396,379.39984,209.60876,871.4834,797.34186,335.50638,317.68985,-1.0
397,473.23166,212.4691,215.38344,533.6418,217.41275,381.04327,-1.0
398,1271.5099,143.71452,195.61488,525.4926,504.98615,3621.6763,-1.0
399,409.35623,665.7829,680.4997,893.5787,369.51804,387.2265,-1.0
400,205.62798,1604.0837,311.83054,266.42123,424.3966,797.1856,817.37177
401,1478.9017,249.85965,347.04,2048.4893,711.873,711.6666,4068.3862
402,3806.4746,268.17972,250.34877,268.6864,197.52296,130.40524,1455.7896
403,142.65474,1403.8722,453.68375,381.51352,538.0465,160.97025,129.09477
404,679.5822,580.5347,518.7513,606.6593,328.9314,72.137245,1022.39386
405,301.21954,1519.431,1702.2499,161.39146,363.80548,601.8876,206.12386
406,3464.0781,188.77365,294.57834,333.2667,926.7152,501.57373,1850.6685
407,656.30664,2507.2837,723.3143,463.69254,560.743,220.65186,1037.6104
408,433.37076,2440.495,536.0667,2098.9658,616.56384,440.38406,852.8721
409,449.79495,1388.524,617.7287,176.12419,783.6155,136.10454,196.20192
410,349.7991,700.3892,357.7479,314.30075,757.28986,256.74594,438.31662
411,1911.9132,299.29642,258.33102,401.21072,227.30215,572.1699,777.6514
412,722.33545,280.58566,267.07846,57.243393,1872.3096,2916.0178,112.33829
413,4823.9487,272.13467,400.5416,325.2543,321.21436,470.7193,934.7481
414,5244.9917,275.56216,402.56143,5280.98,239.7346,103.22607,298.28293
415,265.43527,66.95296,268.48416,820.25214,404.64853,60.52523,160.65544
416,339.84412,545.58344,139.71031,307.93765,340.38077,300.9177,329.65176
417,668.2852,672.7138,342.90298,921.59326,529.7649,115.777695,1505.9105
418,725.00555,1438.4066,1642.4982,83.920334,650.26715,754.4314,766.60516
419,4693.7046,102-1.08417,750.356,244.70613,666.18176,282.44965,1062.5157
420,207.10039,2146.3135,218.92043,371.87827,3347.203,67.34009,545.1598
421,243.58116,123.53202,201.47066,116.21074,1407.3744,459.86844,104.26621
422,814.2402,351.5704,3324.1504,297.57895,1451.1713,554.0004,4233.8374
423,20-1.06926,184-1.0043,884.98706,289.7267,746.92773,1835.956,1876.8475
424,381.11847,524.7725,97.67453,419.1254,951.5247,286.48337,1389.6378
425,387.4218,456.59006,1115.2423,468.69516,429.39267,361.75604,222.85725
426,1128.2538,159.3586,758.4765,131.1684,5156.799,337.60922,1079.2898
427,3167.5662,197.43376,122.97237,517.57635,233.79877,112.28002,1398.665
428,2018.5302,5517.4907,908.0285,63.977,387.42126,534.17993,1518.5785
429,3079.6667,109.395454,1797.3079,1710.7001,314.20135,436.0247,229.9166
430,502.0661,98.44629,96.99217,183.7649,216.08937,607.0458,1140.4385
431,1833.949,316.63406,4209.9546,290.26834,188.33661,124.34564,499.25787
432,3178.58,177.5162,402.76584,156.49248,450.38943,416.31183,1687.7948
433,525.341,1212.7921,247.18579,457.0037,200.2361,273.64218,227.20776
434,111.95005,1532.6761,454.43436,223.36194,848.8564,263.68832,58.218067
435,2873.229,414.06616,4335.3154,447.18634,381.01022,513.7611,679.94946
436,1136.0109,498.78302,583.1104,148.85742,781.3048,272.99527,2245.6438
437,624.91766,215.3089,650.90875,1235.9138,73.52046,34-1.04272,1356.7134
438,423.73373,506.75192,392.92654,509.3022,393.94452,714.38153,952.66254
439,258.16132,3478.5972,421.94913,939.0264,1335.504,386.06158,597.7175
440,449.65567,363.73694,182.66301,196.30669,543.38605,913.78326,84-1.07086
441,1833.0465,798.7243,550.84845,741.69196,2721.833,185.68976,1153.5143
442,913.53265,215.43407,316.5428,422.24182,1803.3383,443.60135,846.39105
443,792.6683,406.92075,828.1514,69.86195,690.66534,266.5255,418.12448
444,3756.8804,189.72548,355.17,259.14322,188.67758,375.58124,282.53436
445,303.3758,1265.682,172.63098,1359.8086,1618.8579,903.2278,1938.6692
446,1374.1232,973.9995,110.63551,2526.5537,458.61792,715.08997,976.2881
447,364.61386,104.15361,375.9707,3769.976,722.89954,192.4667,282.9888
448,5889.9443,253.34627,439.20743,376.47763,119.28495,601.2834,3851.5137
449,317.70676,943.31024,831.30975,829.2508,411.4201,379.50568,1574.3065
450,980.6557,352.70776,208.9836,281.3998,340.5588,444.67145,2555.561
451,384.72867,736.8869,2507.5508,594.05164,439.91803,239.02432,259.87518
452,708.56195,2226.5957,1183.3088,248.58159,389.21536,211.61058,261.62814
453,450.6279,647.5497,506.8212,182.52135,286.2035,286.3728,876.7489
454,1214.5614,188.95699,765.05634,253.14784,346.22797,209.68752,3673.1406
455,94.7535,940.471,584.94946,382.13687,236.94872,1084.5936,1002.90955
456,2180.1323,663.5849,296.65558,801.5319,693.8718,1443.9491,797.4561
457,2321.6855,497.3114,425.23123,497.96286,168.72032,122.20465,842.7241
458,675.7566,622.83795,2051.2427,455.37894,324.88623,2404.2446,1108.277
459,197.79819,653.2217,4023.2908,717.944,164.3848,208.6152,429.8721
460,3808.526,1593.2797,784.6298,708.17505,300.6437,250.38393,599.79126
461,504.20746,624.78986,1067.9818,126.38395,238.61537,1045.7913,245.71872
462,261.7395,6613.6245,1985.4272,528.13007,720.8499,115.244934,93.41096
463,396.06198,632.5422,223.83627,120.88233,4409.125,350.26157,443.78528
464,2204.6226,645.93195,1029.9043,695.9722,227.34454,97.49272,2242.8132
465,238.0577,1439.3285,177.72302,1170.754,590.9221,318.9967,160.37903
466,102.029396,998.64325,664.07263,577.72986,118.96799,494.06638,421.96173
467,1423.4686,337.03088,793.5699,933.5816,650.7003,206.10521,2995.3171
468,10173.41,1095.3606,245.31097,225.1887,662.422,622.0543,4507.2026
469,971.62427,239.10187,1004.71704,112.376686,183.00932,449.94943,532.0466
470,1056.8429,1721.9572,351.50385,1040.4347,1073.0525,293.3328,964.5258
471,444.6582,426.12073,330.93063,284.03043,2778.4456,317.93198,118.138405
472,1430.798,150.2318,504.2952,209.18877,1899.6912,295.82382,948.55084
473,1496.3782,347.2587,226.6441,305.619,100.28339,426.0107,801.99915
474,3260.7742,609.1568,457.82803,1031.2448,592.6554,216.6348,3524.8184
475,539.5537,958.13275,189.0826,442.7934,84.4695,336.83276,569.1737
476,365.0036,424.8942,817.6609,1514.2568,1589.73,265.0332,1364.0002
477,2104.3193,296.31262,325.73315,251.26384,100.64761,221.98593,5627.186
478,259.82828,10396.266,147.61186,201.90529,335.81018,574.1884,304.57416
479,175.49696,291.17526,441.9977,253.94316,1475.8757,133.21686,823.46936
480,86.27999,144.69522,306.36877,871.1268,139.33147,236.9125,17-1.0604
481,927.5987,191.52318,1150.639,4421.4043,328.06464,151.09874,126.60899
482,104.15469,128.65591,875.2554,496.73105,339.61316,409.4711,71.168915
483,279.11087,83.24133,841.5889,4490.799,500.60928,329.74365,305.63644
484,3028.745,836.9272,999.63043,590.76886,227.44131,263.74573,306.24976
485,1057.9459,107.462036,37-1.06183,325.56473,297.89594,696.4914,1167.5485
486,534.73016,153.34654,565.10535,841.7801,1405.2228,400.49698,151.45673
487,1464.129,2230.9849,535.3177,306.0243,664.23566,259.0241,194.92413
488,826.2244,337.40698,844.1455,1255.4392,416.23865,254.00105,727.70874
489,1116.0892,269.59952,107.2858,136.12358,271.16043,123.07753,874.35876
490,732.858,428.14062,1057.7096,522.1448,131.40468,367.53906,792.1139
491,456.68002,502.5271,362.09793,199.4071,429.87637,527.9502,1271.9181
492,685.18756,1208.1605,122.59592,187.408,452.26794,164.64671,695.56213
493,578.23785,800.9379,891.2475,1035.726,798.18823,578.833,1526.2959
494,687.71686,758.6219,980.2828,91.45461,522.6348,326.0223,716.2902
495,546.3988,428.89944,1297.0454,692.93567,3260.6562,643.055,499.25208
496,5648.781,4162.605,2838.8867,449.30875,2354.8313,930.9277,1012.54004
497,779.9622,163.01677,2247.678,331.28632,459.54102,339.66785,486.01245
498,100.99452,631.50104,319.51126,470.73035,70.44654,170.56845,127.644394
499,828.6319,107.45097,186.64963,1081.3689,3008.397,712.7799,360.74722
500,204.25388,364.3935,1317.8436,-1.0,-1.0,-1.0,-1.0
501,183.16943,3604.9897,190.7264,-1.0,-1.0,-1.0,-1.0
502,544.3459,270.72888,522.8623,-1.0,-1.0,-1.0,-1.0
503,626.64795,762.68164,442.39432,-1.0,-1.0,-1.0,-1.0
504,1296.1333,92.06393,507.48248,-1.0,-1.0,-1.0,-1.0
505,205.79732,729.2381,494.12967,-1.0,-1.0,-1.0,-1.0
506,855.76965,653.22504,819.99603,-1.0,-1.0,-1.0,-1.0
507,1768.182,868.3412,579.16565,-1.0,-1.0,-1.0,-1.0
508,121.92273,325.16855,354.26703,-1.0,-1.0,-1.0,-1.0
509,539.31964,202.084,1981.7045,-1.0,-1.0,-1.0,-1.0
510,8986.825,174.28903,265.31635,-1.0,-1.0,-1.0,-1.0
511,1798.336,3372.6152,573.80145,-1.0,-1.0,-1.0,-1.0
512,1463.3025,647.51843,757.9564,-1.0,-1.0,-1.0,-1.0
513,2754.3157,969.8272,373.9024,-1.0,-1.0,-1.0,-1.0
514,354.8171,659.05023,1548.2925,-1.0,-1.0,-1.0,-1.0
515,498.0526,2639.0889,465.39853,-1.0,-1.0,-1.0,-1.0
516,928.03296,226.34756,552.2035,-1.0,-1.0,-1.0,-1.0
517,300.8826,2384.87,1353.8751,-1.0,-1.0,-1.0,-1.0
518,625.07776,1274.9462,1060.7532,-1.0,-1.0,-1.0,-1.0
519,758.95496,171.4918,115.906525,-1.0,-1.0,-1.0,-1.0
520,385.1874,1748.3586,469.53592,-1.0,-1.0,-1.0,-1.0
521,373.8585,134.50269,1313.7944,-1.0,-1.0,-1.0,-1.0
522,358.81665,1402.1908,825.9099,-1.0,-1.0,-1.0,-1.0
523,390.87744,616.6961,383.06088,-1.0,-1.0,-1.0,-1.0
524,131.77959,1259.817,1514.7607,-1.0,-1.0,-1.0,-1.0
525,453.00342,263.04276,618.16815,-1.0,-1.0,-1.0,-1.0
526,794.45905,159.97246,727.2034,-1.0,-1.0,-1.0,-1.0
527,413.74368,72-1.0715,201.84406,-1.0,-1.0,-1.0,-1.0
528,1280.8131,2662.9614,1234.6636,-1.0,-1.0,-1.0,-1.0
529,3345.696,2437.0566,1215.6904,-1.0,-1.0,-1.0,-1.0
530,71.29677,3912.64,385.303,-1.0,-1.0,-1.0,-1.0
531,361.9595,311.83246,112.37333,-1.0,-1.0,-1.0,-1.0
532,5751.5903,164.62895,1567.11,-1.0,-1.0,-1.0,-1.0
533,2188.7886,288.94852,392.5908,-1.0,-1.0,-1.0,-1.0
534,1360.9232,455.3729,1047.9906,-1.0,-1.0,-1.0,-1.0
535,1134.7429,770.77893,359.80865,-1.0,-1.0,-1.0,-1.0
536,2052.5886,832.6561,175.09169,-1.0,-1.0,-1.0,-1.0
537,1327.2422,352.006,577.9266,-1.0,-1.0,-1.0,-1.0
538,458.08682,554.11475,3879.253,-1.0,-1.0,-1.0,-1.0
539,180.28108,1021.87024,245.56305,-1.0,-1.0,-1.0,-1.0
540,294.45328,489.30066,4493.254,-1.0,-1.0,-1.0,-1.0
541,1420.1554,184.40257,319.3402,-1.0,-1.0,-1.0,-1.0
542,2012.242,541.9833,2347.4417,-1.0,-1.0,-1.0,-1.0
543,896.2278,188.92395,941.4245,-1.0,-1.0,-1.0,-1.0
544,2797.8293,193.725,833.14185,-1.0,-1.0,-1.0,-1.0
545,720.64154,156.81897,248.73186,-1.0,-1.0,-1.0,-1.0
546,1109.8652,999.91327,791.94586,-1.0,-1.0,-1.0,-1.0
547,1674.9756,3035.7056,566.1175,-1.0,-1.0,-1.0,-1.0
548,213.70097,5957.095,140.9419,-1.0,-1.0,-1.0,-1.0
549,185.52702,346.70566,765.3187,-1.0,-1.0,-1.0,-1.0
550,1921.8705,386.05106,1213.2406,-1.0,-1.0,-1.0,-1.0
551,297.14572,202.90576,1466.4805,-1.0,-1.0,-1.0,-1.0
552,3791.7185,886.207,205.55928,-1.0,-1.0,-1.0,-1.0
553,347.0908,225.0905,1698.8367,-1.0,-1.0,-1.0,-1.0
554,437.73093,440.26257,1584.1313,-1.0,-1.0,-1.0,-1.0
555,969.92725,587.77057,2166.5125,-1.0,-1.0,-1.0,-1.0
556,928.09467,237.54001,2180.902,-1.0,-1.0,-1.0,-1.0
557,945.1809,2857.7454,1481.4893,-1.0,-1.0,-1.0,-1.0
558,10667.332,282.49612,880.9418,-1.0,-1.0,-1.0,-1.0
559,298.56497,1259.417,805.2339,-1.0,-1.0,-1.0,-1.0
560,424.99774,4167.252,1422.4731,-1.0,-1.0,-1.0,-1.0
561,93.693146,772.4893,1383.9341,-1.0,-1.0,-1.0,-1.0
562,1789.6895,140.93661,1181.5502,-1.0,-1.0,-1.0,-1.0
563,946.3585,133.62029,153.3389,-1.0,-1.0,-1.0,-1.0
564,650.69855,1070.377,309.64685,-1.0,-1.0,-1.0,-1.0
565,1331.5629,284.40936,823.36865,-1.0,-1.0,-1.0,-1.0
566,482.88043,1950.8073,272.79657,-1.0,-1.0,-1.0,-1.0
567,1359.9075,1816.0044,410.1499,-1.0,-1.0,-1.0,-1.0
568,3182.8848,1349.6025,3610.6953,-1.0,-1.0,-1.0,-1.0
569,588.5336,1567.4065,1305.7463,-1.0,-1.0,-1.0,-1.0
570,1387.9214,1738.2614,1825.3527,-1.0,-1.0,-1.0,-1.0
571,880.8607,139.38422,106.12267,-1.0,-1.0,-1.0,-1.0
572,1991.3727,134.49524,2456.6897,-1.0,-1.0,-1.0,-1.0
573,4277.3325,216.99477,1359.0122,-1.0,-1.0,-1.0,-1.0
574,1275.9509,406.4276,1858.2883,-1.0,-1.0,-1.0,-1.0
575,563.8859,628.0928,292.1583,-1.0,-1.0,-1.0,-1.0
576,1802.3745,295.6739,564.3209,-1.0,-1.0,-1.0,-1.0
577,4652.992,740.9333,2021.4381,-1.0,-1.0,-1.0,-1.0
578,2358.3237,153.3281,642.63214,-1.0,-1.0,-1.0,-1.0
579,893.7777,6613.0684,81.89133,-1.0,-1.0,-1.0,-1.0
580,3012.903,383.63327,669.20496,-1.0,-1.0,-1.0,-1.0
581,459.26712,591.6888,766.5414,-1.0,-1.0,-1.0,-1.0
582,129.063,3424.8,1959.0288,-1.0,-1.0,-1.0,-1.0
583,262.6375,253.62459,1229.6866,-1.0,-1.0,-1.0,-1.0
584,1518.1006,1330.604,3292.935,-1.0,-1.0,-1.0,-1.0
585,901.4477,486.47833,5586.8926,-1.0,-1.0,-1.0,-1.0
586,1448.7109,736.5454,495.58963,-1.0,-1.0,-1.0,-1.0
587,1241.1816,141.71428,707.99744,-1.0,-1.0,-1.0,-1.0
588,962.9739,106.56721,667.1243,-1.0,-1.0,-1.0,-1.0
589,1880.7925,192.09297,3993.5947,-1.0,-1.0,-1.0,-1.0
590,795.1971,120.78329,1486.5029,-1.0,-1.0,-1.0,-1.0
591,264.9601,1327.1875,136.53677,-1.0,-1.0,-1.0,-1.0
592,358.46262,592.8994,2967.535,-1.0,-1.0,-1.0,-1.0
593,2794.1873,748.42975,430.36966,-1.0,-1.0,-1.0,-1.0
594,1614.1763,1136.1565,2807.048,-1.0,-1.0,-1.0,-1.0
595,884.7735,4066.3857,203.1902,-1.0,-1.0,-1.0,-1.0
596,333.93127,886.83057,334.24365,-1.0,-1.0,-1.0,-1.0
597,2106.6729,1122.8529,3201.098,-1.0,-1.0,-1.0,-1.0
598,1302.1385,351.80466,997.62915,-1.0,-1.0,-1.0,-1.0
599,241.65457,380.97757,488.9757,-1.0,-1.0,-1.0,-1.0
600,2482.8433,490.80246,4747.3833,2603.5793,-1.0,-1.0,-1.0
601,372.30054,917.88635,631.45337,598.8994,-1.0,-1.0,-1.0
602,237.62857,222.71661,227.36736,1118.9688,-1.0,-1.0,-1.0
603,765.5975,196.29118,206.11464,2066.5254,-1.0,-1.0,-1.0
604,167.57042,706.9709,242.44685,207.81837,-1.0,-1.0,-1.0
605,173.78792,524.3742,976.64716,5728.1055,-1.0,-1.0,-1.0
606,2231.0999,102.48848,455.47357,3556.877,-1.0,-1.0,-1.0
607,108.10573,113.65393,507.16245,468.13962,-1.0,-1.0,-1.0
608,4302.9165,459.79333,4706.26,1510.7301,-1.0,-1.0,-1.0
609,971.7688,268.5077,3311.5505,1443.9523,-1.0,-1.0,-1.0
610,1576.0911,487.39587,2461.1304,214.48218,-1.0,-1.0,-1.0
611,1480.7096,805.8598,410.34286,269.00296,-1.0,-1.0,-1.0
612,1612.8304,1551.8156,828.6895,893.1792,-1.0,-1.0,-1.0
613,679.165,923.5004,539.168,537.6501,-1.0,-1.0,-1.0
614,474.21948,6009.076,2848.6016,177.59505,-1.0,-1.0,-1.0
615,8849.355,4441.769,235.01802,402.98676,-1.0,-1.0,-1.0
616,1905.4445,173.11691,270.93515,520.95667,-1.0,-1.0,-1.0
617,1102.2721,1194.3063,279.55875,1631.6027,-1.0,-1.0,-1.0
618,473.97415,1198.8256,1447.7705,322.04507,-1.0,-1.0,-1.0
619,1093.4913,3047.848,52-1.08673,434.28793,-1.0,-1.0,-1.0
620,617.89825,1827.9148,370.57684,138.97913,-1.0,-1.0,-1.0
621,159.25034,385.7919,598.83075,1503.3444,-1.0,-1.0,-1.0
622,79.80706,1128.0099,124.28632,102.9655,-1.0,-1.0,-1.0
623,2184.754,114.98796,81.503624,1281.5066,-1.0,-1.0,-1.0
624,286.9746,507.68405,1774.9882,1057.1088,-1.0,-1.0,-1.0
625,2217.722,1485.4918,662.5433,1219.45,-1.0,-1.0,-1.0
626,375.66602,983.6889,365.78354,448.51083,-1.0,-1.0,-1.0
627,2791.8142,385.3121,331.04062,230.56207,-1.0,-1.0,-1.0
628,1865.3251,4030.407,524.9776,1477.3412,-1.0,-1.0,-1.0
629,2162.037,341.92838,309.91147,4354.6343,-1.0,-1.0,-1.0
630,2518.5674,299.94467,188.94466,5664.1865,-1.0,-1.0,-1.0
631,191.8879,112.17198,936.6911,185.91829,-1.0,-1.0,-1.0
632,443.69333,674.00104,322.5858,420.60043,-1.0,-1.0,-1.0
633,1444.8414,107.521194,479.49002,762.08154,-1.0,-1.0,-1.0
634,4526.91,381.55972,367.06137,531.3149,-1.0,-1.0,-1.0
635,750.1032,555.59534,716.42426,361.42197,-1.0,-1.0,-1.0
636,344.5026,607.1018,3260.942,267.53232,-1.0,-1.0,-1.0
637,316.43546,317.2324,450.85645,120.12998,-1.0,-1.0,-1.0
638,428-1.0674,262.63553,226.01231,492.37738,-1.0,-1.0,-1.0
639,2359.3774,197.1031,1107.7887,1386.0304,-1.0,-1.0,-1.0
640,468.45895,946.6326,1919.4641,691.23846,-1.0,-1.0,-1.0
641,4495.9756,977.62463,905.92145,1467.4906,-1.0,-1.0,-1.0
642,283.16144,897.247,418.85498,1474.7714,-1.0,-1.0,-1.0
643,976.34766,94.52204,1279.7762,502.05515,-1.0,-1.0,-1.0
644,1134.5607,278.28586,253.01382,544.4211,-1.0,-1.0,-1.0
645,1048.431,444.382,573.7049,732.3582,-1.0,-1.0,-1.0
646,2917.6238,240.3341,518.0113,408.0882,-1.0,-1.0,-1.0
647,4054.4568,328.20468,1071.5599,1265.0258,-1.0,-1.0,-1.0
648,872.2159,538.2927,90.21594,334.2544,-1.0,-1.0,-1.0
649,1933.9976,591.0509,383.77872,1461.2692,-1.0,-1.0,-1.0
650,461.87692,792.13947,275.79446,334.72842,-1.0,-1.0,-1.0
651,3756.6367,339.45322,128.82361,1728.9486,-1.0,-1.0,-1.0
652,1504.4916,1591.607,236.67496,1299.0668,-1.0,-1.0,-1.0
653,842.6304,449.76028,519.8116,752.77594,-1.0,-1.0,-1.0
654,346.11166,1839.1901,394.33377,247.50052,-1.0,-1.0,-1.0
655,301.8265,140.64595,123.72462,261.15463,-1.0,-1.0,-1.0
656,2357.23,299.6896,342.5513,2207.2969,-1.0,-1.0,-1.0
657,4781.84,698.58514,1268.8153,1863.6295,-1.0,-1.0,-1.0
658,1085.1704,1384.4667,217.08841,347.51288,-1.0,-1.0,-1.0
659,279.09485,361.78952,396.066,767.1528,-1.0,-1.0,-1.0
660,189.97523,149.82661,312.93326,274.17725,-1.0,-1.0,-1.0
661,1363.7413,1868.0536,1162.8516,2393.7166,-1.0,-1.0,-1.0
662,4334.1274,463.20096,1250.348,929.868,-1.0,-1.0,-1.0
663,2283.046,2816.0725,3183.3115,828.412,-1.0,-1.0,-1.0
664,106.83595,655.40204,177.69789,967.1,-1.0,-1.0,-1.0
665,2929.957,255.6329,73.33714,713.07214,-1.0,-1.0,-1.0
666,350.68167,374.38593,200.75395,1529.7572,-1.0,-1.0,-1.0
667,369.23666,247.43602,372.2708,630.51483,-1.0,-1.0,-1.0
668,783.28314,1116.0758,398.3506,420.6581,-1.0,-1.0,-1.0
669,1101.1152,898.44824,5048.3677,1052.7054,-1.0,-1.0,-1.0
670,361.20102,141.61192,1827.222,322.96576,-1.0,-1.0,-1.0
671,581.92737,496.44916,3090.8616,477.91263,-1.0,-1.0,-1.0
672,925.01495,124.7081,1843.9926,545.04193,-1.0,-1.0,-1.0
673,728.12274,268.26166,1343.0573,741.8497,-1.0,-1.0,-1.0
674,2250.4077,130.71805,714.3178,521.8809,-1.0,-1.0,-1.0
675,448.73917,2304.2732,772.17145,3043.1033,-1.0,-1.0,-1.0
676,10556.332,675.80853,1479.1753,752.22736,-1.0,-1.0,-1.0
677,514-1.0854,395.58054,463.2526,1299.1018,-1.0,-1.0,-1.0
678,1268.9713,245.53816,859.66656,1643.7684,-1.0,-1.0,-1.0
679,209.16203,569.5907,263.76718,148.83173,-1.0,-1.0,-1.0
680,399.84085,492.0998,641.0429,4818.352,-1.0,-1.0,-1.0
681,2383.031,843.70605,378.17175,989.5539,-1.0,-1.0,-1.0
682,2215.293,3166.6167,553.3501,758.884,-1.0,-1.0,-1.0
683,3048.3943,1031.2181,632.59094,808.202,-1.0,-1.0,-1.0
684,147.75157,790.75037,1533.2225,240.32361,-1.0,-1.0,-1.0
685,190.9677,223.72905,1551.3053,134.27852,-1.0,-1.0,-1.0
686,1736.5645,282.67502,197.07927,2566.276,-1.0,-1.0,-1.0
687,116.71435,135.62584,1671.6527,1800.828,-1.0,-1.0,-1.0
688,1033.7726,157.50864,1948.5802,1247.5802,-1.0,-1.0,-1.0
689,408.34457,1895.5372,587.0247,2973.582,-1.0,-1.0,-1.0
690,1579.4283,245.38857,2835.3796,1540.2858,-1.0,-1.0,-1.0
691,1669.6473,483.56168,648.30084,878.08563,-1.0,-1.0,-1.0
692,1306.2635,1919.1438,61.777348,713.95013,-1.0,-1.0,-1.0
693,494.2773,633.3949,350.75192,175.14105,-1.0,-1.0,-1.0
694,3372.2397,1055.7081,1311.7987,331.5273,-1.0,-1.0,-1.0
695,333.72086,1030.9772,283.23837,974.53253,-1.0,-1.0,-1.0
696,121.42587,1584.6425,7200.6587,529.10944,-1.0,-1.0,-1.0
697,517.45935,290.2111,152.05145,1660.7445,-1.0,-1.0,-1.0
698,759.8433,2543.6885,268.36142,1260.7692,-1.0,-1.0,-1.0
699,574.11505,1552.1748,615.5767,4900.389,-1.0,-1.0,-1.0
700,270.259,220-1.0918,962.3565,1223.869,1522.6277,-1.0,-1.0
701,476.24838,122.157684,365.36774,191.00986,417.56665,-1.0,-1.0
702,1375.3823,541.01605,701.32745,4302.065,552.1322,-1.0,-1.0
703,204.0515,2275.6091,273.71835,733.59283,1533.831,-1.0,-1.0
704,236.8493,526.07916,858.961,356.03232,315.97562,-1.0,-1.0
705,368.46036,1333.7579,326.17502,162.56847,1720.2197,-1.0,-1.0
706,695.358,250.75542,256.97025,505.50095,1094.314,-1.0,-1.0
707,1682.8842,437.47095,502.6295,587.6508,4188.0703,-1.0,-1.0
708,1719.5182,840.58905,404.65244,195.36565,1194.8229,-1.0,-1.0
709,1177.7574,939.0627,227.7955,797.9145,1614.0852,-1.0,-1.0
710,194.65663,459.65378,408.64987,1129.7135,310.42407,-1.0,-1.0
711,1115.6888,5306.0615,1877.9603,212.42094,606.1645,-1.0,-1.0
712,486.00064,283.4759,116.03564,1491.9313,3107.3625,-1.0,-1.0
713,452.26923,890.9752,510.59198,106.29927,296.08344,-1.0,-1.0
714,1619.1094,643.0282,146.43758,547.22296,724.56976,-1.0,-1.0
715,614.5445,861.8813,187.7617,1222.8746,357.62714,-1.0,-1.0
716,840.86115,164.98898,591.0512,1051.0591,823.2993,-1.0,-1.0
717,1400.6038,132.14632,455.42776,206.03807,330.84576,-1.0,-1.0
718,5460.4517,120.22501,350.25412,646.5396,452.83774,-1.0,-1.0
719,634.3488,126.32448,72.526306,253.70085,901.64417,-1.0,-1.0
720,917.4786,773.0787,1089.6638,1674.8973,388.81784,-1.0,-1.0
721,1664.8337,7592.28,3576.807,367.7376,411.44168,-1.0,-1.0
722,1999.398,8190.752,479.4129,345.496,776.5281,-1.0,-1.0
723,246.8493,689.5189,218.81258,183.11162,179.8745,-1.0,-1.0
724,1765.6237,291.30072,88.81891,246.63354,2448.4407,-1.0,-1.0
725,132.71187,650.1994,1333.052,230.6111,232.22115,-1.0,-1.0
726,4234.104,1629.1641,220.77612,126.06946,1182.5001,-1.0,-1.0
727,587.7041,237.44157,171.86137,187.49498,1924.7316,-1.0,-1.0
728,1867.0988,1454.321,3699.3057,306.2739,1376.5624,-1.0,-1.0
729,1722.9027,106.37712,1444.8617,320.84106,1572.4265,-1.0,-1.0
730,710.84784,1721.789,2325.0225,6-1.054844,106.22512,-1.0,-1.0
731,1014.46674,2408.6587,114.18,166.38686,1998.6594,-1.0,-1.0
732,220.16678,190.9394,218.29665,2126.6482,120.428696,-1.0,-1.0
733,818.9375,613.04816,271.38467,1080.4525,942.3985,-1.0,-1.0
734,691.7907,222.18819,4121.6304,193.36801,795.16034,-1.0,-1.0
735,476.8181,5085.8477,173.37453,2365.2622,799.39056,-1.0,-1.0
736,1214.9484,892.21265,162.0246,136.52248,1023.32947,-1.0,-1.0
737,1825.9467,676.4511,6075.9473,199.07158,455.0031,-1.0,-1.0
738,67.479675,881.69415,857.7893,384.88492,358.60638,-1.0,-1.0
739,909.4527,901.9036,467.31744,212.96352,2120.3745,-1.0,-1.0
740,465.09576,40-1.01096,1024.3324,200.86488,346.2549,-1.0,-1.0
741,8326.875,837.22754,716.38837,1886.0492,426.09723,-1.0,-1.0
742,233.96829,268.6412,215.71455,1430.4286,1335.645,-1.0,-1.0
743,896.8797,331.26944,330.53638,224.9266,2128.2275,-1.0,-1.0
744,1030.7242,305.08148,335.9125,115.170044,4669.4243,-1.0,-1.0
745,1519.6775,621.08844,499.50674,258.59772,1048.1354,-1.0,-1.0
746,1635.1954,1890.6237,1120.4613,3524.7236,183.58339,-1.0,-1.0
747,992.57416,414.3381,680.3796,157.63065,1432.0327,-1.0,-1.0
748,1054.2347,353.85062,363.32053,115.20757,1172.7732,-1.0,-1.0
749,574.8089,194.71289,1012.38654,384.7488,1716.7112,-1.0,-1.0
750,403.539,1309.2933,638.0362,882.7388,1581.1321,-1.0,-1.0
751,1150.7125,136.95885,1759.1923,1457.5286,172.18088,-1.0,-1.0
752,518.56055,197.1703,442.12283,365.131,1125.4819,-1.0,-1.0
753,1861.0199,1065.1318,1848.008,743.1338,895.5141,-1.0,-1.0
754,801.4809,171.33473,191.40999,478.79926,684.18695,-1.0,-1.0
755,1390.8068,1098.376,93.67586,211.16776,2616.8147,-1.0,-1.0
756,2172.675,280.76874,348.81967,2175.1873,725.85864,-1.0,-1.0
757,1365.6344,426.7315,263.06436,286.1465,1660.259,-1.0,-1.0
758,517.92596,993.3836,1968.6659,907.17145,751.06836,-1.0,-1.0
759,647.73505,2621.2627,120.92338,176.92784,135.99728,-1.0,-1.0
760,853.7556,211.92232,678.1827,168.93985,171.86957,-1.0,-1.0
761,128.31517,614.45465,296.99258,1583.7544,498.5727,-1.0,-1.0
762,406.2847,967.63043,735.3576,444.98224,1742.8828,-1.0,-1.0
763,1894.0682,588.0122,284.77304,163.44325,868.10333,-1.0,-1.0
764,680.6017,516.19543,1050.5524,220.34682,494.31772,-1.0,-1.0
765,418.6864,1281.2637,1574.6365,413.4116,815.6621,-1.0,-1.0
766,385.32922,102.94386,1031.8904,730.28766,263.17355,-1.0,-1.0
767,157.40965,590.7295,814.8764,316.60727,1173.7001,-1.0,-1.0
768,2479.9568,1165.1749,386.84464,379.14645,1391.4974,-1.0,-1.0
769,232.40488,6003.103,2832.4263,374.39337,617.7213,-1.0,-1.0
770,133.98466,1636.3185,1029.9777,2231.643,479.29337,-1.0,-1.0
771,2619.0723,235-1.0386,593.9118,151.44054,8996.567,-1.0,-1.0
772,806.78815,273.04776,292.599,420.2968,339.33258,-1.0,-1.0
773,1372.8208,271.42566,506.34082,2479.0078,1153.5781,-1.0,-1.0
774,516.36444,429.28067,536.8189,412.97723,3093.153,-1.0,-1.0
775,350.73904,4999.1167,410.3607,337.62112,1372.1536,-1.0,-1.0
776,629.4582,392.27725,641.15204,831.5069,823.2915,-1.0,-1.0
777,1105.4703,540.583,246.95268,3411.5225,244.76883,-1.0,-1.0
778,1088.5054,69.80675,142.70041,1686.5814,1409.4462,-1.0,-1.0
779,501.81216,346.80002,749.3441,595.0098,3214.4036,-1.0,-1.0
780,2055.6973,227.33641,652.5873,251.84329,1979.9965,-1.0,-1.0
781,887.5544,2953.8003,943.568,198.141,342.12146,-1.0,-1.0
782,64.59419,512.7989,357.22574,631.8429,56.17962,-1.0,-1.0
783,775.6187,227.29308,2458.7654,727.825,3073.5122,-1.0,-1.0
784,684.6164,10511.361,1345.9072,204.16154,1276.529,-1.0,-1.0
785,605.3731,3025.0898,297.9265,903.15216,3100.7087,-1.0,-1.0
786,1068.1106,652.3951,534.51807,89.882645,2427.6724,-1.0,-1.0
787,355.4135,549.7575,126.51591,228.56978,304.95007,-1.0,-1.0
788,635.57074,174.06035,973.94055,508.78732,119.77669,-1.0,-1.0
789,3282.6028,440.72394,427.19522,2494.844,896.4478,-1.0,-1.0
790,647.583,773.36163,594.55286,933.1307,328.7475,-1.0,-1.0
791,193.71217,1727.4005,344.11127,215.07802,263.1419,-1.0,-1.0
792,821.93475,316.48227,555.71844,4300.3325,494.53918,-1.0,-1.0
793,2100.9646,459.19662,163.60881,359.56784,1618.3765,-1.0,-1.0
794,764.0839,165.53615,435.23932,364.52258,176.55994,-1.0,-1.0
795,629.07513,204.76228,434.272,158.85442,1353.7816,-1.0,-1.0
796,346.71167,935.94714,519.0613,1116.3236,591.5761,-1.0,-1.0
797,1770.4127,732.61676,609.86505,119.64017,486.93564,-1.0,-1.0
798,1056.6392,4277.8135,1543.8468,2320.6128,438.03793,-1.0,-1.0
799,741.35187,2099.8862,157.88556,477.92206,1368.531,-1.0,-1.0
800,64.95819,205.22227,134.28563,917.20844,75.68094,603.4285,-1.0
801,2326.175,278.1513,149.21716,1335.9381,301.24643,1159.7274,-1.0
802,2880.141,949.70746,658.221,1041.6981,252.42987,6102.628,-1.0
803,384.98953,206.54062,561.13293,821.3481,1220.9907,6568.919,-1.0
804,1397.5256,415.94846,416.62015,292.7709,330.38733,1786.8177,-1.0
805,65.455,4557.188,605.14954,720.6895,336.80072,1090.9824,-1.0
806,142.17026,1475.8357,231.71541,492.08902,281.3746,417.5811,-1.0
807,3275.019,4009.1416,208.10081,131.38168,586.1616,1314.9058,-1.0
808,1329.0958,299.09604,261.04916,7206.7456,69.144936,683.4944,-1.0
809,428.08054,1235.8438,288.20502,867.04004,250.64247,7057.191,-1.0
810,146.27174,5599.859,276.415,1518.9646,162.56018,933.25696,-1.0
811,798.71747,712.65204,125.31502,716.35223,309.71527,354.22827,-1.0
812,829.13324,59.514782,616.86346,265.63235,449.67337,259.3814,-1.0
813,585.258,141.25052,702.84973,416.45438,150.71312,799.431,-1.0
814,3186.2812,490.8948,731.17194,1326.537,353.95306,1635.5127,-1.0
815,3674.2288,242.77539,554.67377,1188.5427,2248.7485,185.1409,-1.0
816,1248.0648,582.63446,258.69327,657.52155,216.49475,583.7874,-1.0
817,244.2419,98.11836,863.8667,1736.5171,189.08607,2147.4915,-1.0
818,489.67023,281.6583,1958.2499,423.4796,1084.4792,212.4541,-1.0
819,713.7813,1072.6304,499.3251,998.20844,464.79904,1523.7125,-1.0
820,801.29114,1587.3715,691.03937,539.5272,392.1377,176.61043,-1.0
821,523.16064,309.93637,3187.941,382.37564,324.07324,777.24896,-1.0
822,447.5997,3543.3804,482.3267,491.91153,1600.2539,70.812454,-1.0
823,271.4208,153.49583,609.02545,114.22675,518.4412,2374.1326,-1.0
824,2451.556,611.8383,511.14413,274.07428,424.40942,1390.3994,-1.0
825,2188.52,517.8369,97.78223,1726.1743,2072.029,1473.1301,-1.0
826,1486.5753,240.95964,1536.8773,1384.9935,336.37762,339.2625,-1.0
827,4759.6636,303.9244,911.5877,324.2347,1029.869,1078.5824,-1.0
828,1462.5585,989.2871,4655.3496,427.05576,109.80513,2342.5444,-1.0
829,470.63678,89.70281,556.4737,401.47073,217.97159,648.67395,-1.0
830,4663.856,545.26843,178.56856,408.4332,686.6232,9420.291,-1.0
831,2035.5748,1285.7186,2299.0928,810.43536,1047.0156,290.50983,-1.0
832,345.9943,138.6311,114.379486,899.90546,168.69745,475.163,-1.0
833,280.27997,1214.6232,278.88998,122.37309,446.3524,1162.6655,-1.0
834,652.9511,115.237144,400.98428,1626.4012,112.43019,4144.5444,-1.0
835,100-1.0636,5194.9946,1854.5468,787.21454,5549.8003,303.33392,-1.0
836,623.59686,8731.727,407.13242,327.2662,307.4277,803.6664,-1.0
837,252.9665,1210.2885,1793.1119,356.1683,221.27002,390.84802,-1.0
838,149.45407,6370.292,286.29208,158.20155,867.77264,505.40686,-1.0
839,4602.5767,493.38522,5159.136,2409.6882,142.89227,591.5837,-1.0
840,231.10764,57.96419,2232.848,640.982,220.43494,2029.7465,-1.0
841,1128.3768,2021.6077,570.2823,3526.2085,406.87564,596.4454,-1.0
842,290.52542,420.13284,1576.5157,274.0186,679.7679,74.91174,-1.0
843,358.4239,1386.1688,1046.4011,525.0358,158.8928,388.28027,-1.0
844,1263.351,178.61559,133.20451,384.89966,324.53595,1830.7174,-1.0
845,201.97902,1068.2523,1189.8878,81.13841,315.47168,2828.2375,-1.0
846,830.3117,682.59424,344.27188,2750.8745,1456.3195,218.23749,-1.0
847,1979.1112,2570.4004,477.8478,254.97423,79.3675,1412.3026,-1.0
848,1852.9263,602.27435,1375.647,1248.6521,404.20575,7661.592,-1.0
849,568.5249,252.11784,287.99362,311.93637,180.22769,380.98404,-1.0
850,1517.1847,1037.2611,447.38828,479.07077,103.32533,1809.5002,-1.0
851,506.8778,332.0836,417.17242,258.90536,594.3314,119-1.0674,-1.0
852,1150.2043,769.3035,316.52045,852.2186,361.94852,1170.1774,-1.0
853,100.43198,4666.0996,357.77783,5206.276,544.04913,429.74954,-1.0
854,526.3228,540.73114,331.94614,527.54504,3845.3962,505.502,-1.0
855,329.19485,318.38147,3577.366,295.2596,1192.1006,169.74825,-1.0
856,288.72083,488.12216,450.23376,113.94188,220.5686,494.41525,-1.0
857,1674.7567,704.7306,315.19144,1087.4493,422.34076,1072.6442,-1.0
858,1359.3452,3423.0542,229.25874,228.61308,789.4069,1481.5801,-1.0
859,1038.6774,246.56093,775.5153,593.9696,376.6139,212.51112,-1.0
860,25-1.02412,468.7833,423.56735,288.7374,454.27054,1302.9482,-1.0
861,677.1394,198.42003,1872.3502,4005.0903,300.99326,1756.8148,-1.0
862,1109.0967,110.36193,1676.7039,141.41948,316.41068,207.40305,-1.0
863,3006.9294,858.7503,1339.1302,481.30862,2075.4302,293.65988,-1.0
864,2015.318,991.3745,928.0766,3065.0786,643.1228,2181.5425,-1.0
865,411.52054,465.10184,1154.5864,107.652756,502.82553,946.4924,-1.0
866,988.06384,218.66058,2280.2922,216.87521,415.1006,129.79535,-1.0
867,721.20953,585.39624,356.68484,689.642,2667.8853,4625.419,-1.0
868,1575.4415,891.1945,525.4003,980.88776,264.97693,1919.9016,-1.0
869,1809.5787,892.767,1503.2771,546.70325,1075.4435,616.44995,-1.0
870,76-1.0029,775.9381,160.78108,577.2848,1538.701,347.05344,-1.0
871,690.5015,437.1569,300.45895,112.221,334.42258,616.42346,-1.0
872,316.334,257.0408,313.731,591.66046,295.42166,1107.6865,-1.0
873,775.02484,2967.0864,1986.2384,383.06177,101.60808,301.14334,-1.0
874,359.67136,396.79865,1010.755,2190.1616,328.75955,66.344124,-1.0
875,683.41644,6065.1543,1389.9757,428.13745,5195.4014,1567.666,-1.0
876,229.57341,424-1.064,379.39023,1327.3915,1386.0778,1812.9476,-1.0
877,486.75748,1550.4176,803.81696,539.4978,900.31287,1490.5365,-1.0
878,472.4841,1894.3259,100.5673,377.19052,1163.1064,456.85913,-1.0
879,1229.0725,172.00114,574.6818,2610.629,233.91208,968.0738,-1.0
880,923.75604,1740.6522,372.37262,419.9528,277.07584,199.96526,-1.0
881,586.95844,866.01416,301.43857,1081.6755,206.12242,245.14056,-1.0
882,5783.688,146.94151,1273.5013,615.335,742.00244,693.8789,-1.0
883,517.2671,251.21739,248.98924,154.692,497.2344,3762.7302,-1.0
884,294.66727,1747.2242,304.03067,529.01764,142.27917,164.14655,-1.0
885,617.4313,5439.582,458.30634,687.8565,596.92633,1499.0273,-1.0
886,503.02515,402.53262,582.5214,1052.4501,121.273026,332.86923,-1.0
887,1302.8774,715.99384,962.53754,754.2624,98.26654,302.38586,-1.0
888,3846.6973,283.71225,341.86688,1720.3193,2795.8872,344.69785,-1.0
889,247.35307,1059.0065,1413.8213,2449.5916,3536.6099,54.26442,-1.0
890,245.22897,1153.1447,6973.4116,196.82053,137.37169,307.29193,-1.0
891,3833.5007,307.76224,272.3194,765.4297,93.72808,3390.9268,-1.0
892,2215.723,254.26395,148.37375,701.3776,1045.3488,554.9488,-1.0
893,2435.2817,187.78592,212.21916,6460.231,151.99883,238.84785,-1.0
894,67.310974,10189.889,307.66934,242.86406,365.18723,311.1682,-1.0
895,175.13889,613.80505,99.68207,1027.3191,910.9313,171.68878,-1.0
896,2296.1965,648.60333,1011.5945,261.8674,306.7098,701.69086,-1.0
897,1112.6642,79.48778,1150.266,285.15213,191.26933,524.85565,-1.0
898,928.9036,1478.584,501.60318,157.67508,316.2085,696.91455,-1.0
899,1107.7711,1139.8889,698.7828,554.79474,193.8373,866.33026,-1.0
900,316.58176,357.88794,978.73425,525.0091,57.386772,412.0926,496.63678
901,1032.7618,131.68452,1852.5691,95.855896,96.53446,1019.8969,136.85962
902,1305.8295,1778.8628,702.39655,533.658,225.98962,2500.2234,377.11194
903,424.89758,438.30896,59.600872,1293.405,264.66843,362.37064,72.33448
904,891.9419,839.54596,630.2458,250.5418,1243.6431,126.50386,47-1.02344
905,159.59483,6956.63,66.56182,239.40231,2897.0278,1493.0924,243.89084
906,921.6838,4411.3784,1254.9528,110.213806,686.50366,88-1.00024,1809.3462
907,626.9384,435.7741,177.98085,512.39,599.4793,441.54657,146.89131
908,652.05695,1043.4103,681.8551,766.254,906.97107,477.71164,648.34546
909,181.19324,356.78842,478.89987,4122.2876,181.81009,1182.7596,1585.1215
910,5471.227,2000.7592,424.3,104.88161,120.219955,643.7711,1115.6823
911,1423.528,247.61884,1087.3048,1101.7987,178.53922,324.95667,7224.821
912,187.14838,581.8056,1543.3839,966.0336,94.17883,3818.225,325.69543
913,2381.456,462.30878,800.2233,342.83875,1010.5478,513.962,705.0451
914,129.41988,304.97388,554.94977,286.39493,548.5803,439.09247,83.59875
915,817.56506,224.48032,362.83786,314.8456,1926.3414,261.06244,281.51126
916,3133.816,259.44943,382.90292,158.77216,292.22113,549.1502,944.57806
917,1399.8231,642.585,574.6872,1160.114,297.71255,60.637196,187.99329
918,885.7846,300.64413,427.63046,225.18788,2877.3745,131.61371,2493.9478
919,2711.1802,230.20644,617.3378,850.46063,801.21387,257.90375,152.21205
920,93.423584,535.01196,676.05927,801.2285,517.32495,245.45836,1195.414
921,869.65704,873.0417,317.5154,1507.809,296.5921,163.46098,341.60535
922,7317.915,758.0897,331.68277,509.90335,600.33905,389.6999,4718.678
923,586.0286,1454.5751,344.03616,1520.5367,1010.4566,533.12695,1226.3608
924,91.08105,1212.2919,1596.2164,818.62177,527.3146,3668.266,228.89406
925,1025.6254,580.6691,575.3316,939.8543,482.59103,259.67502,6123.5483
926,2514.7192,342.8951,1072.0548,515.7849,266.30923,870.2148,824.8056
927,869.9461,436.5994,85.289154,660.5672,212.03427,75.33515,124.846214
928,389.71332,320.66733,471.5162,319.51993,136.17676,890.38837,500.5154
929,1274.775,281.66772,983.3029,636.81573,294.4218,1126.0557,1794.083
930,1050.7964,633.08014,1017.59503,147.34174,536.32745,374.5905,1586.0448
931,865.52094,101.82172,551.1236,325.25198,356.6557,249.7518,225.28789
932,2389.9207,10569.535,956.6057,116.23484,269.56424,185.94745,144.70381
933,258.0796,333.9587,694.9399,1921.1312,162.80313,640.7443,210.32336
934,239.34938,1061.2437,7515.103,462.15683,388.29776,292.3837,464.66464
935,1944.6793,459.3056,282.42856,1045.8573,172.08743,1118.6433,736.999
936,1539.6456,498.19678,147.85976,5520.314,334.00168,192.81152,1331.9307
937,260.83026,5326.2817,608.5534,466.64114,328.6971,879.6612,607.4996
938,1711.3287,355.82724,1092.2705,1045.8546,131.20581,547.7966,3688.866
939,1332.1855,203.8306,310.79153,766.65765,731.68176,167.28477,1134.1506
940,311.54117,218.42342,119.98181,654.8944,224.70894,517.9795,1491.5238
941,344.82553,957.5497,1030.8958,910.41486,820.5647,793.11383,303.4889
942,574.4834,606.0987,530.1702,173.90898,1262.3628,960.1758,618.0531
943,202.74585,2961.865,1049.4779,191.90147,527.4274,105.30612,61.809277
944,355.00754,1400.1356,1861.7494,455.51288,798.5307,123.819695,5478.028
945,997.05255,463.03372,318.99432,350.7827,132.78157,1394.9686,3541.7332
946,386.2709,434.74557,5631.5806,1751.6033,62.6754,95.21075,699.0053
947,1542.9574,3182.382,445.98068,316.06485,1029.877,102.28357,454.7423
948,1370.715,1532.73,181.37807,227.92265,285.2309,1478.2488,215.8629
949,141-1.0482,1612.3882,1775.8826,471.95764,662.57074,309.4918,435.01575
950,363.84506,547.50507,126.981544,449.58664,1966.7748,925.06146,1995.4159
951,117.82306,426.70065,259.45493,419.03354,521.1033,116.50072,334.4721
952,584.0245,5196.2007,611.4289,450.97577,1526.9603,250.42204,907.9205
953,1288.2452,352.84592,485.12674,156.92154,208.17834,551.0545,2079.0024
954,345.83127,82-1.01117,210.23497,734.5302,1341.0496,282.08954,372.89734
955,1149.5157,772.30096,483.2194,1858.4236,447.02167,845.0638,1830.6389
956,261.26077,1768.511,420.83768,210.39926,1320.4441,412.4863,193.85574
957,2767.8413,463.85822,691.692,776.8935,278.02155,541.29553,1005.0788
958,1515.136,637.3826,134.11653,2467.8247,162.28395,3481.5662,656.51245
959,549.53937,1029.1609,393.28702,716.217,889.6669,1847.8881,2072.1248
960,2483.4033,251.86638,963.8461,348.23465,1053.6311,63.217983,5151.493
961,3356.8242,1521.475,1670.7408,313.19473,1237.858,388.23175,280.29358
962,812.50885,2434.5664,98.98285,965.55646,127.324814,966.7178,290-1.0537
963,988.81134,446.84662,132.69083,347.0766,436.16428,154.28482,341.1281
964,851.0472,185.5327,95.62669,495.3508,2007.2415,256.4736,1140.557
965,370.8557,967.2216,69.26607,66.81776,727.33295,264.16837,316.78842
966,406.48956,1463.6351,521.5407,795.68805,746.1521,607.20886,315.8978
967,271.0506,106.79695,214.6214,594.2043,1127.4907,1074.0933,1205.9335
968,1192.8596,2038.8123,249.47542,900.2527,2924.8298,185.56863,190.17311
969,30-1.08255,549.5152,529.9427,1926.5211,376.34555,1740.2079,1387.5852
970,320.9044,404.06174,409.17383,111-1.0734,155.00954,2423.8152,690.8423
971,1078.1879,1882.6266,294.1662,2232.8457,226.93861,1518.4045,763.00507
972,69.884186,24-1.07967,772.1297,326.99948,684.159,146.80074,589.0747
973,472.3976,178.97673,146.84972,73.767815,258.91202,1066.218,450.41486
974,1861.4491,825.2819,360.82074,223.78415,379.3453,769.7767,491.99454
975,551.0385,638.19257,1194.6766,498.72238,3265.2388,773.83374,269.7622
976,767.1729,1005.2021,270.4868,1670.4039,397.75046,47-1.0623,277.7543
977,171.90582,503.08115,216.81526,490.99033,462.10007,399.68408,378.2578
978,605.55,1363.8649,2416.189,241.4174,1294.2219,98.72243,5295.523
979,3320.171,456.3811,435.7384,504.43076,153.36307,1171.572,1302.5726
980,1209.3802,3512.4038,567.8796,486.0705,207.3125,356.78342,647.31335
981,380.72,9016.416,87.27743,549.0125,655.43445,797.52924,300.501
982,502.73483,167.63306,105.9876,597.4479,4181.3555,422.4102,1049.3861
983,1350.1112,415.0048,880.27094,642.1266,156.63628,592.51825,310.9541
984,185.2738,2572.2559,184.12119,170.77135,109.11545,644.4917,314.69952
985,1769.6606,181.9401,126.16834,379.76187,349.64618,1073.7141,1042.4443
986,264.20743,1503.1622,34-1.01633,1542.099,337.19925,114.50582,147.93729
987,237.78523,3518.502,1173.8328,167.97942,141.81194,223.64037,649.34247
988,400.81412,345.59805,484.87296,498.82584,1030.6809,235.50766,305.65988
989,1880.3986,3127.062,291.99866,604.55334,180.42877,308.9008,780.6342
990,1017.61,1342.0231,2335.733,412.96255,405.69315,504.7506,669.02167
991,294.22327,1490.8375,4064.5615,555.02045,677.6572,702.51294,235.31265
992,1687.5627,204.46857,1789.3418,292.74423,756.98535,1029.228,347.62137
993,464.96283,1136.462,104.093765,402.52316,2271.7136,95.75192,129.28554
994,756.8692,1789.9329,148.61688,461.1883,132.74475,132.81163,568.7836
995,202.17952,77.83538,4377.821,7077.1436,1919.2997,1041.3328,1018.41986
996,876.5167,478.6566,515.65643,389.49692,316.3485,199.2136,1696.4318
997,6114.3716,641.5627,160.44902,162.39888,248.63914,287.23126,1795.9076
998,503.93552,317.99146,251.91125,654.2121,676.985,991.1342,437.54968
999,707.59174,8779.442,166.58412,960.61035,30-1.0709,281.25845,37-1.06973
1000,187.81947,3365.0542,2043.0785,-1.0,-1.0,-1.0,-1.0
1001,968.0824,419.2227,2034.1858,-1.0,-1.0,-1.0,-1.0
1002,607.5535,781.6284,1488.1125,-1.0,-1.0,-1.0,-1.0
1003,300.9258,148.55576,278.04584,-1.0,-1.0,-1.0,-1.0
1004,366.79834,938.44904,301.62302,-1.0,-1.0,-1.0,-1.0
1005,10953.931,549.52496,10843.739,-1.0,-1.0,-1.0,-1.0
1006,1091.0424,276.44495,920.6164,-1.0,-1.0,-1.0,-1.0
1007,3854.6492,315.99472,361.91135,-1.0,-1.0,-1.0,-1.0
1008,172.32286,484.56223,2993.3774,-1.0,-1.0,-1.0,-1.0
1009,1141.7031,5093.7363,2548.9695,-1.0,-1.0,-1.0,-1.0
1010,281.49454,95.17601,1054.9783,-1.0,-1.0,-1.0,-1.0
1011,1435.5231,1531.1669,10066.9375,-1.0,-1.0,-1.0,-1.0
1012,1114.0803,383.5128,368.41647,-1.0,-1.0,-1.0,-1.0
1013,376.8495,948.0991,304.5023,-1.0,-1.0,-1.0,-1.0
1014,294.38434,2218.525,1065.8093,-1.0,-1.0,-1.0,-1.0
1015,1771.8513,258.41455,951.93365,-1.0,-1.0,-1.0,-1.0
1016,1901.7762,694.804,265.09232,-1.0,-1.0,-1.0,-1.0
1017,962.5863,1998.1195,592.1072,-1.0,-1.0,-1.0,-1.0
1018,94.59196,1780.5609,533.5789,-1.0,-1.0,-1.0,-1.0
1019,601.348,147.70514,456.54996,-1.0,-1.0,-1.0,-1.0
1020,1133.3912,540.75793,509.93765,-1.0,-1.0,-1.0,-1.0
1021,260.45477,502.78818,531.9254,-1.0,-1.0,-1.0,-1.0
1022,290.75677,837.75037,852.25635,-1.0,-1.0,-1.0,-1.0
1023,537.0852,1197.8173,3533.4285,-1.0,-1.0,-1.0,-1.0
1024,875.564,214.61456,2223.5403,-1.0,-1.0,-1.0,-1.0
1025,293.47464,529.5502,2397.4387,-1.0,-1.0,-1.0,-1.0
1026,374.9707,354.0322,448.02197,-1.0,-1.0,-1.0,-1.0
1027,529.6302,189.54257,597.18335,-1.0,-1.0,-1.0,-1.0
1028,3100.2964,634.27856,2011.4316,-1.0,-1.0,-1.0,-1.0
1029,954.0701,806.65497,3240.8296,-1.0,-1.0,-1.0,-1.0
1030,338.89645,1967.311,728.2224,-1.0,-1.0,-1.0,-1.0
1031,2383.286,121.23607,424.23657,-1.0,-1.0,-1.0,-1.0
1032,1472.6458,783.8787,972.29205,-1.0,-1.0,-1.0,-1.0
1033,1155.7583,332.6821,2332.7551,-1.0,-1.0,-1.0,-1.0
1034,746.9891,126.85219,767.82,-1.0,-1.0,-1.0,-1.0
1035,1938.7958,662.1702,750.91455,-1.0,-1.0,-1.0,-1.0
1036,1134.7908,116.38834,704.34845,-1.0,-1.0,-1.0,-1.0
1037,4547.658,1173.4387,438.57324,-1.0,-1.0,-1.0,-1.0
1038,466.9621,185.15907,225.12247,-1.0,-1.0,-1.0,-1.0
1039,372.5542,248.67111,2250.826,-1.0,-1.0,-1.0,-1.0
1040,163.99182,428.95602,358.1451,-1.0,-1.0,-1.0,-1.0
1041,425.81158,462.4223,3154.8438,-1.0,-1.0,-1.0,-1.0
1042,1132.8099,2479.0098,815.62335,-1.0,-1.0,-1.0,-1.0
1043,271.27386,887.7253,263.9346,-1.0,-1.0,-1.0,-1.0
1044,590.7958,5471.8706,901.3558,-1.0,-1.0,-1.0,-1.0
1045,514.7609,398.46075,1096.3416,-1.0,-1.0,-1.0,-1.0
1046,3919.607,435.7904,1168.452,-1.0,-1.0,-1.0,-1.0
1047,1055.6536,336.83585,1614.0382,-1.0,-1.0,-1.0,-1.0
1048,2123.1133,655.5863,277.5733,-1.0,-1.0,-1.0,-1.0
1049,1086.7426,321.41043,582.02124,-1.0,-1.0,-1.0,-1.0
1050,2639.3855,197.42287,622.5941,-1.0,-1.0,-1.0,-1.0
1051,647.1644,2204.6753,501.8493,-1.0,-1.0,-1.0,-1.0
1052,2606.7908,384.47742,483.0339,-1.0,-1.0,-1.0,-1.0
1053,298.33972,158.12225,826.99023,-1.0,-1.0,-1.0,-1.0
1054,4995.9775,181.45062,761.95386,-1.0,-1.0,-1.0,-1.0
1055,878.1882,1554.3666,263.37955,-1.0,-1.0,-1.0,-1.0
1056,751.68304,423.34265,887.1777,-1.0,-1.0,-1.0,-1.0
1057,367.50085,1942.0615,759.9991,-1.0,-1.0,-1.0,-1.0
1058,116.41065,892.75446,179.49873,-1.0,-1.0,-1.0,-1.0
1059,622.8638,786.4078,330.9214,-1.0,-1.0,-1.0,-1.0
1060,221.76962,5738.8975,215.03183,-1.0,-1.0,-1.0,-1.0
1061,4570.4424,445.07462,3021.7173,-1.0,-1.0,-1.0,-1.0
1062,1973.6381,305.22617,1763.9628,-1.0,-1.0,-1.0,-1.0
1063,191.4492,323.31256,1475.8683,-1.0,-1.0,-1.0,-1.0
1064,521.0668,2110.9934,599.12756,-1.0,-1.0,-1.0,-1.0
1065,361.67957,2106.56,294.69357,-1.0,-1.0,-1.0,-1.0
1066,713.95197,486.1196,465.84842,-1.0,-1.0,-1.0,-1.0
1067,2081.1663,876.24884,212.77956,-1.0,-1.0,-1.0,-1.0
1068,567.8434,236.58485,134.1533,-1.0,-1.0,-1.0,-1.0
1069,821.3372,1173.7244,2372.2104,-1.0,-1.0,-1.0,-1.0
1070,2562.0476,927.9487,2980.3225,-1.0,-1.0,-1.0,-1.0
1071,697.7593,217.36615,313.74054,-1.0,-1.0,-1.0,-1.0
1072,3592.134,646.99365,1281.5117,-1.0,-1.0,-1.0,-1.0
1073,474.101,1140.8433,138.70709,-1.0,-1.0,-1.0,-1.0
1074,2306.7368,419.51224,6598.406,-1.0,-1.0,-1.0,-1.0
1075,1128.5927,4319.7144,1229.5066,-1.0,-1.0,-1.0,-1.0
1076,400.5466,1863.5746,644.2661,-1.0,-1.0,-1.0,-1.0
1077,446.87155,1367.706,297.77344,-1.0,-1.0,-1.0,-1.0
1078,938.32996,839.8856,1826.2307,-1.0,-1.0,-1.0,-1.0
1079,5193.5107,3533.3538,540.4468,-1.0,-1.0,-1.0,-1.0
1080,11205.012,1557.3705,1501.7076,-1.0,-1.0,-1.0,-1.0
1081,627.637,462.1423,306.0272,-1.0,-1.0,-1.0,-1.0
1082,737.3574,2561.014,617.51605,-1.0,-1.0,-1.0,-1.0
1083,308.32025,386.11517,2506.2358,-1.0,-1.0,-1.0,-1.0
1084,169.94533,125.501854,433.73392,-1.0,-1.0,-1.0,-1.0
1085,298.6453,844.3217,519.383,-1.0,-1.0,-1.0,-1.0
1086,543.04016,1301.0013,2354.284,-1.0,-1.0,-1.0,-1.0
1087,171.39708,1238.3732,3928.0698,-1.0,-1.0,-1.0,-1.0
1088,3018.911,622.21454,1680.7306,-1.0,-1.0,-1.0,-1.0
1089,465.9154,2424.97,740.7494,-1.0,-1.0,-1.0,-1.0
1090,231.89374,106.6067,505.18594,-1.0,-1.0,-1.0,-1.0
1091,356.15915,1848.3497,799.85626,-1.0,-1.0,-1.0,-1.0
1092,161-1.0043,398.7463,4379.245,-1.0,-1.0,-1.0,-1.0
1093,1447.1857,123.70815,1358.9517,-1.0,-1.0,-1.0,-1.0
1094,753.8004,407.62686,1889.6062,-1.0,-1.0,-1.0,-1.0
1095,322.59848,219.61993,2328.1711,-1.0,-1.0,-1.0,-1.0
1096,888.5955,533.72644,1963.1624,-1.0,-1.0,-1.0,-1.0
1097,482.6027,476.5739,1654.7515,-1.0,-1.0,-1.0,-1.0
1098,692.72906,1813.2004,657.9948,-1.0,-1.0,-1.0,-1.0
1099,414.18057,1111.5619,654.88104,-1.0,-1.0,-1.0,-1.0
1100,2909.226,646.65814,884.3478,352.28616,-1.0,-1.0,-1.0
1101,1269.1666,749.32245,1757.2806,845.94446,-1.0,-1.0,-1.0
1102,359.61935,4136.931,272.0778,69.90266,-1.0,-1.0,-1.0
1103,803.3471,164.25563,223.59134,579.11896,-1.0,-1.0,-1.0
1104,565.7935,510.9625,6824.4,233.73271,-1.0,-1.0,-1.0
1105,1054.1356,462.355,415.56973,478.7919,-1.0,-1.0,-1.0
1106,564.52545,359.31802,276.61652,805.69415,-1.0,-1.0,-1.0
1107,8070.3125,745.986,1109.9601,5252.916,-1.0,-1.0,-1.0
1108,388.27414,1564.2891,906.9183,1949.6827,-1.0,-1.0,-1.0
1109,426.16583,1476.6456,868.0528,695.2306,-1.0,-1.0,-1.0
1110,1880.7333,236.4329,216.02922,769.1285,-1.0,-1.0,-1.0
1111,428.80414,489.11386,1138.3063,385.14725,-1.0,-1.0,-1.0
1112,1923.39,1418.5431,768.7644,227.03232,-1.0,-1.0,-1.0
1113,277.41565,321.47,1959.39,142.84068,-1.0,-1.0,-1.0
1114,1512.3643,93.83688,251.08112,911.4599,-1.0,-1.0,-1.0
1115,957.28094,235.90382,1673.8563,5420.8228,-1.0,-1.0,-1.0
1116,632.63403,2076.79,1112.7794,2291.0098,-1.0,-1.0,-1.0
1117,732.5357,953.1848,1926.9015,1230.5062,-1.0,-1.0,-1.0
1118,203.65596,859.0519,229.25493,1205.2516,-1.0,-1.0,-1.0
1119,1102.4906,347.69885,112.80074,2523.9924,-1.0,-1.0,-1.0
1120,635.5525,266.39996,469.49734,1876.4214,-1.0,-1.0,-1.0
1121,1084.1979,992.5524,353.1013,1990.2863,-1.0,-1.0,-1.0
1122,284.51224,657.3907,1575.9077,673.08136,-1.0,-1.0,-1.0
1123,545.33844,294.55972,483.37643,1012.24274,-1.0,-1.0,-1.0
1124,1708.0466,131.28197,3575.4482,905.7014,-1.0,-1.0,-1.0
1125,116.206024,1673.2811,341.74808,1653.3408,-1.0,-1.0,-1.0
1126,3247.4724,1120.4109,187.9981,659.1639,-1.0,-1.0,-1.0
1127,1505.4728,414.53738,915.0456,2270.5154,-1.0,-1.0,-1.0
1128,671.00287,233.12563,787.16766,1942.9357,-1.0,-1.0,-1.0
1129,347.6217,1838.4003,1050.6049,2640.7053,-1.0,-1.0,-1.0
1130,128.1508,1126.4845,1022.6226,47-1.05655,-1.0,-1.0,-1.0
1131,449.0501,299.15924,383.95526,2418.4822,-1.0,-1.0,-1.0
1132,1128.2697,486.96667,2116.2964,305.9657,-1.0,-1.0,-1.0
1133,296.7858,246.98122,968.5664,422.5836,-1.0,-1.0,-1.0
1134,944.51624,1041.9237,583.7614,571.855,-1.0,-1.0,-1.0
1135,1964.705,512.9593,658.8734,6628.5825,-1.0,-1.0,-1.0
1136,98.20579,236.2055,906.7638,630.11786,-1.0,-1.0,-1.0
1137,286.01782,499.1918,698.8027,284.78763,-1.0,-1.0,-1.0
1138,1878.7103,511.3682,467.21323,3484.188,-1.0,-1.0,-1.0
1139,7039.5493,624.0854,501.50327,2220.173,-1.0,-1.0,-1.0
1140,1991.4482,999.58514,542.5159,636.92096,-1.0,-1.0,-1.0
1141,2149.8572,353.12695,298.00827,2799.3188,-1.0,-1.0,-1.0
1142,557.8376,531.6237,785.1077,376.03745,-1.0,-1.0,-1.0
1143,376.06906,1141.1343,894.41583,113.657196,-1.0,-1.0,-1.0
1144,1189.5569,568.0685,478.3294,1049.6278,-1.0,-1.0,-1.0
1145,468.31714,225.7231,102.593475,1200.8336,-1.0,-1.0,-1.0
1146,1326.3876,216.05159,401.33847,3769.6147,-1.0,-1.0,-1.0
1147,126.50638,2195.6238,115.65364,206.63551,-1.0,-1.0,-1.0
1148,544.069,2453.5122,455.5908,415.54312,-1.0,-1.0,-1.0
1149,533.9089,215.75517,991.51404,765.7115,-1.0,-1.0,-1.0
1150,252.64507,721.59045,2055.589,769.206,-1.0,-1.0,-1.0
1151,709.2725,490.16803,515.43024,347.6284,-1.0,-1.0,-1.0
1152,3660.1873,50-1.05045,437.8983,931.94275,-1.0,-1.0,-1.0
1153,3705.6975,334.0372,198.96022,396.55936,-1.0,-1.0,-1.0
1154,297.8264,299.03735,439.0145,427.74918,-1.0,-1.0,-1.0
1155,561.69385,610.3217,171.69205,1053.287,-1.0,-1.0,-1.0
1156,4295.7036,663.81836,1098.6375,3947.2742,-1.0,-1.0,-1.0
1157,4622.482,338.01416,490.82114,349.49228,-1.0,-1.0,-1.0
1158,1510.7157,398.3135,291.58328,3242.6455,-1.0,-1.0,-1.0
1159,1460.3038,793.738,1505.5481,345.9987,-1.0,-1.0,-1.0
1160,814.09344,2446.2332,75.321335,6191.5444,-1.0,-1.0,-1.0
1161,228.75232,248.37679,401.82996,158.0767,-1.0,-1.0,-1.0
1162,2187.4495,2376.2434,238.25313,186.06322,-1.0,-1.0,-1.0
1163,170.85197,950.62396,816.7237,136.25081,-1.0,-1.0,-1.0
1164,634.89984,430.3857,343.11063,514.5651,-1.0,-1.0,-1.0
1165,988.8057,310.8807,956.76105,367.12323,-1.0,-1.0,-1.0
1166,2889.5264,835.6861,2200.9395,478.24054,-1.0,-1.0,-1.0
1167,3146.7139,242.74812,108.59974,3153.244,-1.0,-1.0,-1.0
1168,546.1277,376.01242,127.43277,222.30858,-1.0,-1.0,-1.0
1169,228.658,1328.9001,814.1251,4180.432,-1.0,-1.0,-1.0
1170,1171.4163,337.04816,1717.3071,1410.6719,-1.0,-1.0,-1.0
1171,887.5373,2911.0825,435.86356,447.63266,-1.0,-1.0,-1.0
1172,1817.4371,403.5344,2449.898,905.2386,-1.0,-1.0,-1.0
1173,725.4362,862.39044,437.56284,842.7134,-1.0,-1.0,-1.0
1174,1230.7806,610.37354,203.01534,601.2031,-1.0,-1.0,-1.0
1175,1352.2318,495.29532,381.15536,1145.5851,-1.0,-1.0,-1.0
1176,676.42035,2015.4702,322.87198,1835.7269,-1.0,-1.0,-1.0
1177,889.96497,194.80486,487.13095,1846.8661,-1.0,-1.0,-1.0
1178,1497.0626,791.7443,2312.353,3312.9126,-1.0,-1.0,-1.0
1179,1091.8446,243.9899,462.5322,3474.8472,-1.0,-1.0,-1.0
1180,799.0318,3429.3086,414.7589,1584.1285,-1.0,-1.0,-1.0
1181,1009.862,110.22045,2017.9254,3642.644,-1.0,-1.0,-1.0
1182,4363.4966,574.5525,318.03757,225.41904,-1.0,-1.0,-1.0
1183,1774.1205,1036.8234,341.94293,196.11888,-1.0,-1.0,-1.0
1184,704.8062,129.74992,4421.132,267.36917,-1.0,-1.0,-1.0
1185,1260.2008,343.88803,134.66176,694.6684,-1.0,-1.0,-1.0
1186,63.602203,869.19073,243.7396,67.580284,-1.0,-1.0,-1.0
1187,2322.5232,127.27743,98.52302,1534.0656,-1.0,-1.0,-1.0
1188,1267.3741,977.9855,584.53,254.25723,-1.0,-1.0,-1.0
1189,1638.1196,490.74942,345.05838,604.2487,-1.0,-1.0,-1.0
1190,1254.8212,932.9341,483.5248,1872.2477,-1.0,-1.0,-1.0
1191,168.073,360.38876,218.67302,154.03596,-1.0,-1.0,-1.0
1192,6134.7144,765.75946,739.715,2362.4683,-1.0,-1.0,-1.0
1193,803.53156,1221.4923,103.2898,1089.5824,-1.0,-1.0,-1.0
1194,2198.3555,330.94675,113.77094,1211.7517,-1.0,-1.0,-1.0
1195,1851.2512,1904.4597,312.55038,335.21918,-1.0,-1.0,-1.0
1196,477.06915,251.49205,393.2374,5331.224,-1.0,-1.0,-1.0
1197,608.53973,406.67783,812.3927,2796.0522,-1.0,-1.0,-1.0
1198,409.8968,2647.1494,793.15106,344.50378,-1.0,-1.0,-1.0
1199,1971.9257,2536.1602,1367.2108,98.22804,-1.0,-1.0,-1.0
1200,1040.6901,799.6711,2855.6475,1000.4208,1477.689,-1.0,-1.0
1201,247.36116,1008.2354,2771.231,507.83676,345.50543,-1.0,-1.0
1202,802.1448,2924.4385,472.13306,160.68657,410.4347,-1.0,-1.0
1203,1189.457,2607.9983,322.9464,1225.3573,1919.1154,-1.0,-1.0
1204,546.8979,1171.4827,253.4812,642.5141,1916.6821,-1.0,-1.0
1205,441.143,602.83905,1443.3037,601.64667,2496.5215,-1.0,-1.0
1206,571.4427,331.4574,452.23074,2600.3352,511.6467,-1.0,-1.0
1207,1946.8229,3424.259,509.6503,395.0552,1268.9015,-1.0,-1.0
1208,551.23395,645.59186,157.75322,208.14525,1205.7528,-1.0,-1.0
1209,3156.4902,339.1285,151.64377,919.5598,1536.9648,-1.0,-1.0
1210,408.5891,386.7396,312.93234,296.32303,444.27502,-1.0,-1.0
1211,502.9511,673.54755,1870.297,279.05878,2341.1045,-1.0,-1.0
1212,938.8637,390.2822,179.24947,1309.1471,6242.075,-1.0,-1.0
1213,3440.956,480.87057,519.7404,336.22046,550.31537,-1.0,-1.0
1214,2240.7966,1375.9469,1742.5011,207.39687,1248.653,-1.0,-1.0
1215,246.3051,385.5763,239.11873,1019.606,223.33794,-1.0,-1.0
1216,1171.7701,515.3462,216.95642,211.97618,787.9903,-1.0,-1.0
1217,156.17332,239.30614,1017.2657,541.5268,221.08151,-1.0,-1.0
1218,4599.969,2190.4358,1221.4563,804.0276,2526.0,-1.0,-1.0
1219,3149.041,369.4689,313.21243,374.3045,6373.5923,-1.0,-1.0
1220,321.82455,472.68283,251-1.0312,443.32684,108.51809,-1.0,-1.0
1221,218.45064,4685.652,619.3145,146.40665,427.53534,-1.0,-1.0
1222,611.3851,87.56651,3079.5706,653.0622,2638.0315,-1.0,-1.0
1223,92.35281,1826.5529,369.68713,1969.8463,479.3549,-1.0,-1.0
1224,671.4198,293.2335,1466.7653,501.99643,1147.8914,-1.0,-1.0
1225,3074.3809,707.064,1260.2289,469.08084,1577.1543,-1.0,-1.0
1226,3992.2903,8217.055,396.87656,199.68932,2425.5962,-1.0,-1.0
1227,1832.2562,682.73193,168.68866,1512.0668,116.758675,-1.0,-1.0
1228,2164.5562,1356.6318,890.1,246.60512,2308.7517,-1.0,-1.0
1229,923.1079,475.6203,501.40375,1124.9213,1944.7366,-1.0,-1.0
1230,258.8625,302.45114,440.31064,499.08142,1547.8667,-1.0,-1.0
1231,1062.6292,152.2955,569.8118,578.0431,3964.1365,-1.0,-1.0
1232,152.54753,483.49216,445.86868,102.9151,698.90967,-1.0,-1.0
1233,1045.1342,1305.424,121.785,474.79123,982.9979,-1.0,-1.0
1234,1139.0253,453.32846,3497.6904,166.46463,529.9618,-1.0,-1.0
1235,74.785126,1742.8854,192.67363,731.2404,177.18466,-1.0,-1.0
1236,1469.2054,935.44196,371.98227,792.2089,814.7007,-1.0,-1.0
1237,894.7554,643.5537,3125.9001,367.95618,73.24177,-1.0,-1.0
1238,2020.4432,435.85254,426.18417,911.5771,1487.5509,-1.0,-1.0
1239,1207.6453,416.99417,1318.044,1325.3893,1342.8203,-1.0,-1.0
1240,2001.8511,475.8758,558.82275,1256.2069,226.07199,-1.0,-1.0
1241,21-1.0869,399.82272,405.87775,278.05823,134.87251,-1.0,-1.0
1242,481.0946,403.55338,4391.815,916.0577,1893.789,-1.0,-1.0
1243,2537.8262,361.62552,1328.5299,1344.3793,363.42694,-1.0,-1.0
1244,3618.0122,694.03357,332.80548,623.1828,1454.3635,-1.0,-1.0
1245,1045.0303,722.35394,379.5167,621.14264,5509.7847,-1.0,-1.0
1246,1500.3239,5309.8267,158.16618,797.3747,655.5942,-1.0,-1.0
1247,323.0837,415.41214,907.4111,142.23613,1010.34937,-1.0,-1.0
1248,732.5085,799.5809,753.5749,350.19815,151.88892,-1.0,-1.0
1249,192.71605,801.9089,2806.9634,503.39246,486.78436,-1.0,-1.0
1250,256.5104,290.25888,1121.7074,821.6748,255.90135,-1.0,-1.0
1251,3038.1587,724.6962,1303.6542,240.50217,1358.3987,-1.0,-1.0
1252,230.25543,106.33746,1296.3002,705.81573,183.85918,-1.0,-1.0
1253,5191.142,848.2675,87.86859,989.1721,1421.9229,-1.0,-1.0
1254,906.2096,901.32526,139.7813,737.83,1420.8053,-1.0,-1.0
1255,7695.634,315.73972,410.7794,716.4496,2104.0295,-1.0,-1.0
1256,662.42395,202.08275,360.4012,337.6802,7347.2046,-1.0,-1.0
1257,1733.3317,153.54863,1247.5728,1052.2717,399.4397,-1.0,-1.0
1258,109.61386,3569.444,246.84964,87.29169,330.38318,-1.0,-1.0
1259,218.00014,667.4003,469.61087,927.4267,85.63562,-1.0,-1.0
1260,786.7276,847.92584,1010.97015,128-1.0256,3560.2861,-1.0,-1.0
1261,896.8469,965.45953,256.9067,116.01361,599.1762,-1.0,-1.0
1262,868.97327,227.37585,79.44684,1198.038,1232.9337,-1.0,-1.0
1263,401.78128,320.4199,1808.759,1009.12616,64.50657,-1.0,-1.0
1264,5742.868,556.1252,689.8938,311.95847,337.74936,-1.0,-1.0
1265,1440.8007,741.01575,453.7062,425.01114,1503.746,-1.0,-1.0
1266,1751.0068,126.291565,1072.4003,1089.6913,1712.4995,-1.0,-1.0
1267,738.482,1262.5092,376.98727,708.78107,678.00134,-1.0,-1.0
1268,594.4995,226.51808,11-1.01059,176.33278,1855.125,-1.0,-1.0
1269,338.15012,1339.7228,1154.5902,184.83473,1655.1431,-1.0,-1.0
1270,409.52783,570.946,650.769,135.55635,460.7416,-1.0,-1.0
1271,240.37628,923.1031,432.63452,1924.2152,277.63217,-1.0,-1.0
1272,1475.843,132.10234,506.6231,230.46706,2084.5837,-1.0,-1.0
1273,492.17172,686.3335,3977.622,360.2501,2244.498,-1.0,-1.0
1274,407.06058,72.01041,853.73224,1234.1305,280.69083,-1.0,-1.0
1275,166.84315,1998.5847,479.0416,1396.903,486.84985,-1.0,-1.0
1276,248.3531,277.36096,125.091866,995.111,636.83636,-1.0,-1.0
1277,218.03773,3350.8088,204.50275,438.9013,162.5501,-1.0,-1.0
1278,1991.7557,226.90642,862.32074,96.255806,76.439125,-1.0,-1.0
1279,1088.576,1014.71027,1534.0491,212.32634,1847.2236,-1.0,-1.0
1280,784.8071,938.0784,600.5434,685.31354,10515.611,-1.0,-1.0
1281,1001.70355,558.1075,1948.4054,319.33975,261.07938,-1.0,-1.0
1282,162.81915,915.8732,324.21152,665.238,1267.0433,-1.0,-1.0
1283,189.54347,638.34894,4621.512,344.4622,775.9259,-1.0,-1.0
1284,102.60799,1028.1282,844.4239,237.51135,1626.321,-1.0,-1.0
1285,364.78787,404.63434,1114.609,500.20172,465.54822,-1.0,-1.0
1286,106.61383,605.98267,1173.8939,155.33229,767.29736,-1.0,-1.0
1287,1144.1722,288.41867,2883.4956,1318.055,1106.6024,-1.0,-1.0
1288,2088.9219,377.81076,4002.2598,480.57855,348.59976,-1.0,-1.0
1289,562.6724,502.88107,190.6935,525.6986,1307.9182,-1.0,-1.0
1290,659.35614,1548.3221,265.1669,685.7956,417.89194,-1.0,-1.0
1291,1068.7706,232.12813,277.2692,938.1829,803.04346,-1.0,-1.0
1292,123.8022,3969.3354,1070.3284,131.26918,198.4287,-1.0,-1.0
1293,203.15312,1459.8231,1117.494,414.13345,1468.2024,-1.0,-1.0
1294,1692.6876,278.00058,1207.176,394.76505,1083.737,-1.0,-1.0
1295,1790.6157,2827.3271,391.6553,690.76215,1033.7877,-1.0,-1.0
1296,73.41376,1649.6151,798.1881,242.72017,573.13245,-1.0,-1.0
1297,3419.8296,134.02446,102.51162,699.20905,6034.086,-1.0,-1.0
1298,3206.993,421.19058,408.6368,1462.6932,8551.441,-1.0,-1.0
1299,526.56793,1108.2787,369.1626,183.33191,684.8902,-1.0,-1.0
1300,830.77655,1143.4371,596.76215,496.43,414.31445,1993.4694,-1.0
1301,450.66443,594.0534,1804.3134,410.75473,216.30777,2942.2947,-1.0
1302,5784.641,875.7746,3025.0488,228.4465,809.8182,432.86566,-1.0
1303,2393.4316,106.21669,131.53935,86.822044,118.84011,338.00873,-1.0
1304,231.08171,6734.191,185.80241,1510.7808,226.7808,255.62404,-1.0
1305,551.2679,97.96756,715.1955,1026.483,3286.6409,3758.9722,-1.0
1306,594.62787,374.04056,251.11398,150.9418,368.90378,1803.5502,-1.0
1307,1243.3446,763.6433,681.79865,711.03937,437.51236,765.89764,-1.0
1308,3436.032,847.0939,1707.5018,234.92145,2126.8794,167.08653,-1.0
1309,343.2537,1107.1537,893.9129,1023.3184,657.5376,894.4766,-1.0
1310,9320.165,265.4979,173.47397,308.5817,356.15762,1166.7008,-1.0
1311,362.06784,2107.4656,393.24756,703.1768,113.08328,274.11182,-1.0
1312,293.31943,1662.3766,1360.4253,1658.2814,3840.8733,537.91473,-1.0
1313,2354.5337,244.52039,1465.015,321.08978,1311.8757,896.0767,-1.0
1314,251.06099,493.35873,396.74042,1267.4463,2195.6396,1688.2728,-1.0
1315,371.16296,798.1817,1067.6681,448.16266,254.42986,1629.5778,-1.0
1316,4992.0806,1895.7963,3231.8037,770.80206,398.15744,882.8432,-1.0
1317,119.71213,5250.5874,299.91708,242.22813,578.43994,397.79874,-1.0
1318,620.30524,344.60394,243.26942,465.39264,231.4792,869.63257,-1.0
1319,1871.2294,215.94864,952.6534,3038.2808,930.4681,2698.305,-1.0
1320,982.7603,2024.5374,292.5767,3372.9983,491.58963,7093.653,-1.0
1321,532.6774,612.35724,522.0688,551.0867,148.71713,175.5558,-1.0
1322,5256.36,603.71545,204.07475,236.61531,1208.4773,5797.576,-1.0
1323,3535.4414,528.10455,619.0866,285.34177,732.2454,1057.8527,-1.0
1324,1721.3309,378.90268,268.90903,473.076,517.52,461.66037,-1.0
1325,129.81444,1507.804,224.17136,5486.4746,974.8089,439.66785,-1.0
1326,226.2377,10944.918,290.519,234.59792,62.770943,249.26633,-1.0
1327,1234.0594,62.027557,349.85275,1219.0116,613.52405,2448.5952,-1.0
1328,5021.481,563.12067,230.86156,3683.2637,96.62251,594.15344,-1.0
1329,287.8292,348.08115,288.6825,413.7611,578.25555,158.19946,-1.0
1330,265.54163,3102.3218,33-1.0379,541.2823,1218.5359,370.51968,-1.0
1331,649.466,610.59064,2477.9707,807.10077,442.19424,2721.6619,-1.0
1332,572.83167,257.68704,687.75433,542.91016,740.84937,2854.3823,-1.0
1333,1451.7928,512.628,683.9903,462.2667,309.2539,1113.7148,-1.0
1334,1323.8833,1009.7418,616.98334,257.22073,125.31605,8912.607,-1.0
1335,2446.6123,783.9672,1202.1445,1283.3448,332.15588,4827.0806,-1.0
1336,307.43796,956.53937,732.8431,262.62665,1178.5271,146.46548,-1.0
1337,1042.2659,342.83868,248.85257,504.30893,813.7813,1076.8118,-1.0
1338,736.6375,4899.4717,108-1.0509,1471.6377,263.2472,358.14273,-1.0
1339,918.99164,3477.6523,1075.0664,283.00284,1703.5697,341.10193,-1.0
1340,751.1655,3490.7534,175.39743,426.90884,992.73773,538.81213,-1.0
1341,743.8725,637.7999,620.64954,586.29016,176.43591,631.77344,-1.0
1342,1501.9327,544.7849,1508.3478,728.6646,631.5023,810.13324,-1.0
1343,269.5704,138.12944,428.8029,1547.8563,1568.7971,598.144,-1.0
1344,4724.864,722.8263,2470.5703,503.0704,349.46896,1909.5652,-1.0
1345,432.31888,284.52795,463.40738,314.01242,724.42175,1172.1458,-1.0
1346,787.3843,327.6092,1002.2812,1233.8314,624.4818,292.4102,-1.0
1347,354.27188,483.30167,783.7502,2759.9648,99.0469,84.88443,-1.0
1348,1070.3398,662.63934,1910.595,161.45421,130.27312,1452.7681,-1.0
1349,162.95164,1487.3369,354.52603,1613.7773,697.835,140.5257,-1.0
1350,1326.9764,366.53125,4726.439,2638.558,222.47145,336.92535,-1.0
1351,1338.0292,318.22073,747.839,581.05255,2090.1296,722.2447,-1.0
1352,1190.1034,99.57035,857.63257,165.61778,462.5383,4365.3604,-1.0
1353,361.88434,651.16364,1150.424,418.53445,917.91296,745.4547,-1.0
1354,1759.434,321.11484,485.07608,232.41011,368.74698,833.2155,-1.0
1355,312.22003,665.18024,229.50714,188.82784,532.039,461.9607,-1.0
1356,6889.1997,282.16528,417.94308,807.326,261.28177,1531.8458,-1.0
1357,1252.9271,732.82806,218.93895,389.7541,146.54755,276-1.0208,-1.0
1358,2144.4692,187.11613,855.45074,208.33173,319.79645,785.7935,-1.0
1359,659.7769,249.35124,121.73601,1179.8356,585.5273,766.7209,-1.0
1360,988.1159,170.99875,475.5576,2268.639,639.4342,1578.081,-1.0
1361,607.7094,1230.7318,776.5818,338.97333,564.27734,1016.7514,-1.0
1362,604.90875,68.3629,2769.598,215.89444,297.62085,258.1906,-1.0
1363,75.99112,2977.364,1023.9337,2096.0347,1145.0981,237.69347,-1.0
1364,690.55304,235.42949,462.4284,2853.322,1087.0846,644.6564,-1.0
1365,2285.205,1007.7652,506.66913,654.50653,554.6344,2620.535,-1.0
1366,1392.1775,2547.1414,331.91977,556.1468,224.03816,183.30617,-1.0
1367,1352.0502,196.34972,398.933,3018.752,134.12622,1002.9819,-1.0
1368,829.25525,176.2609,456.1831,895.9367,180.14613,882.2566,-1.0
1369,741.58905,450.91797,383.74268,617.47577,323.324,424.59183,-1.0
1370,1221.4899,204.52934,192.24321,398.51346,611.51447,5406.172,-1.0
1371,1158.5294,77.379166,1057.8922,1135.7333,1143.4056,215.83353,-1.0
1372,270.55637,500.36145,1486.5629,153-1.0565,265.81653,465.83896,-1.0
1373,5517.806,196.43384,529.54236,442.4324,619.68536,2032.2225,-1.0
1374,332.29916,580.498,678.88464,228.2831,449.71582,296.98608,-1.0
1375,2121.461,2548.4873,952.22034,166.59158,91.80825,2253.4683,-1.0
1376,212.64009,479.49475,1540.7487,614.601,1180.8047,250.62454,-1.0
1377,61.232082,648.15106,280.63242,271.56598,775.21326,210.52388,-1.0
1378,423.8699,538.6624,270.39578,736.4081,309.50192,231.02037,-1.0
1379,266.417,754.24225,5818.574,594.9065,191.53352,176.6061,-1.0
1380,468.39938,106.481964,550.8935,3055.619,1867.1393,140.7893,-1.0
1381,309.2024,286.1498,496.23453,249.76485,470.6946,156.24152,-1.0
1382,1282.3885,200.83057,5757.24,1752.955,929.2213,692.2036,-1.0
1383,1192.3031,715.9969,235.01437,537.9666,14-1.02118,3518.1309,-1.0
1384,162.65384,861.07697,346.0577,699.2418,1542.6448,137.71053,-1.0
1385,1841.9832,82.12818,313.87625,537.1353,990.1484,1753.6993,-1.0
1386,682.3931,799.3851,400.32883,598.22833,923.47687,1061.7544,-1.0
1387,85.59165,298.81573,171.96864,2069.1267,5457.5312,1506.7295,-1.0
1388,2078.8936,1199.782,659.14923,96.67186,110.860466,136.93172,-1.0
1389,613.55505,719.5495,453.60666,2425.67,281.78928,1207.4583,-1.0
1390,453.587,1729.7598,956.3866,220.50403,600.2261,201.49847,-1.0
1391,1387.2616,402.5156,621.92426,216.29643,91.598045,1327.4225,-1.0
1392,133.05937,5006.944,1067.0934,3671.6624,640.7071,253.55516,-1.0
1393,1470.2084,1497.4409,661.6296,2459.3726,551.00903,1812.5564,-1.0
1394,2269.8872,473.15762,322.90323,75.740265,389.95007,75.4812,-1.0
1395,259.08582,1105.6693,174.51936,710.5247,1024.7164,344.75336,-1.0
1396,884.866,1323.002,2308.7168,641.8283,1159.3337,1307.0443,-1.0
1397,721.57965,4786.3984,668.92865,238.09407,1163.4381,695.61633,-1.0
1398,873.71295,1164.0641,2628.6328,1511.3883,536.0095,848.95135,-1.0
1399,756.85223,540.8864,1223.5424,670.7426,4375.3213,1436.4758,-1.0
1400,2165.24,261.06445,762.26843,538.22546,1511.2705,1070.697,2169.338
1401,444.51022,202.62538,2638.7676,74.9772,184.1231,743.86523,328.58932
1402,418.23404,1571.4299,1695.8029,294.58273,271.58893,167.97522,272.90158
1403,826.3099,959.41266,427.78207,1098.8408,161.40654,387.47372,633.35974
1404,907.3685,6945.8267,1814.0226,3525.9558,678.3489,471.43646,2661.5378
1405,10511.885,163.56114,150.99739,127.86746,972.33167,177.83363,880.226
1406,666.92053,2280.699,511.58273,4313.109,112.75322,484.4749,339.84497
1407,233.4959,372.87033,862.4898,403.85175,120.631004,142.58218,664.1734
1408,172.61774,383.64703,1142.8773,336.22528,882.46564,314.97897,384.40207
1409,1568.9916,124.25478,744.5018,265.6721,338.96304,975.0672,234.99504
1410,170.60536,633.0328,1169.3333,100-1.0999,222.50002,220.99312,359.29156
1411,300.9121,552.0771,311.70456,401.8752,442.51413,223.9144,197.56984
1412,1609.6598,378.30545,323.93716,1051.0502,371.18033,220.58698,488.18228
1413,392.4644,1631.2587,85-1.06696,285.6789,1562.6827,290.86227,5367.072
1414,1053.1532,1221.525,307.81424,548.1508,128.30528,826.6073,4532.0625
1415,922.31476,3713.4736,251.50044,193.24577,131.64453,186.33604,737.2711
1416,660.5747,6502.3413,1247.5619,180.78784,919.5589,383.9475,111.21963
1417,959.79767,296.07144,254.85695,1525.402,1227.496,822.0809,402.33075
1418,1213.6505,199.11409,573.973,171.18274,186.8797,277.11212,4513.0806
1419,5335.238,282.91846,3458.1675,1145.9885,229.91827,219.84512,2791.5046
1420,1800.7975,1084.8998,137.4146,415.42496,2000.2399,134.64536,1683.3566
1421,535.2212,1141.235,450.38257,259.6863,1402.8208,341.01517,676.4312
1422,450.24002,308.5317,1741.7914,231.96443,214.71867,143.16011,4178.8086
1423,80.69251,382.10406,282.9633,3328.2148,70.98362,396.8279,452.76447
1424,965.3263,1765.2448,260.17902,139.24359,239.97852,111.723175,343.73123
1425,500.73184,1472.1488,224.66443,886.48944,603.02527,549.37714,1161.378
1426,783.5922,269.5214,848.94006,500.12314,382.65436,924.635,972.0128
1427,630.21375,443.64133,2877.2764,2790.8704,2843.1758,1258.6494,429.71878
1428,680.9528,353.35916,207.81575,159.18109,579.2006,1073.7498,1427.2273
1429,1295.9763,626.4099,417.06848,447.7195,287.8997,792.231,204.5168
1430,3499.4556,8769.256,326.7844,163.78044,395.18124,865.9352,5450.677
1431,343.51147,345.3179,1282.9575,1274.5612,529.04266,826.63367,951.8223
1432,580.6306,115.201035,550.11273,3672.496,482.80118,397.41885,1116.8892
1433,135.49373,290.8654,806.6104,290.9047,459.04626,403.838,363.50177
1434,535.07806,2114.577,779.61993,445.95352,473.99356,125-1.0508,134.3605
1435,1425.2235,606.0744,454.07013,133.18025,225.14867,356.15668,2989.989
1436,3320.6907,205.28044,152.17564,350.79355,1133.4376,293.6828,1770.8202
1437,1168.2289,331.44604,751.85315,2158.2817,233.65273,346.28098,334.70865
1438,1001.2743,1122.0927,1767.9797,696.92816,297.36783,129.58638,1494.3363
1439,1374.424,353.63547,827.6568,42-1.0798,405.03214,703.91693,945.3051
1440,1107.718,170.72478,847.94696,397.22153,289.40497,106.27824,342.89645
1441,2336.3315,763.53796,998.7751,362.23953,211.25476,415.89606,557.94275
1442,693.3034,561.7454,317.80856,173.73561,1235.4027,2658.5835,2653.153
1443,2920.8809,379.19446,627.75525,3281.2854,111.3967,247.37454,1013.9051
1444,263.577,282.2964,192.89029,324.1638,112.48269,868.12,695.3709
1445,685.5488,230.19359,387.3191,365.12598,200.17287,155.03139,195.96489
1446,849.862,105.34851,4817.7207,320.42603,439.05914,488.0347,1128.944
1447,628.67145,579.0107,429.92136,625.337,360.7517,359.19965,374.19366
1448,1828.0326,1373.361,248.71077,335.981,1199.6392,1398.4196,341.50674
1449,540.34314,240.35094,323.77267,286.57236,791.77,171.81898,1024.5287
1450,3050.2888,1473.8329,1842.9199,197.90024,351.57196,220.89227,921.81964
1451,2394.6543,4200.394,467.2583,945.1652,222.89679,434.68896,161.24606
1452,493.1143,151.44197,6394.7363,895.0655,423.94812,582.0986,723.6871
1453,6866.695,471.40775,4024.5127,290.55533,468.34827,942.02704,4507.8687
1454,437.6585,230.34126,256.44254,955.8342,334.45712,1437.7161,738.33624
1455,323.49506,1231.476,394.0433,472.01947,283.0197,2090.233,794.82434
1456,182.70201,3283.0532,817.163,883.37115,1443.1699,413.83575,617.31433
1457,655.23694,389.82944,194.9448,167.7554,368.89902,260.22324,2844.681
1458,867.92346,167.75243,1071.8827,7750.976,1879.4678,122-1.0573,947.0766
1459,915.6866,297.3689,690.8709,1223.3812,4596.1445,471.93234,3002.3164
1460,1944.7709,222.2962,435.34485,740.76215,383.55814,1361.0479,110.19653
1461,8835.847,174.22975,728.51996,696.18744,760.7168,654.95276,1341.76
1462,405.92743,860.44415,130.12625,442.82434,348.99396,4361.7725,2291.128
1463,300.204,338.29272,844.2242,71.21052,102.46916,843.3314,205.10094
1464,648.7437,2064.2915,1526.3453,621.05975,159.75926,106.73597,511.6592
1465,934.2841,163.79475,773.5428,1916.132,80-1.0622,1077.2906,3799.9417
1466,502.47348,193.49751,1150.9198,155.2416,376.74957,592.3547,148.14195
1467,471.44965,1166.3949,566.0494,208.14272,186.211,118.29718,197.3133
1468,921.2309,601.3475,651.62946,545.7305,456.9891,267.14478,607.4332
1469,433.4339,760.3687,165.2376,416.90817,711.0662,140.21033,924.07153
1470,2470.513,441.12268,425.18314,125.626495,595.45996,617.3586,1282.9348
1471,728.07336,135.1731,630.6268,315.16446,928.989,279.09097,612.6204
1472,914.6777,633.2622,369.56787,306.97397,601.73224,824.18567,1228.246
1473,58.83899,117.05904,763.0015,166.0225,803.63586,619.00214,54.912388
1474,334.82538,214.96846,1478.0941,1271.749,757.5259,567.9781,416.6733
1475,550.3863,399.48044,791.93134,4865.3296,181.49629,409.4213,289.5723
1476,722.8672,391.34363,2056.9734,343.27197,2544.2878,814.7302,1042.6149
1477,7656.057,260.36172,541.8108,255.79773,364.2652,274.41577,1220.9413
1478,448.76822,519.55475,442.71088,77.22249,468.61865,561.58997,262.7083
1479,842.933,144.08374,269.0339,123.48558,265.63312,636.18463,126.47336
1480,68-1.0788,2098.6016,1033.8793,2230.441,180.79402,206.19731,3413.886
1481,909.35565,2425.4746,1857.412,223.26695,561.818,652.23,579.1513
1482,1483.7198,640.40106,930.58954,2287.9692,223.54797,66.05836,233.62363
1483,298.9946,780.5208,81.41588,5957.019,467.27252,278.83984,478.43893
1484,3206.2993,243.65132,273.5993,982.90204,2586.746,103.20844,526.7838
1485,1349.6786,309.70187,580.97516,363.89554,405.00092,1672.4946,1027.4183
1486,449.7418,444.74094,24-1.0715,397.85547,280.94672,258.40784,487.68362
1487,1125.5928,482.2566,605.0922,4334.054,453.43652,116.24934,2482.959
1488,244.04279,566.4633,327.21045,185.43054,889.9304,445.71945,120.59994
1489,1595.5986,4555.0366,3066.016,400.9196,588.5828,662.7498,6672.822
1490,524.47174,65-1.0266,262.82364,361.5651,491.02753,356.4146,91.23177
1491,939.81726,1281.0726,1096.1897,907.855,62.708946,613.9538,1121.4937
1492,586.25824,2800.493,130.78734,3137.0771,149.87692,578.3012,918.7739
1493,253.85135,811.1497,524.01776,317.92697,119.76481,2029.2306,159.20964
1494,520.8139,1198.3387,2505.7134,496.92368,393.72845,1511.5646,849.32874
1495,1698.0947,1225.1295,586.19293,126.91948,57.519505,874.2018,2116.018
1496,2594.6191,189.41365,564.4062,517.66425,203.04776,1535.92,1378.427
1497,1761.56,455.12744,2023.9333,674.7108,933.38495,195.83572,1727.4711
1498,46-1.0028,78.2337,516.2292,244.5305,5664.9746,93.01647,839.99414
1499,1487.7809,233.35155,423.7082,629.81085,1628.6548,473.54276,1039.3306
1500,415.70767,444.9277,1421.2507,-1.0,-1.0,-1.0,-1.0
1501,589.31476,863.7598,1619.1151,-1.0,-1.0,-1.0,-1.0
1502,183.45163,544.8301,504.9117,-1.0,-1.0,-1.0,-1.0
1503,2246.8774,2110.4165,85.413826,-1.0,-1.0,-1.0,-1.0
1504,6015.8804,249.22835,364.9408,-1.0,-1.0,-1.0,-1.0
1505,302.89178,1235.7372,509.46066,-1.0,-1.0,-1.0,-1.0
1506,645.9135,380.15533,328.1291,-1.0,-1.0,-1.0,-1.0
1507,130.41818,1554.112,2545.854,-1.0,-1.0,-1.0,-1.0
1508,1711.1493,885.3143,254.29643,-1.0,-1.0,-1.0,-1.0
1509,317.7695,139.78038,375.58478,-1.0,-1.0,-1.0,-1.0
1510,1478.1571,165.44176,161.40974,-1.0,-1.0,-1.0,-1.0
1511,387.77457,111.31516,358.24463,-1.0,-1.0,-1.0,-1.0
1512,4925.768,691.46954,1817.913,-1.0,-1.0,-1.0,-1.0
1513,1237.4868,1800.9362,241.67677,-1.0,-1.0,-1.0,-1.0
1514,7693.102,259.08685,531.9751,-1.0,-1.0,-1.0,-1.0
1515,2314.5708,410.4005,4599.626,-1.0,-1.0,-1.0,-1.0
1516,2962.5393,130.51434,34-1.00912,-1.0,-1.0,-1.0,-1.0
1517,4088.612,99.6584,1168.6915,-1.0,-1.0,-1.0,-1.0
1518,229.9563,191.27864,1783.4078,-1.0,-1.0,-1.0,-1.0
1519,823.7094,311.01346,1934.1339,-1.0,-1.0,-1.0,-1.0
1520,261.36337,253.99997,339.5158,-1.0,-1.0,-1.0,-1.0
1521,1612.3003,1297.2705,1163.9039,-1.0,-1.0,-1.0,-1.0
1522,5449.119,1843.3588,337.20975,-1.0,-1.0,-1.0,-1.0
1523,2517.9565,968.699,587.5592,-1.0,-1.0,-1.0,-1.0
1524,1244.493,328.71484,1228.5803,-1.0,-1.0,-1.0,-1.0
1525,3647.199,664.5983,263.77676,-1.0,-1.0,-1.0,-1.0
1526,594.6916,433.82043,362.49832,-1.0,-1.0,-1.0,-1.0
1527,945.8545,483.86008,1020.2346,-1.0,-1.0,-1.0,-1.0
1528,377.52463,96.89921,1041.9543,-1.0,-1.0,-1.0,-1.0
1529,1059.3306,257.61142,666.5304,-1.0,-1.0,-1.0,-1.0
1530,554.5442,268.57193,1581.5587,-1.0,-1.0,-1.0,-1.0
1531,697.80383,331.47778,260.197,-1.0,-1.0,-1.0,-1.0
1532,446.7108,255.43147,263.2667,-1.0,-1.0,-1.0,-1.0
1533,761.37225,373.4393,1899.3787,-1.0,-1.0,-1.0,-1.0
1534,193.54637,466.08517,1545.2461,-1.0,-1.0,-1.0,-1.0
1535,323.00995,116.50217,707.5472,-1.0,-1.0,-1.0,-1.0
1536,265.96207,567.6928,303.14832,-1.0,-1.0,-1.0,-1.0
1537,5783.6167,2458.154,781.5016,-1.0,-1.0,-1.0,-1.0
1538,467.22177,152.0952,775.6428,-1.0,-1.0,-1.0,-1.0
1539,339.514,282.96613,1162.1613,-1.0,-1.0,-1.0,-1.0
1540,511.6402,713.4444,239.19249,-1.0,-1.0,-1.0,-1.0
1541,404.5732,112.25163,229.31172,-1.0,-1.0,-1.0,-1.0
1542,1452.656,331.66162,495.5333,-1.0,-1.0,-1.0,-1.0
1543,485.09537,870.6965,466.97174,-1.0,-1.0,-1.0,-1.0
1544,311.88345,1078.7697,308.40555,-1.0,-1.0,-1.0,-1.0
1545,1887.139,91.02603,222.32362,-1.0,-1.0,-1.0,-1.0
1546,125.88938,290.38724,336.31406,-1.0,-1.0,-1.0,-1.0
1547,2887.9763,186.0371,478.43292,-1.0,-1.0,-1.0,-1.0
1548,217.52177,151.88037,581.1974,-1.0,-1.0,-1.0,-1.0
1549,1072.5889,257.14075,751.8662,-1.0,-1.0,-1.0,-1.0
1550,1147.9697,864.07135,907.07556,-1.0,-1.0,-1.0,-1.0
1551,978.6513,95.98011,489.8021,-1.0,-1.0,-1.0,-1.0
1552,855.4844,169.07668,3307.8853,-1.0,-1.0,-1.0,-1.0
1553,699.9028,252.8841,1174.1039,-1.0,-1.0,-1.0,-1.0
1554,340.86148,141.71762,523.3199,-1.0,-1.0,-1.0,-1.0
1555,519.4284,510.3773,236.21077,-1.0,-1.0,-1.0,-1.0
1556,467.62347,420.79907,72.68414,-1.0,-1.0,-1.0,-1.0
1557,5345.161,422.88522,10348.09,-1.0,-1.0,-1.0,-1.0
1558,8233.166,221.554,9405.654,-1.0,-1.0,-1.0,-1.0
1559,521.9943,727.59576,817.96936,-1.0,-1.0,-1.0,-1.0
1560,258.66602,132.573,144.96146,-1.0,-1.0,-1.0,-1.0
1561,233.85774,86.20627,347.70883,-1.0,-1.0,-1.0,-1.0
1562,272.52567,504.86102,353.3687,-1.0,-1.0,-1.0,-1.0
1563,1228.8617,117.82457,5936.9927,-1.0,-1.0,-1.0,-1.0
1564,153-1.0732,2271.8435,300.64655,-1.0,-1.0,-1.0,-1.0
1565,548.18005,719.8207,1113.9945,-1.0,-1.0,-1.0,-1.0
1566,8925.307,501.8051,938.4338,-1.0,-1.0,-1.0,-1.0
1567,672.4245,337.3986,2909.0872,-1.0,-1.0,-1.0,-1.0
1568,1213.0844,340.95312,335.93423,-1.0,-1.0,-1.0,-1.0
1569,474.0343,1193.5879,189.87267,-1.0,-1.0,-1.0,-1.0
1570,4337.202,1152.1316,1475.418,-1.0,-1.0,-1.0,-1.0
1571,850.28186,327.8901,299.7876,-1.0,-1.0,-1.0,-1.0
1572,2076.2676,814.85223,315.1045,-1.0,-1.0,-1.0,-1.0
1573,284.9207,534.0991,288.00235,-1.0,-1.0,-1.0,-1.0
1574,1043.1943,119.41586,2104.094,-1.0,-1.0,-1.0,-1.0
1575,529.4038,72-1.0398,696.3531,-1.0,-1.0,-1.0,-1.0
1576,458.10107,716.9089,463.9835,-1.0,-1.0,-1.0,-1.0
1577,211.53198,268.3577,2122.8962,-1.0,-1.0,-1.0,-1.0
1578,357.63275,5200.8535,383.97583,-1.0,-1.0,-1.0,-1.0
1579,105.276695,450.88763,1254.3031,-1.0,-1.0,-1.0,-1.0
1580,115.270065,653.19495,2855.1128,-1.0,-1.0,-1.0,-1.0
1581,802.3958,1162.5664,330.38876,-1.0,-1.0,-1.0,-1.0
1582,3951.9597,1149.3751,167.39311,-1.0,-1.0,-1.0,-1.0
1583,374.22562,396.7642,424.5705,-1.0,-1.0,-1.0,-1.0
1584,1364.5472,318.26993,916.7555,-1.0,-1.0,-1.0,-1.0
1585,550.131,979.1698,310.43362,-1.0,-1.0,-1.0,-1.0
1586,94.85291,99.23932,296.82828,-1.0,-1.0,-1.0,-1.0
1587,539.6071,157.37106,63-1.0146,-1.0,-1.0,-1.0,-1.0
1588,1260.662,451.81152,1368.5768,-1.0,-1.0,-1.0,-1.0
1589,1015.64484,98.204765,446.56354,-1.0,-1.0,-1.0,-1.0
1590,645.1687,27-1.03534,678.97797,-1.0,-1.0,-1.0,-1.0
1591,1920.7491,3352.617,533.68085,-1.0,-1.0,-1.0,-1.0
1592,361.2373,213.5326,651.07385,-1.0,-1.0,-1.0,-1.0
1593,603.4825,303.7585,150.91208,-1.0,-1.0,-1.0,-1.0
1594,1243.1414,1887.6626,223.32016,-1.0,-1.0,-1.0,-1.0
1595,2550.9377,529.3702,6840.174,-1.0,-1.0,-1.0,-1.0
1596,2505.662,196.79788,576.8748,-1.0,-1.0,-1.0,-1.0
1597,85.744354,670.88306,76.61659,-1.0,-1.0,-1.0,-1.0
1598,332.79428,341.51062,553.8942,-1.0,-1.0,-1.0,-1.0
1599,2134.322,417.31396,7025.759,-1.0,-1.0,-1.0,-1.0
1600,904.42426,730.1353,3698.0234,825.1543,-1.0,-1.0,-1.0
1601,1049.8107,1097.7721,215.80272,13-1.06198,-1.0,-1.0,-1.0
1602,1372.1572,286.06882,175.13347,490.5643,-1.0,-1.0,-1.0
1603,289.55374,619.514,399.0246,312.7043,-1.0,-1.0,-1.0
1604,131.67903,450.3719,190.90031,390.90582,-1.0,-1.0,-1.0
1605,619.45966,168.93483,178.18825,997.39325,-1.0,-1.0,-1.0
1606,581.8491,3415.2842,318.89914,513.07764,-1.0,-1.0,-1.0
1607,647.43665,546.4853,268.4316,181.73293,-1.0,-1.0,-1.0
1608,982.79224,594.56726,270.94446,256.72562,-1.0,-1.0,-1.0
1609,2152.1733,627.64606,266.31583,1154.0669,-1.0,-1.0,-1.0
1610,1242.8341,1931.6517,270.49115,2366.9011,-1.0,-1.0,-1.0
1611,383.98294,2734.9392,394.65433,171.41501,-1.0,-1.0,-1.0
1612,460.85056,271.65115,185.00742,953.69403,-1.0,-1.0,-1.0
1613,669.1559,2039.3009,552.4479,301.94708,-1.0,-1.0,-1.0
1614,214.43364,314.52017,872.7484,667.60675,-1.0,-1.0,-1.0
1615,149.00584,3231.9175,261.2029,128.06557,-1.0,-1.0,-1.0
1616,1227.4774,311.26407,1100.7643,1142.8386,-1.0,-1.0,-1.0
1617,930.54156,222.64485,3052.575,91.0479,-1.0,-1.0,-1.0
1618,515.60675,229.72728,1263.0819,74.02108,-1.0,-1.0,-1.0
1619,178.3625,1400.9054,556.72546,2725.2751,-1.0,-1.0,-1.0
1620,2886.6357,479.62146,633.33215,733-1.026,-1.0,-1.0,-1.0
1621,159.84494,2980.1436,100.359,4284.94,-1.0,-1.0,-1.0
1622,268.13864,355.43277,492.13315,321.0425,-1.0,-1.0,-1.0
1623,827.78253,221.7386,399.9088,137.63515,-1.0,-1.0,-1.0
1624,139.54073,10-1.024536,187.18178,917.6585,-1.0,-1.0,-1.0
1625,3104.6907,489.48788,127.5395,718.45886,-1.0,-1.0,-1.0
1626,151.67308,694.8103,296.30405,179.17113,-1.0,-1.0,-1.0
1627,2962.4438,250.68742,164.81447,778.5579,-1.0,-1.0,-1.0
1628,713.4045,349.43442,162.95018,890.46564,-1.0,-1.0,-1.0
1629,1440.6588,964.53357,260.90292,2071.733,-1.0,-1.0,-1.0
1630,37-1.08536,184.44624,545.1492,395.61642,-1.0,-1.0,-1.0
1631,1332.5082,2223.2214,745.3175,627.2547,-1.0,-1.0,-1.0
1632,2601.1235,187.90016,603.97894,160.91486,-1.0,-1.0,-1.0
1633,933.38324,160.47682,383.2924,1526.505,-1.0,-1.0,-1.0
1634,161.5277,440.4031,161.26534,1503.6545,-1.0,-1.0,-1.0
1635,1133.4791,231.30945,408.00137,3630.5247,-1.0,-1.0,-1.0
1636,358.3618,4195.8477,142.37129,2961.647,-1.0,-1.0,-1.0
1637,2042.3135,2471.9365,544.9,163.1206,-1.0,-1.0,-1.0
1638,707.4253,761.9962,754.51953,544.84845,-1.0,-1.0,-1.0
1639,687.21405,486.71756,328.7701,658.0701,-1.0,-1.0,-1.0
1640,1191.4695,697.4185,713.4775,3000.4502,-1.0,-1.0,-1.0
1641,5711.5854,308.9013,1190.6478,3053.4006,-1.0,-1.0,-1.0
1642,6801.678,454.9689,2861.6118,222.00645,-1.0,-1.0,-1.0
1643,459.70227,807.49286,137-1.0438,428.8129,-1.0,-1.0,-1.0
1644,309.4388,1627.6095,323.3551,142.18181,-1.0,-1.0,-1.0
1645,684.1629,288.32718,544.07153,159.14653,-1.0,-1.0,-1.0
1646,238.2202,341.2057,752.4826,269.10538,-1.0,-1.0,-1.0
1647,249.01212,969.2645,3838.3179,1599.6245,-1.0,-1.0,-1.0
1648,117.20915,277.3143,84.42113,570.34894,-1.0,-1.0,-1.0
1649,591.35095,379.2399,333.2006,1776.284,-1.0,-1.0,-1.0
1650,452.05902,487.7227,357.77106,1927.0139,-1.0,-1.0,-1.0
1651,1891.5214,105.44833,462.09274,9482.865,-1.0,-1.0,-1.0
1652,286.94785,858.222,472.87088,218.59906,-1.0,-1.0,-1.0
1653,2892.5513,372.99692,126.39468,1132.8206,-1.0,-1.0,-1.0
1654,1608.7645,1816.8528,2204.6504,233.14626,-1.0,-1.0,-1.0
1655,353.26578,312.88284,545.22516,515.32184,-1.0,-1.0,-1.0
1656,285.62308,1370.5491,1974.3126,727.8434,-1.0,-1.0,-1.0
1657,4183.533,946.56946,215.34863,424.91525,-1.0,-1.0,-1.0
1658,360.2842,1243.0027,1153.352,1795.7737,-1.0,-1.0,-1.0
1659,1751.4506,370.7014,424.60654,650.945,-1.0,-1.0,-1.0
1660,1359.4359,408.9467,530.7124,784.2188,-1.0,-1.0,-1.0
1661,1045.7593,949.163,3788.4094,933.1372,-1.0,-1.0,-1.0
1662,260.5536,335.59213,662.2785,590.2891,-1.0,-1.0,-1.0
1663,786.62866,379.2825,285.2097,687.3494,-1.0,-1.0,-1.0
1664,414.23734,107.09765,129.1892,1008.4014,-1.0,-1.0,-1.0
1665,2411.4236,796.17523,839.2587,2274.849,-1.0,-1.0,-1.0
1666,315.3044,420.53043,70.73953,1808.3037,-1.0,-1.0,-1.0
1667,458.8636,5199.304,131.06386,526.5919,-1.0,-1.0,-1.0
1668,834.11053,1050.7944,545.028,375.18268,-1.0,-1.0,-1.0
1669,980.68085,1287.4232,1554.945,261.7618,-1.0,-1.0,-1.0
1670,4575.9546,467.75095,471.17975,369.46933,-1.0,-1.0,-1.0
1671,1131.1798,2253.197,297.7012,53.725445,-1.0,-1.0,-1.0
1672,404.78113,408.96506,549.74634,571.58575,-1.0,-1.0,-1.0
1673,5841.716,503.8643,236.92203,528.95654,-1.0,-1.0,-1.0
1674,302.05338,1730.997,339.73294,687.1447,-1.0,-1.0,-1.0
1675,1486.3937,500.77716,256.26562,199.04372,-1.0,-1.0,-1.0
1676,674.70734,314.13052,446.95996,627.23004,-1.0,-1.0,-1.0
1677,1675.6761,574.0736,367.76694,157.78491,-1.0,-1.0,-1.0
1678,1293.4303,472.24265,388.26718,2072.5767,-1.0,-1.0,-1.0
1679,641.7266,1445.4678,996.43054,1998.3619,-1.0,-1.0,-1.0
1680,176.9239,423.22858,62.69441,313.1213,-1.0,-1.0,-1.0
1681,704.12286,104.41812,104.68268,193.92177,-1.0,-1.0,-1.0
1682,134.95619,153.04971,632.23883,391.32382,-1.0,-1.0,-1.0
1683,877.09296,236.29668,947.7867,491.40192,-1.0,-1.0,-1.0
1684,134.99245,1697.3867,780.9358,131.56232,-1.0,-1.0,-1.0
1685,3081.234,1798.0181,123.57937,1838.4839,-1.0,-1.0,-1.0
1686,6898.9785,158.69734,346.57877,388.9719,-1.0,-1.0,-1.0
1687,379.11636,176.30637,197.42714,2904.9678,-1.0,-1.0,-1.0
1688,745.5656,174.40573,120.40976,836.5436,-1.0,-1.0,-1.0
1689,63.91399,218.33379,658.283,558.1573,-1.0,-1.0,-1.0
1690,607.08624,96.71294,1652.152,1622.5579,-1.0,-1.0,-1.0
1691,501.98743,622.7951,569.709,243.69624,-1.0,-1.0,-1.0
1692,723.68646,1286.9921,549.3474,808.2011,-1.0,-1.0,-1.0
1693,109.89313,1162.4365,86.19359,966.8669,-1.0,-1.0,-1.0
1694,434.11334,1030.8756,343.35602,192.52412,-1.0,-1.0,-1.0
1695,402.10672,788.4683,902.99005,1472.8184,-1.0,-1.0,-1.0
1696,257.45627,2434.2397,368.2758,1123.1796,-1.0,-1.0,-1.0
1697,583.1318,120.62922,1091.203,55.158,-1.0,-1.0,-1.0
1698,1570.7438,429.958,684.15485,720.9905,-1.0,-1.0,-1.0
1699,191.20406,533.3609,1041.4723,446.70053,-1.0,-1.0,-1.0
1700,851.50476,438.67807,239.14407,543.58716,429.1145,-1.0,-1.0
1701,150.36852,792.5906,329.65714,627.8548,1200.4752,-1.0,-1.0
1702,918.0211,232.64392,335.04794,3975.3784,1188.8201,-1.0,-1.0
1703,430.77264,1068.8976,738.7768,1749.0052,100.18242,-1.0,-1.0
1704,143.99623,793.23895,3046.8367,1393.7852,437.23663,-1.0,-1.0
1705,204.84692,166.4495,421.67197,663.1536,483.0912,-1.0,-1.0
1706,3956.639,777.45135,2610.7021,379.9266,3340.588,-1.0,-1.0
1707,342.64713,447.09488,288.37024,375.7938,1602.8652,-1.0,-1.0
1708,1347.466,200.62077,1328.3114,738.94104,1019.4095,-1.0,-1.0
1709,70-1.03265,189.00429,921.4488,448.6946,222.92065,-1.0,-1.0
1710,328.0677,1460.2012,737.185,221.71986,394.07574,-1.0,-1.0
1711,1299.2645,336.5712,707.2276,476.60623,1520.2996,-1.0,-1.0
1712,1404.6339,224.7047,103.13193,381.284,904.7074,-1.0,-1.0
1713,1370.393,1157.9934,706.0872,299.19516,867.3576,-1.0,-1.0
1714,740.8715,1215.7539,120.39762,212.26833,1898.2657,-1.0,-1.0
1715,2902.586,291.85306,113.75467,615.10297,682.9086,-1.0,-1.0
1716,515.8167,3639.4116,153.61046,219.81721,669.97296,-1.0,-1.0
1717,2233.0098,963.05505,348.301,482.6302,2099.637,-1.0,-1.0
1718,647.2033,1041.8308,227.04713,308.75128,565.4208,-1.0,-1.0
1719,161.1956,2738.5254,149.38707,63.71874,262.50067,-1.0,-1.0
1720,1613.7157,250.23492,267.4034,588.1945,782.1568,-1.0,-1.0
1721,841.8929,845.80695,260.28375,176.07228,531.23364,-1.0,-1.0
1722,438.66666,133.0639,339.8239,291.89807,1009.9396,-1.0,-1.0
1723,2949.5356,289.09238,412.397,299.4822,299.77835,-1.0,-1.0
1724,367.8763,760.5079,591.196,57.44057,925.48724,-1.0,-1.0
1725,524.249,202.71814,615.0881,53-1.00775,847.9688,-1.0,-1.0
1726,1342.703,81.22057,283.3608,405.7817,4318.561,-1.0,-1.0
1727,514.7006,722.9758,1806.0951,384.81375,205.51875,-1.0,-1.0
1728,120.8313,871.01465,838.8165,125.856064,936.7144,-1.0,-1.0
1729,305.8837,669.9465,668.7707,125.70489,681.6691,-1.0,-1.0
1730,833.012,742.8748,574.706,129.43391,868.7523,-1.0,-1.0
1731,136.45708,102.58554,992.3674,71.821075,424.11948,-1.0,-1.0
1732,423.6368,216.18724,866.6811,616.3989,121.4626,-1.0,-1.0
1733,1850.721,304.92572,160.82149,586.7187,367.9031,-1.0,-1.0
1734,126.05253,869.6079,1033.8226,439.1752,495.73978,-1.0,-1.0
1735,1507.6228,858.90497,592.8814,5886.9014,248.6038,-1.0,-1.0
1736,429.8327,281.53067,406.2929,567.7911,8139.7036,-1.0,-1.0
1737,2981.5254,350.2515,153.31856,750.8306,633.97943,-1.0,-1.0
1738,370.251,399.82034,382.50418,243.21455,231.51204,-1.0,-1.0
1739,440.4247,75.17358,205.98463,1153.8954,471.32278,-1.0,-1.0
1740,85.81615,783.1702,1281.5569,1384.1787,1530.9683,-1.0,-1.0
1741,331.80087,1180.8912,321.24506,353.65134,319.30026,-1.0,-1.0
1742,1435.5414,1231.515,585.9373,363.2161,101.98569,-1.0,-1.0
1743,489.62122,395.11655,1259.684,2557.8774,468.36145,-1.0,-1.0
1744,1519.5997,614.3085,635.1103,1101.1526,469.74316,-1.0,-1.0
1745,135.67422,102.12716,180.85928,440.2924,1195.4546,-1.0,-1.0
1746,16-1.04669,1309.5028,1085.2012,502.039,376.28174,-1.0,-1.0
1747,1816.7189,68-1.0283,139.64647,1233.5255,2198.4824,-1.0,-1.0
1748,634.96564,975.83575,123.70546,229.1322,151.39165,-1.0,-1.0
1749,2383.5454,390.58182,413.43198,602.76,76.01335,-1.0,-1.0
1750,256.94925,699.5099,113.62879,251.21558,116.96257,-1.0,-1.0
1751,2583.9497,793.6431,1964.6072,273.31784,5129.5923,-1.0,-1.0
1752,718.9686,946.85126,607.7179,235.08997,298.3248,-1.0,-1.0
1753,131.14568,289.52652,349.442,299.13376,500.6605,-1.0,-1.0
1754,684.74457,592.14856,800.2009,2870.206,657.1011,-1.0,-1.0
1755,781.2514,697.50726,501.0895,970.66,907.8655,-1.0,-1.0
1756,233.26917,139.62976,2257.0947,431.15683,1274.5077,-1.0,-1.0
1757,209.12527,598.9222,89.26992,327.00546,1485.8591,-1.0,-1.0
1758,1582.3934,358.85977,270.8525,350.43372,182.04257,-1.0,-1.0
1759,5311.203,642.4595,378.21594,459.4195,419.00766,-1.0,-1.0
1760,133.32014,224.60962,1180.3861,721.774,276.13715,-1.0,-1.0
1761,442.05096,291.1224,587.67377,489.5084,91.45506,-1.0,-1.0
1762,560.7443,2513.4626,168.82434,693.301,512.2424,-1.0,-1.0
1763,542.144,118.087006,233.59361,477.12265,612.6279,-1.0,-1.0
1764,241.21413,379.12552,286.1991,942.1959,401.60052,-1.0,-1.0
1765,1426.6691,129.58208,295.4512,3005.0347,721.3449,-1.0,-1.0
1766,236.84615,1917.4983,1270.3721,122.93901,427.047,-1.0,-1.0
1767,592.7691,242.75656,1034.0543,1099.964,644.4527,-1.0,-1.0
1768,56.889156,631.4495,306.70602,170.14581,457.2664,-1.0,-1.0
1769,718.38165,889.3994,212.3106,284.78854,142.22588,-1.0,-1.0
1770,2058.0942,329.59708,237.68678,755.4599,7120.7827,-1.0,-1.0
1771,700.4875,1035.0717,721.0236,534.5318,154.55096,-1.0,-1.0
1772,1240.2921,517.35187,815.88696,1252.4691,359.92572,-1.0,-1.0
1773,221.99825,267.72592,136.95978,400.85776,1025.8776,-1.0,-1.0
1774,585.9239,174.87206,470.2809,1006.73553,2830.85,-1.0,-1.0
1775,995.7308,227.5505,156.73021,372.61923,307.48853,-1.0,-1.0
1776,1034.9095,126.29709,122.81451,241.41115,987.48413,-1.0,-1.0
1777,803.56964,173.4293,93.3881,386.0689,1619.6805,-1.0,-1.0
1778,614.4429,443.83902,740.7283,293.80722,549.0169,-1.0,-1.0
1779,485.3089,171.27383,743.093,485.07346,1251.7709,-1.0,-1.0
1780,1884.2274,2432.1833,529.58514,168.00383,1257.0756,-1.0,-1.0
1781,486.14328,245.90147,676.0046,424.523,574.37195,-1.0,-1.0
1782,514.0129,537.12836,326.22836,153.37325,152.27075,-1.0,-1.0
1783,375.36328,876.3677,209.04027,248.62842,1269.4014,-1.0,-1.0
1784,362.30264,477.6239,695.7728,237.78041,948.6094,-1.0,-1.0
1785,161.9418,392.46237,1840.7247,455.56097,250.46924,-1.0,-1.0
1786,1976.4698,1527.4904,777.02893,68.45162,1082.2604,-1.0,-1.0
1787,273.68698,936.7906,366.90063,304.03076,333.75888,-1.0,-1.0
1788,304.83542,4726.026,655.9893,299.92084,701.08136,-1.0,-1.0
1789,318.16763,120.70937,201.0292,443.4683,132.48433,-1.0,-1.0
1790,223.98903,39-1.01697,541.4117,138.81548,253.18127,-1.0,-1.0
1791,281.3113,4623.318,480.3539,569.6436,1555.7832,-1.0,-1.0
1792,3897.1636,4245.32,578.5154,369.19247,5275.6924,-1.0,-1.0
1793,1703.4464,574.4171,638.679,167.50023,397.31473,-1.0,-1.0
1794,908.76825,638-1.015,69.7294,133.03708,560.276,-1.0,-1.0
1795,255.84566,135.00179,891.25867,907.31354,886.9543,-1.0,-1.0
1796,355.62576,93.519684,1945.5643,226.37056,1138.6844,-1.0,-1.0
1797,1250.6138,567.63556,969.26465,1598.5438,89-1.0198,-1.0,-1.0
1798,4701.682,337.10617,1434.1803,91.87765,1475.4182,-1.0,-1.0
1799,67.033676,207.5647,373.94083,491.16983,791.75946,-1.0,-1.0
1800,2293.4158,339.36963,107.779434,552.4797,1044.213,481.16016,-1.0
1801,251.60435,403.62363,318.6241,1679.9121,293.46405,768.34247,-1.0
1802,1286.6859,836.68634,97.37012,779.92267,369.42175,420.50244,-1.0
1803,100.149445,356.55807,64.554634,448.51,542.3954,80.85202,-1.0
1804,2277.822,477.78812,425.4147,432.654,182.31067,2006.4247,-1.0
1805,192.97977,115.25661,705.56635,152.87914,335.9569,409.12027,-1.0
1806,270.36078,1545.1853,231.46484,62.708775,264.79544,2832.636,-1.0
1807,452.04974,1158.4397,786.1781,528.3588,1065.3557,2278.311,-1.0
1808,782.1257,1115.9496,985.9218,107.50426,557.3663,636.66504,-1.0
1809,430.66794,3336.2988,534.8492,793.37823,401.96326,329.8035,-1.0
1810,2570.3958,752.2923,455.60257,77.9727,874.16766,517.0513,-1.0
1811,102.58807,246.27449,363.5382,844.046,1254.3029,356.01776,-1.0
1812,1964.4246,5435.6616,1261.9185,89.176346,332.00574,801.62726,-1.0
1813,267.24796,635.94476,1320.6122,89.74733,1524.6836,308.2852,-1.0
1814,249.48012,176.62909,615.54,102.662186,355.0087,449.45526,-1.0
1815,2917.5762,116.63306,401.75308,539.5273,450.7856,4392.312,-1.0
1816,5146.263,319.98978,560.40704,2208.8206,439.36343,1321.7572,-1.0
1817,820.26465,141.96931,211.98654,566.6697,441.0465,1211.2004,-1.0
1818,428.55902,366.80234,2338.8706,264.63156,40-1.07236,246.7781,-1.0
1819,122.8918,273.15973,290.41867,311.88406,1961.4407,372.32797,-1.0
1820,60.138103,6524.184,1034.9456,316.7665,1195.1953,189.98694,-1.0
1821,607.1769,903.59784,489.97986,776.9594,628.2934,2177.2988,-1.0
1822,2025.6252,1277.16,516.102,194.4028,182.33157,525.2827,-1.0
1823,609.56226,2976.8945,91.365326,958.0445,941.31165,2458.5483,-1.0
1824,1301.9807,68.93653,436.92145,1341.3931,96.930664,613.8479,-1.0
1825,634.3454,1599.7626,59.447105,111.24573,1448.9525,230.17647,-1.0
1826,297.90048,632.0395,3316.2212,137.09032,214.77061,783.89764,-1.0
1827,352.15067,2615.3193,239.32349,276.95126,1507.5586,789.49854,-1.0
1828,143.73204,70.333084,184.32455,327.98483,273.40683,535.30505,-1.0
1829,456.554,2489.2104,157.72414,210.4251,973.8187,111.7655,-1.0
1830,1080.2135,98.431854,322.0743,659.9673,94.062546,543.1199,-1.0
1831,298.2148,2087.2732,453.77542,207.27138,378.79602,802.65924,-1.0
1832,521.9069,1695.4121,3470.4917,558.1621,385.24765,2264.0508,-1.0
1833,497.74405,76.38816,161.86299,256.76077,298.3478,266.27164,-1.0
1834,476.04175,630.8681,307.83368,59.32549,1522.5537,784.1732,-1.0
1835,783.909,477.1558,226.77339,52-1.0573,240.71974,705.3842,-1.0
1836,5390.8384,298.36453,217.21202,136.64893,372.9476,3724.2068,-1.0
1837,1945.351,232.40901,1246.6981,339.86423,425.75974,439.27603,-1.0
1838,1030.3838,463.40305,191.14647,699.5367,149.12744,618.4697,-1.0
1839,603.4179,529.023,500.2233,4098.266,135.5632,324.57678,-1.0
1840,1109.9362,306.923,258.73593,270.85147,610.63654,263.3338,-1.0
1841,96.58641,616.0718,268.406,208.36589,680.9306,686.33636,-1.0
1842,635.62604,1882.6538,263.76114,202.86925,208.12956,364.58588,-1.0
1843,201.63934,136.44666,69.10274,141.07622,190.78523,489.78806,-1.0
1844,142.4188,38-1.0898,540.93524,173.4463,255.57143,662.1617,-1.0
1845,308.41528,463.89066,736.72925,408.99966,175.36552,1363.3809,-1.0
1846,319.56314,365.72214,905.5338,201.35863,242.52126,509.86053,-1.0
1847,763.7869,873.164,289.49066,2471.3208,641.4451,184.71136,-1.0
1848,882.00385,3116.1626,827.26776,395.9804,2047.6355,917.5505,-1.0
1849,351.13583,753.4979,462.166,770.1256,1506.943,7287.4023,-1.0
1850,1386.5367,533.3764,335.05893,450.34818,219.01363,658.17114,-1.0
1851,587.14746,484.39255,119.46538,238.64082,241.39317,2867.613,-1.0
1852,191.59901,2178.8865,237.31076,229.8042,681.9783,1493.3582,-1.0
1853,296.5956,264.90494,577.0563,351.58237,1182.3281,3345.59,-1.0
1854,457.59195,257.3163,429.78595,311.1572,186.03723,556.4306,-1.0
1855,478.98355,542.0307,312.25198,1100.5944,2076.0754,451.9252,-1.0
1856,1419.7538,438.4743,182.16376,340.96857,416.53333,175.58742,-1.0
1857,156.96254,5137.5537,582.63885,139.78172,615.8012,137.06767,-1.0
1858,886.8885,621.65076,708.997,156.73875,609.04297,1478.0266,-1.0
1859,520.8777,329.4062,433.5307,1012.5666,660.59326,785.69574,-1.0
1860,196.80533,616.7719,2105.767,572.0979,834.5692,639.6162,-1.0
1861,666.68146,886.769,526.9357,112.559586,864.0245,656.867,-1.0
1862,912.6666,164.03008,722.70233,1031.4495,225.98898,1237.3103,-1.0
1863,589.8709,1197.0975,321.0228,670.22406,615.33154,225.85155,-1.0
1864,54.874302,1073.522,1431.1761,627.5747,631.98065,731.26465,-1.0
1865,54.788002,532.36945,474.69138,343.7269,280.1364,1219.9854,-1.0
1866,71.940994,817.39856,1501.9943,837.2198,898.4227,349.97726,-1.0
1867,241.14044,571.9814,190.131,1760.8029,2040.8254,213.22995,-1.0
1868,6499.0923,309.8041,487.0588,1108.0654,1016.36884,1175.1211,-1.0
1869,851.7768,249.9872,578.4365,1078.1488,880.8167,57.299137,-1.0
1870,2147.867,10458.775,384.13303,220.16869,1375.1399,365.5718,-1.0
1871,156.73822,187.17702,687.5146,176.19121,270.8081,330.66663,-1.0
1872,209.42146,5384.151,323.65872,212.94753,388.09964,169.68755,-1.0
1873,1351.8323,224.26053,1839.2993,91.14058,459.78366,185.22458,-1.0
1874,288.0482,4575.935,624.0862,651.3327,95.252846,283.8955,-1.0
1875,169.90381,175.78972,1817.267,337.22678,233.66924,716.12744,-1.0
1876,232.0128,243.05931,1396.7648,389.67776,680.53906,410.795,-1.0
1877,408.9318,465.70267,330.92725,217.8337,207.96063,294.7771,-1.0
1878,487.27463,93.81681,219.40411,290.13004,106.45667,1800.9879,-1.0
1879,902.10175,1120.3308,348.63174,1386.8787,1554.696,3510.6365,-1.0
1880,1089.132,57.01443,779.50616,216.6375,2809.4333,187.5356,-1.0
1881,62.082127,313.43344,632.4188,854.7158,230.90268,419.1429,-1.0
1882,3501.0098,149.20576,254.39827,212.14644,185.96457,1224.7516,-1.0
1883,634.05396,451.13553,232.65025,1000.3886,384.67303,1612.6599,-1.0
1884,782.8571,237.96266,845.19385,647.96783,153.00203,4886.1104,-1.0
1885,197.92625,923.66364,375.1924,324.6625,715.7387,582.4621,-1.0
1886,1114.6456,164.57686,281.60852,455.37308,223.42998,568.2498,-1.0
1887,231.0561,407.31683,199.95418,1068.974,672.5835,111.82999,-1.0
1888,686.2171,75.925316,2884.387,413.92032,817.53217,1041.3363,-1.0
1889,580.72626,2394.8328,1143.1366,1408.0941,303.63806,143.20303,-1.0
1890,2855.4382,1264.9698,253.90256,321.74985,78.24768,1122.2347,-1.0
1891,264.36093,207.17406,109.82492,203.88304,1925.0289,71.49043,-1.0
1892,418.3213,281.8646,335.2654,152.55507,271.82217,1161.5364,-1.0
1893,1271.4679,338.61465,609.12305,803.4237,418.50882,275.9498,-1.0
1894,550.8711,1008.7231,466.3262,99.18694,234.8419,2224.795,-1.0
1895,891.97064,149.32838,300.98337,374.2435,1068.4822,846.8829,-1.0
1896,111.89873,1810.6388,341.20276,338.83124,303.38788,63.0119,-1.0
1897,1661.5852,1410.9391,781.2692,357.63016,501.25916,300.59665,-1.0
1898,643.6357,221.12105,1803.9565,443.46213,207.52982,455.00607,-1.0
1899,162.35417,217.73006,557.67645,40-1.02017,598.57635,180.26678,-1.0
1900,792.8836,1242.7828,151.53123,461.3157,248.35674,2158.7168,768.8166
1901,1318.8984,171.61531,242.85051,178.05234,1448.952,107.141,183.9653
1902,434.1227,2939.8608,1520.4402,5305.031,209.49388,880.62695,150.23505
1903,219.19106,1228.6512,1798.193,152.03273,205.53543,141.74574,153.42647
1904,450.98206,774.4386,619.3875,499.9492,300.92642,507.84378,349.40347
1905,472.2437,351.8268,476.7449,57.458965,162.50404,272.1779,4514.695
1906,382.38205,5345.2007,472.41034,270.7186,310.58173,405.64313,374.69574
1907,388.72842,935.9847,1244.0311,293.6351,367.92715,460.33032,260.5617
1908,1227.3881,710.10614,350.58627,166.3253,379.2584,2506.8357,1518.1766
1909,770.5624,175.66014,295.89648,1102.6642,428.755,331.28146,597.649
1910,608.269,655.6036,202.13412,631.50995,347.8104,411.3155,508.44687
1911,519.7667,510.78244,104.63718,321.31943,283.5718,2399.8872,458.51654
1912,1994.7816,202.24971,149.18028,278.0481,2033.7229,134.68407,2785.6528
1913,441.47455,176.29184,64.58541,1190.8562,1313.0103,365.03693,821.4236
1914,1250.4768,871.669,717.2363,522.5125,287.5784,195.19144,74.91623
1915,402.47372,592.13763,134.66096,2287.7178,327.89935,674.21326,382.64813
1916,206.88272,1011.1119,390.82764,511.25943,860.3872,656.1135,702.6416
1917,269.63058,193.83528,781.3405,183.67851,115.61342,218.24797,377.535
1918,255.43387,119.40607,266.10898,286.7916,250.28285,830.76935,1692.7079
1919,2807.5605,192.09187,300.94815,496.46017,59.95639,164.53561,283.31918
1920,969.499,2615.7607,182.48294,377.7984,144.19585,335.44366,707.33154
1921,284.01553,263.0945,77.53995,518.4492,224.97987,561.76715,1099.9834
1922,156.87764,7596.028,328.1918,321.3724,72.740005,60.613316,479.55237
1923,693.7726,1691.8933,142.61693,228.6523,75.83203,486.21286,948.0598
1924,654.15155,187.355,2134.1233,192.21675,578.2754,262.36728,5369.612
1925,482.26248,217.58833,2808.309,302.0704,600.82135,430.7042,758.1097
1926,850.1294,198.16757,1019.70184,1706.5688,289.04944,214.89508,1081.2987
1927,820.3074,622.8094,1028.023,185.01347,137.25558,398.65494,1951.0593
1928,117.50647,738.8072,695.38336,5837.773,468.67307,77.98419,297.1734
1929,198.7641,755.9237,421.98825,659.35034,64.36223,1147.4664,1260.8417
1930,1754.2377,138.83958,192.56938,138.55733,354.9445,415.17264,364.24826
1931,287.44516,1433.5527,482.94073,415.431,302.50452,609.1642,333.5593
1932,471.38687,1161.0087,414.2155,2720.483,1710.7894,186.80994,1263.4386
1933,1015.1836,1834.7145,208.17226,136.50262,128.47736,675.8407,200.16487
1934,134.2162,244.47435,1060.2235,163.03293,185.636,14-1.07182,355.004
1935,1209.8248,342.6543,535.9069,328.10028,213.92403,323.95782,339.45056
1936,1198.9545,691.4818,698.0475,626.2557,386.92572,139.35172,93-1.0127
1937,466.45215,570.3661,481.25845,398.7458,457.31506,368.09326,156.82297
1938,142.2763,658.4014,381.33386,671.0001,393.50632,159.12486,283.81412
1939,883.0481,179.97325,1745.9741,852.2286,336.92184,3491.9294,748.5454
1940,577.86,227.11076,89.567245,270.59305,308.78806,790.2894,301.62128
1941,291.9436,226.74481,124.139694,710.2576,340.75287,273.7661,575.0144
1942,249.88515,386.11362,139.36223,373.3923,557.74603,53.553223,155.38576
1943,551.45325,303.34598,432.86728,711.5947,572.8607,388.66678,33-1.02533
1944,83.36221,1789.2472,146.98622,204.45781,2800.9785,124.06931,1228.6466
1945,226.08842,1044.4856,142.9702,680.4067,346.9677,1946.9285,368.2352
1946,106.80573,595.55,636.94696,118.75482,126.63761,771.7259,249.16597
1947,1588.1843,480.7515,727.52875,139.10738,1102.0916,199.15457,1463.0472
1948,974.53125,584.7355,504.872,512.77496,630.28107,59.294346,458.63135
1949,642.8412,1420.1517,72.921906,285.05585,1299.6144,265.35147,298.60724
1950,70.57149,1558.0549,2750.8855,259.30942,347.1342,149.222,1588.4985
1951,373.55655,359.02963,1385.454,775.7358,240.96715,707.08966,293.36362
1952,163.95781,214.67448,365.55652,329.87494,267.12372,586.62177,377.37564
1953,346.88684,558.19965,250.95393,645.4779,258.59637,240.73076,712.5213
1954,453.5643,559.25055,312.69995,821.5566,93.15789,175.31885,1732.658
1955,2070.604,2147.606,668.88086,103.53097,288.26254,2696.7786,188.97188
1956,2113.6267,346.99493,1078.809,399.8315,269.40918,840.2202,571.83636
1957,2634.4116,1539.5481,166.18634,129.03758,1502.4634,117.304085,100.81688
1958,1431.3885,114.44885,207.67854,2736.6365,59.820255,631.50287,206.7114
1959,408.24844,1105.3802,435.59836,631.867,257.84726,1048.9602,444.1718
1960,134.88637,123.8731,1100.3738,523.31604,403.80905,352.3477,484.79688
1961,1587.6504,1518.2733,2789.1924,89.091446,221.54036,201.39407,459.3292
1962,197.88039,71.12985,451.10574,271.00412,374.9041,1522.2758,723.5169
1963,1860.9658,225.74077,612.3736,93.00362,1035.244,19-1.0917,2616.36
1964,4253.9966,656.3238,1275.0616,1002.549,88.515465,132.37296,326.13492
1965,471.59528,2789.664,561.49884,294.2559,356.78625,430.99973,685.61505
1966,1442.0792,8883.818,179.83046,328.82175,619.8134,253.11008,528.4928
1967,462.2443,970.4051,165.66133,422.72318,1559.7423,133.32753,576.64825
1968,174.42441,1797.2018,604.4006,1182.0387,129.16577,862.9458,171.28401
1969,288.4735,219.06221,419.8649,2287.5063,1296.4539,1513.1066,626.28326
1970,674.8876,279.40594,120.17973,225.16873,78.29899,444.35458,3129.758
1971,823.67865,270.42645,337.65622,1436.8624,372.30188,180.2669,5745.263
1972,327.58066,773.7952,286.97455,1312.1166,863.0885,416.57507,149.72192
1973,810.3881,79.95526,1065.0646,338.57986,71.712524,635.7692,1254.9443
1974,187.24333,388.38583,266.9556,693.75775,306.1567,379.80493,884.89636
1975,58.959774,113.225006,2003.5426,464.6525,675.65015,835.9778,160.3073
1976,705.6503,1287.9755,111.55344,1652.7975,66.78067,172.55516,298.42853
1977,1279.805,107.082016,124.49405,410.8568,437.2362,362.76773,1302.1335
1978,975.9683,232.78253,569.9067,199.98009,193.84598,108.53113,672.30133
1979,1179.6292,283.0808,154.786,194.08995,513.7836,2508.5835,1304.0748
1980,374.30377,523.67194,1998.4004,285.0264,392.68692,327.5743,1224.7931
1981,130.87683,821.65753,406.3661,191.82338,227.06676,290.61972,180.65073
1982,65.37903,1224.4833,740.78595,1487.8209,2155.6143,486.92435,1030.6953
1983,2088.037,3705.544,1153.1764,2854.4795,400.41653,309.00497,313.62564
1984,339.022,1102.2084,132.406,435.85703,1090.6675,559.66455,393.03268
1985,195.32385,568.4899,642.7847,1876.9669,609.0987,283.16797,193.3732
1986,163.62297,296.73453,291.15842,586.6931,2780.951,344.178,139.82738
1987,239.41234,492.50803,1863.0997,116.104904,83.07741,571.9166,230.19685
1988,956.99677,386.72842,202.71492,2313.214,369.44647,228.7395,553.968
1989,894.97296,817.55707,2924.7085,474.4526,647.8588,295.5477,544.19116
1990,731.3079,457.51,777.63055,385.51816,355.4192,109.68974,214.03984
1991,491.70584,176.12073,333.58612,401.19876,178.63327,620.65826,198.32146
1992,87.9482,338.9283,1059.0535,955.1333,117.46147,1187.4408,146.28941
1993,285.22592,805.2796,426.81754,94.03064,782.7803,2851.3438,413.89047
1994,1124.1605,248.07388,116.939644,438.52295,733.5822,171.981,2880.8286
1995,95.287605,350.63364,2047.6569,1205.6713,109.01763,353.60077,186.49377
1996,580.7066,489.5243,1118.4056,1751.3121,539.61523,138.3286,252.97664
1997,428.56424,1787.5486,474.6263,389.71127,63.185482,121.06042,703.2125
1998,486.75165,443.36243,1784.2108,186.15108,1185.1222,372.45697,281.45578
1999,241.29402,665.4062,738.30597,1272.4258,376.68008,950.97485,1270.5735
2000,561.20245,378.13818,845.9443,-1.0,-1.0,-1.0,-1.0
2001,99.494026,549.5504,377.4961,-1.0,-1.0,-1.0,-1.0
2002,5221.37,1079.3146,537.4238,-1.0,-1.0,-1.0,-1.0
2003,597.88434,2204.7334,1052.3379,-1.0,-1.0,-1.0,-1.0
2004,1208.6718,647.8469,1639.3612,-1.0,-1.0,-1.0,-1.0
2005,417.66034,92.181335,201.53043,-1.0,-1.0,-1.0,-1.0
2006,509.82132,1327.636,744.2509,-1.0,-1.0,-1.0,-1.0
2007,309.1105,2249.77,2495.3826,-1.0,-1.0,-1.0,-1.0
2008,4162.008,274.00247,1575.2267,-1.0,-1.0,-1.0,-1.0
2009,1349.5032,414.11188,2794.7324,-1.0,-1.0,-1.0,-1.0
2010,638.4302,2158.4292,171.66574,-1.0,-1.0,-1.0,-1.0
2011,159.13106,476.60004,182.82014,-1.0,-1.0,-1.0,-1.0
2012,750.54645,183.64592,1835.9062,-1.0,-1.0,-1.0,-1.0
2013,154.0501,1170.5679,1055.7731,-1.0,-1.0,-1.0,-1.0
2014,1381.0973,1237.2565,369.19797,-1.0,-1.0,-1.0,-1.0
2015,1898.515,274.97003,554.67957,-1.0,-1.0,-1.0,-1.0
2016,917.608,167.29034,3605.6204,-1.0,-1.0,-1.0,-1.0
2017,309.34268,1065.7644,288.4535,-1.0,-1.0,-1.0,-1.0
2018,525.96136,195.40822,1593.2157,-1.0,-1.0,-1.0,-1.0
2019,960.9668,524.40063,822.41583,-1.0,-1.0,-1.0,-1.0
2020,230.26404,520.8714,381.41772,-1.0,-1.0,-1.0,-1.0
2021,1190.5266,393.0908,9118.091,-1.0,-1.0,-1.0,-1.0
2022,1135.31,367.87952,636.27856,-1.0,-1.0,-1.0,-1.0
2023,735.1633,1438.3848,1009.28674,-1.0,-1.0,-1.0,-1.0
2024,241.17871,284.38254,130.29175,-1.0,-1.0,-1.0,-1.0
2025,529.26373,359.34195,2162.0674,-1.0,-1.0,-1.0,-1.0
2026,810.6712,280.1591,862.22003,-1.0,-1.0,-1.0,-1.0
2027,1776.127,155.87912,1247.9314,-1.0,-1.0,-1.0,-1.0
2028,1109.0978,766.4041,6707.2754,-1.0,-1.0,-1.0,-1.0
2029,272.08054,3541.7812,192.01842,-1.0,-1.0,-1.0,-1.0
2030,912.8892,1095.5093,2107.3716,-1.0,-1.0,-1.0,-1.0
2031,646.35187,393.91336,528.08356,-1.0,-1.0,-1.0,-1.0
2032,288.30945,688.3225,215.10503,-1.0,-1.0,-1.0,-1.0
2033,322.72922,1522.0011,530.6167,-1.0,-1.0,-1.0,-1.0
2034,685.5415,668.7101,5899.4746,-1.0,-1.0,-1.0,-1.0
2035,3652.3464,1054.4341,5559.3706,-1.0,-1.0,-1.0,-1.0
2036,252.51686,368.06256,136.67474,-1.0,-1.0,-1.0,-1.0
2037,1008.9833,311.2688,354.16373,-1.0,-1.0,-1.0,-1.0
2038,822.6047,1126.1915,1085.1001,-1.0,-1.0,-1.0,-1.0
2039,912.6648,142.40894,263.0026,-1.0,-1.0,-1.0,-1.0
2040,860.3105,127.37225,324.08017,-1.0,-1.0,-1.0,-1.0
2041,1129.1422,1035.2458,708.09094,-1.0,-1.0,-1.0,-1.0
2042,262.52716,1261.3517,267.89255,-1.0,-1.0,-1.0,-1.0
2043,204.50053,886.3841,1243.7039,-1.0,-1.0,-1.0,-1.0
2044,134.37918,127.28684,580.16064,-1.0,-1.0,-1.0,-1.0
2045,1859.3195,705.46216,608.947,-1.0,-1.0,-1.0,-1.0
2046,222.91722,634.2772,141.82997,-1.0,-1.0,-1.0,-1.0
2047,265.8714,1316.3317,708.0245,-1.0,-1.0,-1.0,-1.0
2048,1807.6946,97.05272,548.5114,-1.0,-1.0,-1.0,-1.0
2049,1929.9077,458.40872,916.3481,-1.0,-1.0,-1.0,-1.0
2050,3291.5347,1563.1964,525.5096,-1.0,-1.0,-1.0,-1.0
2051,659.88324,324.0829,344.9178,-1.0,-1.0,-1.0,-1.0
2052,274.9776,500.27423,753.5446,-1.0,-1.0,-1.0,-1.0
2053,519.6006,248.64894,469.1405,-1.0,-1.0,-1.0,-1.0
2054,2453.7708,542.0278,8064.341,-1.0,-1.0,-1.0,-1.0
2055,446.62524,940.4192,314.4758,-1.0,-1.0,-1.0,-1.0
2056,905.43744,566.0759,171.13979,-1.0,-1.0,-1.0,-1.0
2057,1809.9625,513.1813,209.49228,-1.0,-1.0,-1.0,-1.0
2058,233.84407,131.357,123.62533,-1.0,-1.0,-1.0,-1.0
2059,2672.9238,433.01733,871.90094,-1.0,-1.0,-1.0,-1.0
2060,3179.914,1339.8206,1333.2593,-1.0,-1.0,-1.0,-1.0
2061,995.74475,1489.9855,664.07874,-1.0,-1.0,-1.0,-1.0
2062,567.71796,557.6086,1035.0546,-1.0,-1.0,-1.0,-1.0
2063,100.28897,1015.3449,608.5252,-1.0,-1.0,-1.0,-1.0
2064,272.37027,708.16156,317.26926,-1.0,-1.0,-1.0,-1.0
2065,975.6384,341.38504,226.31242,-1.0,-1.0,-1.0,-1.0
2066,1842.1277,502.6439,332.65622,-1.0,-1.0,-1.0,-1.0
2067,672.0599,1186.6349,126.58584,-1.0,-1.0,-1.0,-1.0
2068,1628.0535,206.08533,794.84467,-1.0,-1.0,-1.0,-1.0
2069,354.0364,383.0848,652.6508,-1.0,-1.0,-1.0,-1.0
2070,308.4716,114.43344,214.47478,-1.0,-1.0,-1.0,-1.0
2071,170.51874,228.88715,136.58191,-1.0,-1.0,-1.0,-1.0
2072,4104.1733,232.1762,2517.9868,-1.0,-1.0,-1.0,-1.0
2073,685.979,449.7431,159.65614,-1.0,-1.0,-1.0,-1.0
2074,155.65195,1016.7794,1099.0979,-1.0,-1.0,-1.0,-1.0
2075,3482.1685,1341.4503,881.01447,-1.0,-1.0,-1.0,-1.0
2076,746.5485,552.31006,180.6231,-1.0,-1.0,-1.0,-1.0
2077,1533.386,2631.1333,1153.076,-1.0,-1.0,-1.0,-1.0
2078,417.9564,166.77516,454.5034,-1.0,-1.0,-1.0,-1.0
2079,1508.4476,769.6277,889.2784,-1.0,-1.0,-1.0,-1.0
2080,105.289856,1420.7715,345.69943,-1.0,-1.0,-1.0,-1.0
2081,997.6396,903.09766,449.1097,-1.0,-1.0,-1.0,-1.0
2082,672.0102,154.82748,1323.548,-1.0,-1.0,-1.0,-1.0
2083,1551.7362,156.83688,238.35155,-1.0,-1.0,-1.0,-1.0
2084,565.42346,177.6219,279.56512,-1.0,-1.0,-1.0,-1.0
2085,971.70917,231.95491,765.86615,-1.0,-1.0,-1.0,-1.0
2086,262.25995,161.07573,4266.32,-1.0,-1.0,-1.0,-1.0
2087,338.7823,810.11694,309.05814,-1.0,-1.0,-1.0,-1.0
2088,181.99643,139.09499,2588.2375,-1.0,-1.0,-1.0,-1.0
2089,491.50623,315.749,107.70133,-1.0,-1.0,-1.0,-1.0
2090,394.04382,154.39415,445.5695,-1.0,-1.0,-1.0,-1.0
2091,641.82336,1729.0205,160.93077,-1.0,-1.0,-1.0,-1.0
2092,670.6496,188.18672,88.226204,-1.0,-1.0,-1.0,-1.0
2093,315.92862,162.59026,2008.1904,-1.0,-1.0,-1.0,-1.0
2094,349.2312,120.51567,118.28356,-1.0,-1.0,-1.0,-1.0
2095,1054.9276,183.8045,1010.2422,-1.0,-1.0,-1.0,-1.0
2096,776.7299,295.70197,776.9068,-1.0,-1.0,-1.0,-1.0
2097,91.250336,5430.797,602.37616,-1.0,-1.0,-1.0,-1.0
2098,637.97626,1777.1569,4784.567,-1.0,-1.0,-1.0,-1.0
2099,1657.6384,533.8525,1128.3369,-1.0,-1.0,-1.0,-1.0
2100,906.90234,1544.2379,4303.8286,307.96048,-1.0,-1.0,-1.0
2101,618.2515,129.76225,252.08446,448.1617,-1.0,-1.0,-1.0
2102,810.8814,1764.2131,1088.1952,421.10956,-1.0,-1.0,-1.0
2103,637.9771,3237.7676,2173.6987,313.604,-1.0,-1.0,-1.0
2104,4571.3687,657.30084,383.21182,331.22318,-1.0,-1.0,-1.0
2105,1784.9227,235.85258,131.88005,5509.801,-1.0,-1.0,-1.0
2106,1733.8768,318.58945,452.49326,2765.131,-1.0,-1.0,-1.0
2107,450.3536,713.74384,27-1.0687,514.454,-1.0,-1.0,-1.0
2108,2268.4922,301.9579,1086.475,2241.9348,-1.0,-1.0,-1.0
2109,1308.3585,1349.4696,1210.367,1393.2961,-1.0,-1.0,-1.0
2110,1206.436,1153.6323,575.5886,430.37274,-1.0,-1.0,-1.0
2111,440.1306,520.286,288.98807,24-1.02957,-1.0,-1.0,-1.0
2112,1447.9647,105.90944,1466.5573,900.4659,-1.0,-1.0,-1.0
2113,1460.1437,348.36658,266.10086,1338.671,-1.0,-1.0,-1.0
2114,602.926,145.45393,244.8503,411.17355,-1.0,-1.0,-1.0
2115,397.93768,911.9827,597.7783,698.0899,-1.0,-1.0,-1.0
2116,737.95496,1464.5865,385.97754,1534.5607,-1.0,-1.0,-1.0
2117,2363.446,150.53233,1041.6233,665.7593,-1.0,-1.0,-1.0
2118,1788.5092,446.53003,167.16823,7452.2144,-1.0,-1.0,-1.0
2119,360.58618,525.0251,895.3305,300.5431,-1.0,-1.0,-1.0
2120,3354.991,515.28033,418.50284,673.497,-1.0,-1.0,-1.0
2121,1222.5684,3531.879,533.4913,506.41675,-1.0,-1.0,-1.0
2122,1756.2546,2791.486,154.72285,893.60974,-1.0,-1.0,-1.0
2123,215.58327,277.079,138.27089,148.97665,-1.0,-1.0,-1.0
2124,717.7468,133.66907,3556.8652,536.09064,-1.0,-1.0,-1.0
2125,1290.892,581.38654,190.22948,2220.9307,-1.0,-1.0,-1.0
2126,1660.6462,1847.1672,136.026,99.65613,-1.0,-1.0,-1.0
2127,257.68362,323.6135,1584.6215,3082.5542,-1.0,-1.0,-1.0
2128,522.11,1019.1799,650.15607,3096.5156,-1.0,-1.0,-1.0
2129,1143.5718,714.3018,3457.9663,865.97174,-1.0,-1.0,-1.0
2130,1107.5168,380.90292,413.9645,908.5885,-1.0,-1.0,-1.0
2131,742.7424,906.2298,470.27448,620.7586,-1.0,-1.0,-1.0
2132,3991.7605,502.46103,67.56244,2493.0146,-1.0,-1.0,-1.0
2133,105.1273,439.25955,4518.8022,389.50607,-1.0,-1.0,-1.0
2134,1604.3646,500.57004,318.8613,583.98846,-1.0,-1.0,-1.0
2135,3035.6475,151.72752,226.3816,149.9528,-1.0,-1.0,-1.0
2136,348.8803,735.72394,262.7188,520.845,-1.0,-1.0,-1.0
2137,1498.1732,322.5745,117.90798,278.36136,-1.0,-1.0,-1.0
2138,1205.5067,134.40533,1882.3226,2293.166,-1.0,-1.0,-1.0
2139,941.7354,561.7017,768.6558,297.47025,-1.0,-1.0,-1.0
2140,743.8735,542.11066,104.48262,181.4687,-1.0,-1.0,-1.0
2141,857.3029,177.35915,246.12378,1208.7401,-1.0,-1.0,-1.0
2142,1174.8341,630.41437,655.3285,166.02614,-1.0,-1.0,-1.0
2143,4233.774,544.3648,306.75003,548.47723,-1.0,-1.0,-1.0
2144,534.18976,318.7381,669.59406,1045.251,-1.0,-1.0,-1.0
2145,2816.7578,1929.7305,173.7876,1216.9414,-1.0,-1.0,-1.0
2146,395.6857,243.0493,373.23343,532.6344,-1.0,-1.0,-1.0
2147,550.54425,138.25574,147.57153,1190.7815,-1.0,-1.0,-1.0
2148,171.9637,787.89044,696.2696,309.7444,-1.0,-1.0,-1.0
2149,1039.0679,171.44022,581.54376,230.60628,-1.0,-1.0,-1.0
2150,820.44476,727.7295,423.0067,1422.1381,-1.0,-1.0,-1.0
2151,356.37518,475.46082,488.4994,190.43153,-1.0,-1.0,-1.0
2152,1879.0199,467.12125,133.26964,1372.911,-1.0,-1.0,-1.0
2153,188.98866,3084.7925,1092.9028,902.9397,-1.0,-1.0,-1.0
2154,235.2143,597.19934,88.38017,338.72336,-1.0,-1.0,-1.0
2155,1003.28375,1060.7494,546.8548,1072.1903,-1.0,-1.0,-1.0
2156,162.81134,517.58746,355.5624,597.18964,-1.0,-1.0,-1.0
2157,154.55553,863.91705,275.36057,574.5522,-1.0,-1.0,-1.0
2158,484.32483,388.16708,268.62466,175.123,-1.0,-1.0,-1.0
2159,765.48535,98.18731,2308.8848,1062.2985,-1.0,-1.0,-1.0
2160,3687.5486,351.26395,245.75385,426.94565,-1.0,-1.0,-1.0
2161,720.7465,745.23645,520.97076,1085.5046,-1.0,-1.0,-1.0
2162,168.61964,225.21559,340.20874,358.31326,-1.0,-1.0,-1.0
2163,1123.001,655.99286,470.17456,822.67645,-1.0,-1.0,-1.0
2164,159.41826,182.02727,141.78569,351.8458,-1.0,-1.0,-1.0
2165,807.832,694.35986,254.68767,419.07205,-1.0,-1.0,-1.0
2166,437.76703,1291.8901,871.56976,245.31567,-1.0,-1.0,-1.0
2167,749.98334,384.67346,1513.017,621.7902,-1.0,-1.0,-1.0
2168,1286.736,1030.392,186.95395,5617.666,-1.0,-1.0,-1.0
2169,1021.2882,253.94926,361.4491,1809.7968,-1.0,-1.0,-1.0
2170,738.5639,277.21436,521.23737,617.5312,-1.0,-1.0,-1.0
2171,476.42532,2042.016,1105.7981,978.93616,-1.0,-1.0,-1.0
2172,803.037,883.4405,139.0491,222.10352,-1.0,-1.0,-1.0
2173,380.65338,1574.7755,161.05273,136.38483,-1.0,-1.0,-1.0
2174,3183.3943,429.11896,340.61765,38-1.0507,-1.0,-1.0,-1.0
2175,639.4565,174.6431,173.28229,571.26843,-1.0,-1.0,-1.0
2176,164.48294,144.08675,210.76111,1828.7233,-1.0,-1.0,-1.0
2177,644.15344,270.6826,820.47455,1716.9989,-1.0,-1.0,-1.0
2178,1121.6028,1005.3694,2312.8184,855.2159,-1.0,-1.0,-1.0
2179,526.4087,5817.2065,1315.6831,645.21954,-1.0,-1.0,-1.0
2180,618.4815,3165.7935,460.61832,1326.6857,-1.0,-1.0,-1.0
2181,316.63385,1985.4526,2491.3433,139.88464,-1.0,-1.0,-1.0
2182,619.7608,313.55847,418.391,397.92392,-1.0,-1.0,-1.0
2183,335.13467,252.93901,523.1524,1506.599,-1.0,-1.0,-1.0
2184,1139.7426,316.27493,677.6789,2421.2666,-1.0,-1.0,-1.0
2185,438.45517,134.18855,806.074,3702.523,-1.0,-1.0,-1.0
2186,183.55855,227.98695,2019.8317,315.8669,-1.0,-1.0,-1.0
2187,1034.3971,186.4824,204.30385,614.24506,-1.0,-1.0,-1.0
2188,85.26105,1602.191,548.8466,354.73224,-1.0,-1.0,-1.0
2189,236.66037,1845.3105,750.8082,376.7803,-1.0,-1.0,-1.0
2190,501.73315,771.08417,204.84349,138.69954,-1.0,-1.0,-1.0
2191,228.0183,319.53992,94.65199,97.344475,-1.0,-1.0,-1.0
2192,326.14005,1061.2029,1551.8153,238.32584,-1.0,-1.0,-1.0
2193,308.61588,307.39822,423.42105,1130.5514,-1.0,-1.0,-1.0
2194,1880.2018,101.83525,418.7667,6742.152,-1.0,-1.0,-1.0
2195,310.76224,366.71567,54.665493,659.2303,-1.0,-1.0,-1.0
2196,962.42737,505.77362,454.42502,730.78253,-1.0,-1.0,-1.0
2197,230.32625,170.53288,2011.5184,342.85416,-1.0,-1.0,-1.0
2198,365.75797,709.40656,515.9059,223.07628,-1.0,-1.0,-1.0
2199,1274.7133,3589.376,443.31815,395.05316,-1.0,-1.0,-1.0
2200,501.5111,3237.7954,1540.838,1322.3153,836.0833,-1.0,-1.0
2201,422.974,763.73846,933.03894,291.45844,1295.8964,-1.0,-1.0
2202,1034.8728,301.992,1816.7238,1395.6649,374.25443,-1.0,-1.0
2203,143.25865,418.67062,452.63065,417.82877,206.05258,-1.0,-1.0
2204,658.45245,486.9695,117.93478,624.03625,228.11333,-1.0,-1.0
2205,851.6697,562.6801,1317.181,121.96324,175.60655,-1.0,-1.0
2206,1924.0516,577.5101,148.24489,400.47708,1019.6074,-1.0,-1.0
2207,3082.4663,303.81183,677.9282,266.24594,10211.666,-1.0,-1.0
2208,865.8984,346.6551,2248.2024,558.1907,1088.0972,-1.0,-1.0
2209,123.28762,324.54922,369.88116,163.58775,752.3416,-1.0,-1.0
2210,584.1555,544.26495,798.0772,518.48474,1052.0457,-1.0,-1.0
2211,1004.03864,546.96954,289.60483,221.73515,1022.2742,-1.0,-1.0
2212,2768.9204,415.56525,389.2901,624.52747,1395.8774,-1.0,-1.0
2213,404.87656,478.4361,692.2614,408.1638,1594.9465,-1.0,-1.0
2214,1344.9912,4609.4585,204.44643,1245.6722,1333.8478,-1.0,-1.0
2215,5025.278,286.0917,1069.6165,529.57806,1570.9534,-1.0,-1.0
2216,815.76874,1083.1508,300.94238,155.34453,402.7569,-1.0,-1.0
2217,8006.4434,1233.1727,2205.3242,933.7397,9861.965,-1.0,-1.0
2218,1148.5333,623.3068,89-1.09717,1183.6412,2986.5562,-1.0,-1.0
2219,884.2085,179.06354,314.77927,1778.6389,423.66064,-1.0,-1.0
2220,807.0969,609.4405,433.90176,559.3502,479.18066,-1.0,-1.0
2221,1162.2426,416.16974,370.8705,380.16843,290.66513,-1.0,-1.0
2222,810.6362,538.53876,181.7794,1061.7446,379.9137,-1.0,-1.0
2223,885.23846,1063.0157,306.49106,226.43874,5229.053,-1.0,-1.0
2224,615.0221,1457.266,326.4746,1196.266,442.0139,-1.0,-1.0
2225,1269.6927,1173.5656,262.92215,858.01196,1678.3512,-1.0,-1.0
2226,307.74576,337.6038,145.94641,224.03694,324.75186,-1.0,-1.0
2227,76.1219,90.81052,4426.1655,618.2627,572.5447,-1.0,-1.0
2228,370.10968,2056.792,99.568634,2481.5457,722.1827,-1.0,-1.0
2229,3005.016,140.70235,324.55313,206.55544,1439.1699,-1.0,-1.0
2230,508.76102,69.28459,451.82898,195.48814,275.63657,-1.0,-1.0
2231,677.0786,348.10928,1135.2571,801.8039,1019.37445,-1.0,-1.0
2232,628.3411,920.5288,274.48767,106.040115,276.9743,-1.0,-1.0
2233,347.439,1206.7036,599.95465,111.48697,312.26532,-1.0,-1.0
2234,205.98535,1266.9141,533.25555,974.91675,2172.6147,-1.0,-1.0
2235,899.60516,230.67601,2497.2507,319.4261,319.30405,-1.0,-1.0
2236,2087.968,2431.9678,355.08914,1381.5033,475.18445,-1.0,-1.0
2237,662.6806,2276.5361,519.00165,149.71115,4730.374,-1.0,-1.0
2238,781.98126,127.49502,442.39996,1082.9827,536.0326,-1.0,-1.0
2239,4705.8975,224.6883,678.2681,682.7435,530.6278,-1.0,-1.0
2240,242.34879,371.17053,91.41623,647.3547,277.88293,-1.0,-1.0
2241,661.6535,1098.4207,112.14073,946.5202,2072.3264,-1.0,-1.0
2242,4333.6597,578.71906,196.76773,1074.183,415.14853,-1.0,-1.0
2243,247.44281,141.56175,948.2632,438.59482,955.26495,-1.0,-1.0
2244,2088.5,950.31165,2245.3247,222.25446,303.1304,-1.0,-1.0
2245,635.1134,1709.4696,166.41531,577.07446,612.9366,-1.0,-1.0
2246,275.2028,2353.9658,78.829445,89.69677,347.90973,-1.0,-1.0
2247,930.255,1045.6698,368.24377,642.16174,289.4232,-1.0,-1.0
2248,1054.8397,855.4681,364.69803,325.0897,475.389,-1.0,-1.0
2249,190.27467,62-1.0279,487.39856,720.71405,589.1946,-1.0,-1.0
2250,1082.7928,220.16063,697.1258,326.26462,801.936,-1.0,-1.0
2251,350.94925,631.35077,405.58847,3772.8665,483.766,-1.0,-1.0
2252,128.73026,776.06757,721.83514,174.92938,292.54602,-1.0,-1.0
2253,377.07272,374.1943,376.6642,222.86139,393.11227,-1.0,-1.0
2254,1866.0879,157.47743,1402.0021,171.43626,582.6527,-1.0,-1.0
2255,768.54645,151.9766,638.18036,287.44687,1997.7095,-1.0,-1.0
2256,5796.5645,573.7673,124.05188,174.16739,1251.053,-1.0,-1.0
2257,1046.3839,230.40503,244.39722,292.47427,804.7617,-1.0,-1.0
2258,1474.9108,708.0724,1889.3678,428.82004,4379.5776,-1.0,-1.0
2259,1253.774,2289.1626,105.083336,231.97261,357.76028,-1.0,-1.0
2260,861.4944,448.4159,592.48785,439.93063,303.53326,-1.0,-1.0
2261,784.44403,128-1.0231,859.68207,709.567,1510.6635,-1.0,-1.0
2262,981.6183,360.40762,126.97375,1588.1968,1158.6687,-1.0,-1.0
2263,245.25536,98.969215,863.38873,199.45058,279.1463,-1.0,-1.0
2264,2228.33,375.1203,115.3802,600.44324,4234.2246,-1.0,-1.0
2265,333.73566,327.16196,401.17126,410.81467,367.1403,-1.0,-1.0
2266,345.70734,784.5136,151.51567,2161.8254,384.46442,-1.0,-1.0
2267,736.66974,98.5052,3749.3254,182.8591,1183.4795,-1.0,-1.0
2268,1257.7743,938.5609,406.20227,1055.2025,186.10173,-1.0,-1.0
2269,897.9901,234.459,112.882324,1010.7971,286.70724,-1.0,-1.0
2270,399.0774,315.05457,264.5273,69.28751,2930.1577,-1.0,-1.0
2271,315.91544,1052.2603,741.9804,62.88417,1339.1632,-1.0,-1.0
2272,520.82135,400.69748,13-1.00249,224.87059,212.21126,-1.0,-1.0
2273,74.46929,1992.1536,262.18387,518.56244,593.9986,-1.0,-1.0
2274,916.93896,1981.0918,4478.9873,860.8503,1939.3981,-1.0,-1.0
2275,2965.8076,368.46036,1702.8046,154.86623,3621.4497,-1.0,-1.0
2276,452.77448,798.6704,599.6463,1103.6898,255.4078,-1.0,-1.0
2277,874.1383,382.7128,586.8019,432.0472,79.10485,-1.0,-1.0
2278,443.212,517.4847,1403.2941,1696.4191,187.30693,-1.0,-1.0
2279,4542.82,173.62062,1390.7214,99.76575,855.05615,-1.0,-1.0
2280,281.65158,497.51047,478.22055,179.71373,735.79083,-1.0,-1.0
2281,763.38824,1641.7708,125.4485,2597.2085,509.53366,-1.0,-1.0
2282,323.77155,772.4995,521.8963,94.85334,242.23663,-1.0,-1.0
2283,238.91325,140.73363,59.320587,392.5842,4041.5203,-1.0,-1.0
2284,936.6234,154.98863,243.51514,103.09779,4595.203,-1.0,-1.0
2285,3226.0037,330.62234,454.43988,434.48544,1022.0863,-1.0,-1.0
2286,1416.1207,230.36095,1318.5741,351.46826,857.043,-1.0,-1.0
2287,2037.4181,227.6898,1342.2924,195.1988,270.5525,-1.0,-1.0
2288,1362.0957,1348.3556,221.77617,1005.42584,949.2598,-1.0,-1.0
2289,948.1774,285.0215,432.21878,303.8207,713.19806,-1.0,-1.0
2290,307.06415,289.04834,555.6711,311.03455,3742.565,-1.0,-1.0
2291,67.67453,337.5305,227.76726,400.5903,278.15463,-1.0,-1.0
2292,617.25726,2898.3823,327.31693,1896.0643,691.12335,-1.0,-1.0
2293,577.62225,128.88312,1143.9137,336.00278,8828.531,-1.0,-1.0
2294,3936.3967,454.61447,999.65063,347.86194,1274.3799,-1.0,-1.0
2295,1502.7744,1411.0961,748.491,390.495,1275.4904,-1.0,-1.0
2296,296.0092,415.4778,264.70056,342.53738,227.0418,-1.0,-1.0
2297,2326.7402,515.0555,605.8585,651.8378,2742.493,-1.0,-1.0
2298,1081.6707,128.48283,695.9072,784.1517,1212.3068,-1.0,-1.0
2299,2183.384,803.94696,634.2979,234.0135,1537.3555,-1.0,-1.0
2300,317.28873,428.7468,1082.7057,234.93289,260.46735,2260.958,-1.0
2301,288.26395,886.2078,1170.7562,2217.7168,76.304016,254.01357,-1.0
2302,369.56308,480.10104,513.514,821.1294,484.2746,149.55046,-1.0
2303,568.001,1039.1366,775.36127,2686.029,551.6456,302.8358,-1.0
2304,1042.1466,225.66873,733.79,248.63078,1473.6273,3259.1711,-1.0
2305,2182.766,350.64767,285.2662,68-1.0869,151.63683,496.46582,-1.0
2306,51.957188,592.6589,545.72345,2407.129,379.93564,272.5102,-1.0
2307,124.59185,1066.007,2134.8708,178.09114,367.2451,221.80858,-1.0
2308,71-1.08466,225.7068,318.125,951.7026,296.9205,629.17706,-1.0
2309,1459.8849,867.3975,67.61785,2843.7764,179.61183,256.35437,-1.0
2310,1885.542,1394.1832,575.832,749.1971,198.90965,823.8147,-1.0
2311,335.72693,60.16735,325.62265,252.4657,327.38605,464.33038,-1.0
2312,312.93802,742.1805,533.9529,73.60062,1767.971,615.05176,-1.0
2313,690.1677,305.05768,1233.2236,464.7756,258.8393,696.63654,-1.0
2314,1078.9169,462.56332,287.41364,333.29282,160.7389,4727.9375,-1.0
2315,403.0704,927.352,150.14989,4024.8218,2203.3982,185.85597,-1.0
2316,1869.8889,329.9459,109.513626,258.24374,851.5083,755.2365,-1.0
2317,517.56573,400.49744,548.26654,663.22076,95.044556,468.95804,-1.0
2318,158.16403,816.77216,225.15437,60.351696,157.18398,211.50493,-1.0
2319,713.8896,1578.8813,153.9912,294.57678,81.89205,950.7732,-1.0
2320,551.7846,902.016,426.59186,492.05252,3679.3213,1900.1998,-1.0
2321,2109.4346,336.09308,123.00601,426.088,655.8803,3804.894,-1.0
2322,1203.5332,646.5249,165.4709,1489.7728,392.0619,2871.3123,-1.0
2323,113.81447,6971.57,179.8547,807.6715,266.97195,136.86151,-1.0
2324,1056.6749,886.55725,2544.7253,131.95432,755.7469,746.0572,-1.0
2325,1339.4996,74.16481,358.82663,1244.3221,1307.8724,98.117584,-1.0
2326,752.84906,7784.5156,1238.992,1022.1578,144.82434,727.7895,-1.0
2327,1008.2177,1632.2845,121.86472,187.88936,330.1027,291.82047,-1.0
2328,466.5701,3153.5962,313.87137,59.32227,275.23227,869.573,-1.0
2329,1066.9015,250.132,201.14554,661.55133,233.38348,743.3828,-1.0
2330,348.22,335.3895,1592.1897,229.28235,619.1838,142.73236,-1.0
2331,347.9166,415.84378,664.4992,1572.2323,629.78516,158.9339,-1.0
2332,684.0346,587.0105,1426.0448,786.215,541.16376,1284.2074,-1.0
2333,355.58844,225.29764,205.35655,445.4178,687.74243,1294.5002,-1.0
2334,790.56305,747.8392,3872.9976,1578.0554,227.01404,965.5586,-1.0
2335,654.5363,290-1.0615,435.76163,315.30597,545.2859,57.922424,-1.0
2336,192.7683,1023.14685,105.47881,121.43331,549.6662,507.8163,-1.0
2337,449.0773,305.2921,126.28813,87.18231,88.2128,915.3482,-1.0
2338,1169.1027,695.0905,134.97354,205.67412,418.60788,855.8841,-1.0
2339,316.42825,113.97174,396.83792,417.39194,238.08597,343.27264,-1.0
2340,647.3907,360.12845,281.76434,351.0195,234.92932,796.4493,-1.0
2341,721.36615,625.16205,614.2861,304.04614,77.01031,289.37265,-1.0
2342,1761.2235,1877.0343,287.72565,3269.5085,213.50516,579.6714,-1.0
2343,156.31966,794.4045,215.49275,202.70525,540.6272,295.87436,-1.0
2344,463.40704,461.56027,2040.3232,1407.4841,958.6855,650.257,-1.0
2345,1093.8896,352.87668,5594.113,124.31575,831.5772,363.38983,-1.0
2346,898.49646,344.39658,275.3671,467.22635,367.58823,2154.6243,-1.0
2347,222.51889,518.832,105.3555,890.7688,81.13879,115.42433,-1.0
2348,1119.8271,339.70752,365.36862,283.81613,1421.5194,4279.7646,-1.0
2349,11183.674,270.47574,591.2122,185.60335,263.1159,3531.7434,-1.0
2350,1408.7142,267.0799,1359.9208,294.74698,368.15344,344.50192,-1.0
2351,679.4803,270.135,495.53546,743.53174,121.91694,899.5761,-1.0
2352,379.72452,267.51102,306.6953,374.2994,3882.7522,366.52356,-1.0
2353,513.8409,287.44992,340.38037,1421.4198,326.45007,270.55402,-1.0
2354,1553.2096,995.58527,307.73117,2245.6511,572.20514,505.2814,-1.0
2355,833.05176,2354.2778,410.83286,213.02827,473.0571,1409.0431,-1.0
2356,330.20493,3010.334,1108.5709,116.79239,618.9719,472.41013,-1.0
2357,2231.0881,169.78374,228.11935,202.13954,121.3351,1631.0476,-1.0
2358,368.53867,1926.8087,253.73589,511.33737,500.91898,536.5663,-1.0
2359,711.0154,624.3022,1201.0433,165.73907,439.62488,62.14393,-1.0
2360,454.15134,1039.9105,433.98816,294.28842,514.05615,366.8697,-1.0
2361,1268.6176,365.40598,432.204,369.55984,571.32025,427.87076,-1.0
2362,66.030205,600.6209,379.2281,610.70917,403.13126,211.36835,-1.0
2363,1023.06757,1438.4406,587.60785,552.63934,5456.8066,2486.4932,-1.0
2364,1080.8934,962.4731,744.5223,97.326584,521.4942,470.5298,-1.0
2365,384.86234,820.3404,125.010414,1980.6682,269.1512,2525.9512,-1.0
2366,698.60516,1032.476,407.66956,471.61804,536.84204,766.15564,-1.0
2367,834.8936,490.16922,2862.2217,262.39,3303.7412,1725.7684,-1.0
2368,1014.96686,1078.4231,1027.4242,291.44223,439.6799,654.68475,-1.0
2369,1071.994,1604.6533,309.14316,921.5485,112.46891,717.5176,-1.0
2370,855.84094,71-1.07794,631.52924,2292.5664,489.30057,299.00714,-1.0
2371,340.51346,2308.7114,514.50055,121.60712,946.59753,1923.9246,-1.0
2372,1346.1486,2948.2432,864.89545,51-1.0093,625.76086,183.51413,-1.0
2373,645.86896,733.5529,1468.8057,247.43999,522.0645,756.0397,-1.0
2374,4146.686,445.24466,1188.8751,293.64114,182.45901,1123.1099,-1.0
2375,371.21722,1189.6234,947.13727,443.3024,425.14108,416.90155,-1.0
2376,1505.0454,1107.2031,1949.0895,369.07324,291.43494,176.08228,-1.0
2377,173.24304,922.60565,511.89542,359.11942,170.86751,642.24384,-1.0
2378,642.9963,2632.872,371.07584,757.2053,236.46518,447.86243,-1.0
2379,351.13876,236.50351,12-1.09858,279.04163,719.404,253.86711,-1.0
2380,379.14032,618.4371,386.32968,428.9989,111.84912,720.34033,-1.0
2381,378.0848,4468.2163,573.0506,871.70233,1376.3661,176.8073,-1.0
2382,1037.6746,1844.373,1314.1224,50-1.01144,1337.1779,739.152,-1.0
2383,173.01448,690.5904,722.20795,798.5867,196.84348,169.65097,-1.0
2384,291.22336,586-1.096,58.82695,1830.6908,524.6014,272.6393,-1.0
2385,894.0284,402.11295,510.3749,322.30545,65-1.06274,5577.201,-1.0
2386,232.20583,1402.8778,1557.8179,256.35538,297.68185,61.021244,-1.0
2387,1003.0234,839.20166,476.53342,59.499928,976.147,2282.765,-1.0
2388,213.52792,281.64404,415.09445,587.16046,146.12003,1379.0085,-1.0
2389,1494.7391,178.4594,508.2621,538.40326,112.88791,1536.5336,-1.0
2390,1611.2736,1568.7444,97.91933,429.03555,81.18768,243.92479,-1.0
2391,216.27368,962.85223,737.68243,457.5132,5039.2983,188.56616,-1.0
2392,280.76535,488.27145,461.81497,231.21826,493.8957,415.81335,-1.0
2393,461.71652,768.92206,90.83687,931.8034,107.96052,119.0236,-1.0
2394,458.21857,348.99826,158.64372,144.63985,2173.9287,1143.2609,-1.0
2395,1017.9916,169.34233,615.52277,514.39703,182.86423,1656.6827,-1.0
2396,922.59845,512.9961,1107.8854,98.751656,368.34665,2436.0247,-1.0
2397,2591.8765,303.92316,1115.4657,642.1714,189.97012,311.74924,-1.0
2398,1081.3672,986.76935,439.5466,691.5566,362.8745,924.4255,-1.0
2399,166.21657,1734.4137,1818.5702,240.72064,85.87705,595.06085,-1.0
2400,108.13162,127.433174,1170.514,458.5865,1161.1953,315.38364,2004.4055
2401,7014.4243,741.7107,658.03925,568.40466,2834.566,317.7244,203.1124
2402,1851.8341,653.4624,368.6506,921.7358,137.43518,79.06945,141.00893
2403,462.40445,213.90538,1390.1604,78.474434,482.93988,1248.2869,751.6501
2404,1763.6198,357.0911,262.89902,209.86334,1457.8677,124.884636,1988.3419
2405,454.93906,82.25285,1223.1703,868.46796,234.9196,960.6977,576.4423
2406,1583.8351,648.1141,2730.2363,116.25649,539.6025,284.8668,216.94928
2407,461.67487,1423.1606,379.60196,457.15387,174.81435,187.58693,390.51932
2408,642.1303,257.28806,2930.292,226.3452,283.7942,1385.464,1946.1906
2409,2266.2708,134.38737,387.59128,878.29517,267.71866,451.7151,666.2784
2410,2380.1665,85.72233,148.4095,108.89796,262.89194,693.7639,191.47473
2411,716.17,331.189,3990.2397,296.1956,456.4887,415.87747,103.898026
2412,394.99493,552.88477,111.34943,441.8884,260.94757,553.8031,296.5261
2413,469.8205,162.45747,183.01251,154.00383,681.15265,329.90723,486.8066
2414,803.706,1093.8507,677.9275,876.0636,628.70306,526.3608,595.777
2415,526.00073,7262.0083,499.6285,416.72153,254.66943,81.1062,251.6679
2416,540.3112,695.92706,162.533,319.81985,1699.6299,129.84805,584.64526
2417,267.94824,384.57693,1536.7506,216.95055,164.51654,142.5372,1140.4507
2418,3622.2437,65.2956,277.618,791.90405,268.75043,330.57175,2279.2014
2419,645.9909,5357.2715,169.73091,928.9242,507.99313,131.98701,495.66522
2420,371.58524,1235.843,596.3431,299.16794,2677.91,101.37516,2558.0583
2421,2075.982,112.670654,391.97467,1896.2289,62.414146,300.92065,67.50946
2422,525.7459,2251.0576,2940.7632,235.35194,78.207214,1488.6617,2991.8318
2423,409.53574,273.37357,106.73399,585.3319,298.07166,158.00194,440.3269
2424,454.85422,478.4902,217.1105,1675.8763,494.25534,360.7741,559.6883
2425,1374.2028,52.869175,1618.4017,395.75876,170.21497,4221.274,615.1849
2426,660.9226,697.99854,218.02228,700.9864,179.38518,1846.3135,5820.1733
2427,711.3354,695.57996,727.9589,220.93718,702.9109,578.53864,2749.0347
2428,96.685974,858.40796,328.0618,535.82184,191.05513,2465.6187,479.67218
2429,597.88306,962.62573,445.0676,1190.7544,1051.5321,824.3661,642.9839
2430,196.25078,765.55786,1013.4056,309.93582,407.51138,396.52133,856.8147
2431,720.6043,3840.329,923.7378,1064.3525,228.40965,612.4665,1531.7316
2432,394.5947,7379.4385,179.94182,191.20403,356.58688,341.36902,348.6643
2433,719.92316,332.49542,343.23862,2194.0552,1103.2539,427.36362,187.66975
2434,152.4493,920.14636,73.3658,312.18686,302.8043,2003.5868,550.7071
2435,1070.4088,1115.8383,405.5471,688.9998,1130.569,369.23715,620.8656
2436,88.71405,542.1508,1580.5256,180.4326,204.30809,430.4296,2334.577
2437,741.70026,230.2892,2202.1997,832.03253,1105.1233,891.4731,1113.172
2438,2435.8206,1439.6964,143.4088,629.0765,315.1745,372.10425,348.4738
2439,59.951336,408.23688,295.58157,831.3902,285.68866,2752.6426,416.26147
2440,524.5031,125.792145,149.83589,726.1724,677.35205,275.81424,2323.8767
2441,1960.9357,209.45605,397.882,242.66463,427.6818,247.76944,4852.1494
2442,2032.2054,328.05746,418.8815,2306.3862,134.01802,306.15244,428.0348
2443,360.6037,186.32985,1157.7806,201.4334,1135.415,304.16623,554.9611
2444,675.82513,1623.2689,135.53381,1284.3483,3914.3013,320.1159,404.10458
2445,484.64462,65.834015,259.7739,108.3375,4844.0015,551.06915,1257.6025
2446,697.7891,693.06647,1122.7753,2056.8396,382.62836,405.41974,1660.2811
2447,206.5092,295.345,1180.3822,315.47397,2007.778,601.26,144.67989
2448,1536.8899,320.27347,114.546745,792.93243,66.06967,2670.2678,1208.265
2449,402.158,501.88995,211.53076,1351.5463,275.2185,277.81903,367.2642
2450,708.13525,453.73288,91.17422,319.2474,613.49695,227.42033,1326.433
2451,224.73721,985.98016,726.1512,930.9165,859.2943,467.4522,578.30945
2452,1827.2555,418.1258,935.46783,606.76874,272.44937,323.78635,694.4502
2453,675.19403,767.4592,389.63278,1948.6619,125.06542,264.6244,767.62396
2454,765.9888,167.07378,2236.9673,103.66162,590.5374,778.9566,152.2551
2455,134.32874,183.4163,677.26654,261.9918,215.5358,196.50685,82.13852
2456,887.87885,143.83817,95.94519,850.96466,1454.4983,589.2459,404.05884
2457,552.63226,2378.3184,155.35236,449.08524,1398.3612,421.41824,376.58176
2458,2900.7146,316.9299,301.00208,348.9373,133.2618,700.8324,132.80356
2459,4208.848,969.2412,924.7046,618.89764,313.76938,237.03943,546.244
2460,1587.1315,1318.617,1167.3002,566.1101,117.01917,328.01498,231.83116
2461,232.21002,494.2475,690.55316,7072.1753,352.6695,2930.2283,453.20633
2462,969.9831,351.96008,123.046646,416.50244,481.27072,139.55635,2493.4412
2463,560.63055,1959.9303,1006.8669,80.80954,2137.4385,1198.7281,395.59705
2464,1131.8628,290.15524,330.2747,174.7375,451.45898,204.2978,588.8091
2465,195.22458,279.76767,171.71938,171.73155,356.68048,574.6215,281.80084
2466,5523.0117,256.81973,876.9675,988.5926,2556.2483,1486.8262,447.22565
2467,560.40765,357.06943,3347.0986,777.49945,423.45825,582.4223,356.63464
2468,1925.2518,503.28018,1469.6942,559.4734,248.85287,579.5759,781.1161
2469,8631.958,1091.1202,217.47476,886.28534,721.2611,2834.9182,974.5704
2470,1460.6218,124.405815,280.22797,258.22003,273.70926,445.9927,861.06824
2471,521.593,428.3203,445.36984,1468.7186,349.13208,433.31482,1390.8135
2472,60.443604,3527.042,190.3922,805.1995,318.4888,476.01056,758.5386
2473,192.3527,813.1241,1054.1224,95.62313,427.4568,605.29926,615.44006
2474,115.42639,1532.7971,384.219,591.1171,286.67703,168.93126,259.72452
2475,1807.0138,199.73366,710.1556,715.3842,155.8743,235.18918,120.161385
2476,152.27429,734.9268,797.48004,491.46082,285.7617,726.6978,441.83252
2477,365.01212,84.38959,1368.7572,262.50455,981.46277,333.14905,518.5466
2478,1286.0848,648.6761,1139.3041,826.01483,644.11206,56.82213,1646.4009
2479,948.90643,2118.0999,171.31755,2508.1118,252.82996,63.012726,425.97263
2480,624.91486,622.4255,175.95851,158.46767,298.52377,368.61566,320.9597
2481,1264.6685,1548.2914,487.53534,73.36429,1762.2468,378.56015,370.47977
2482,122.468315,8183.099,128.85835,1014.1031,258.07196,882.5576,190.9952
2483,206.98851,128.9375,1302.7634,1115.1692,126.41754,1099.0831,758.05255
2484,292.6414,970.702,223.95729,618.56396,95.88767,1327.6818,5448.9062
2485,97.08695,966.15265,457.43716,212.04692,1812.0361,325.16663,857.6892
2486,1497.393,292.58884,750.79004,1151.5082,172.37866,445.16806,621.87305
2487,545.1867,1226.882,428.9167,364.6697,510.69452,130.42468,749.3173
2488,253.18402,344.0644,2135.406,616.4072,1062.0848,1162.4052,190.75813
2489,1210.1844,1179.6969,501.71576,568.2411,323.01157,348.67334,853.9495
2490,237.9404,349.55948,5803.0703,170.54955,277.54974,471.2817,344.7632
2491,2728.7388,7256.5513,119.56889,699.941,322.2432,592.168,602.58167
2492,1010.76263,252.89607,3774.4036,430.95993,236.9303,351.10477,258.8678
2493,1877.3608,2490.6763,1749.0099,1045.9738,313.44235,631.44806,218.8209
2494,249.15263,131.13568,796.0549,212.95328,714.47327,564.48175,129.87933
2495,638.95654,225.6133,320.9889,1085.3268,542.5405,173.60272,190.9461
2496,455.39502,2978.04,485.23288,852.40436,864.0494,279.37137,386.99814
2497,455.3576,248.17746,523.3109,714.851,2488.263,578.414,497.20773
2498,506.81833,244.33018,1995.8284,11-1.021286,174.12236,571.5974,5402.742
2499,2217.8784,461.1102,336.57254,303.36478,349.8375,197.82054,1500.95
